{"type": "FeatureCollection", "features": [{"type": "Feature", "properties": {"state": "New South Wales", "code": "NSW", "city": "Sydney", "grocery_index": 103.5, "weekly": 63.15}, "geometry": {"type": "MultiPolygon", "coordinates": [[[[159.11, -31.56], [159.1, -31.56], [159.1, -31.57], [159.09, -31.57], [159.07, -31.6], [159.08, -31.54], [159.06, -31.52], [159.04, -31.52], [159.04, -31.51], [159.06, -31.51], [159.06, -31.52], [159.08, -31.53], [159.08, -31.54], [159.09, -31.55], [159.11, -31.56]]], [[[151.15, -33.82], [151.14, -33.83], [151.17, -33.84], [151.18, -33.84], [151.17, -33.84], [151.14, -33.84], [151.15, -33.84], [151.13, -33.84], [151.11, -33.83], [151.11, -33.84], [151.09, -33.82], [151.07, -33.82], [151.05, -33.82], [151.08, -33.82], [151.08, -33.83], [151.08, -33.85], [151.08, -33.83], [151.09, -33.82], [151.09, -33.83], [151.1, -33.83], [151.09, -33.84], [151.1, -33.84], [151.1, -33.83], [151.12, -33.84], [151.11, -33.85], [151.12, -33.86], [151.13, -33.86], [151.12, -33.85], [151.13, -33.84], [151.14, -33.85], [151.15, -33.85], [151.14, -33.84], [151.15, -33.84], [151.16, -33.86], [151.14, -33.86], [151.15, -33.87], [151.14, -33.87], [151.15, -33.87], [151.19, -33.85], [151.18, -33.85], [151.2, -33.86], [151.17, -33.87], [151.19, -33.88], [151.19, -33.87], [151.19, -33.86], [151.2, -33.87], [151.2, -33.86], [151.21, -33.85], [151.21, -33.86], [151.22, -33.86], [151.22, -33.87], [151.23, -33.86], [151.23, -33.87], [151.24, -33.87], [151.25, -33.87], [151.25, -33.86], [151.25, -33.87], [151.27, -33.87], [151.26, -33.85], [151.28, -33.85], [151.28, -33.83], [151.29, -33.85], [151.29, -33.89], [151.27, -33.89], [151.27, -33.91], [151.26, -33.92], [151.27, -33.94], [151.26, -33.95], [151.27, -33.97], [151.25, -33.96], [151.26, -33.98], [151.25, -33.98], [151.25, -34.0], [151.23, -33.99], [151.23, -33.98], [151.21, -33.98], [151.22, -33.97], [151.21, -33.97], [151.21, -33.96], [151.19, -33.95], [151.19, -33.97], [151.19, -33.95], [151.18, -33.97], [151.17, -33.95], [151.14, -34.0], [151.12, -34.0], [151.13, -33.98], [151.12, -33.99], [151.11, -34.01], [151.12, -34.01], [151.11, -34.01], [151.11, -34.02], [151.13, -34.01], [151.14, -34.04], [151.16, -34.03], [151.14, -34.01], [151.16, -34.01], [151.16, -34.0], [151.18, -34.01], [151.16, -34.01], [151.16, -34.02], [151.2, -34.02], [151.21, -34.01], [151.19, -34.01], [151.22, -34.0], [151.23, -34.01], [151.23, -34.03], [151.21, -34.04], [151.19, -34.03], [151.17, -34.04], [151.16, -34.05], [151.15, -34.07], [151.15, -34.05], [151.14, -34.07], [151.13, -34.06], [151.13, -34.07], [151.11, -34.07], [151.11, -34.06], [151.11, -34.04], [151.1, -34.06], [151.1, -34.05], [151.09, -34.06], [151.08, -34.05], [151.09, -34.06], [151.09, -34.07], [151.06, -34.06], [151.06, -34.07], [151.06, -34.06], [151.09, -34.07], [151.1, -34.06], [151.1, -34.07], [151.11, -34.08], [151.08, -34.09], [151.1, -34.09], [151.11, -34.08], [151.13, -34.08], [151.12, -34.09], [151.14, -34.08], [151.13, -34.07], [151.14, -34.08], [151.15, -34.08], [151.17, -34.07], [151.17, -34.09], [151.15, -34.12], [151.14, -34.12], [151.13, -34.14], [151.12, -34.14], [151.11, -34.15], [151.05, -34.19], [150.99, -34.23], [150.93, -34.32], [150.92, -34.33], [150.93, -34.33], [150.92, -34.36], [150.93, -34.37], [150.9, -34.41], [150.9, -34.42], [150.91, -34.42], [150.9, -34.43], [150.9, -34.46], [150.91, -34.46], [150.9, -34.46], [150.89, -34.45], [150.88, -34.46], [150.91, -34.48], [150.91, -34.46], [150.92, -34.49], [150.91, -34.49], [150.89, -34.51], [150.87, -34.54], [150.86, -34.53], [150.87, -34.5], [150.89, -34.5], [150.89, -34.49], [150.83, -34.49], [150.84, -34.5], [150.81, -34.51], [150.82, -34.52], [150.81, -34.52], [150.81, -34.53], [150.8, -34.55], [150.81, -34.55], [150.8, -34.56], [150.82, -34.55], [150.83, -34.56], [150.84, -34.54], [150.86, -34.54], [150.87, -34.54], [150.87, -34.57], [150.88, -34.58], [150.88, -34.59], [150.9, -34.6], [150.89, -34.6], [150.88, -34.61], [150.87, -34.6], [150.86, -34.61], [150.86, -34.63], [150.86, -34.65], [150.87, -34.65], [150.85, -34.66], [150.86, -34.67], [150.86, -34.68], [150.86, -34.69], [150.83, -34.74], [150.84, -34.75], [150.82, -34.77], [150.83, -34.78], [150.81, -34.77], [150.78, -34.79], [150.76, -34.82], [150.75, -34.86], [150.75, -34.89], [150.76, -34.9], [150.77, -34.9], [150.77, -34.93], [150.79, -34.93], [150.78, -34.95], [150.78, -34.99], [150.81, -35.01], [150.82, -35.01], [150.83, -35.0], [150.85, -35.01], [150.83, -35.04], [150.84, -35.05], [150.83, -35.07], [150.81, -35.09], [150.79, -35.07], [150.78, -35.08], [150.78, -35.05], [150.79, -35.04], [150.77, -35.02], [150.78, -35.0], [150.75, -34.99], [150.73, -35.0], [150.73, -35.01], [150.69, -35.01], [150.67, -35.04], [150.68, -35.05], [150.68, -35.07], [150.7, -35.07], [150.69, -35.08], [150.7, -35.12], [150.66, -35.12], [150.66, -35.11], [150.65, -35.1], [150.64, -35.12], [150.61, -35.12], [150.62, -35.11], [150.6, -35.1], [150.59, -35.09], [150.58, -35.09], [150.58, -35.1], [150.56, -35.09], [150.55, -35.1], [150.57, -35.1], [150.57, -35.11], [150.54, -35.12], [150.57, -35.12], [150.57, -35.13], [150.59, -35.12], [150.6, -35.13], [150.59, -35.14], [150.61, -35.16], [150.6, -35.17], [150.59, -35.17], [150.6, -35.19], [150.57, -35.19], [150.54, -35.22], [150.53, -35.24], [150.55, -35.25], [150.48, -35.29], [150.47, -35.32], [150.49, -35.32], [150.48, -35.33], [150.48, -35.35], [150.49, -35.35], [150.47, -35.36], [150.49, -35.37], [150.48, -35.37], [150.45, -35.39], [150.45, -35.41], [150.42, -35.42], [150.41, -35.44], [150.42, -35.45], [150.41, -35.45], [150.4, -35.46], [150.39, -35.46], [150.39, -35.5], [150.4, -35.51], [150.41, -35.53], [150.4, -35.53], [150.39, -35.55], [150.39, -35.56], [150.38, -35.56], [150.38, -35.57], [150.36, -35.57], [150.35, -35.59], [150.34, -35.6], [150.35, -35.6], [150.32, -35.61], [150.33, -35.64], [150.31, -35.64], [150.3, -35.65], [150.3, -35.66], [150.31, -35.67], [150.3, -35.68], [150.31, -35.69], [150.3, -35.68], [150.3, -35.7], [150.28, -35.7], [150.28, -35.72], [150.27, -35.72], [150.27, -35.73], [150.26, -35.72], [150.25, -35.72], [150.25, -35.71], [150.23, -35.7], [150.21, -35.71], [150.21, -35.7], [150.18, -35.7], [150.21, -35.74], [150.21, -35.76], [150.23, -35.77], [150.24, -35.79], [150.23, -35.8], [150.24, -35.8], [150.22, -35.81], [150.23, -35.82], [150.22, -35.83], [150.24, -35.84], [150.22, -35.83], [150.21, -35.84], [150.2, -35.83], [150.19, -35.83], [150.19, -35.84], [150.18, -35.85], [150.19, -35.86], [150.17, -35.86], [150.15, -35.89], [150.15, -35.91], [150.16, -35.91], [150.16, -35.95], [150.15, -35.98], [150.15, -35.99], [150.16, -35.99], [150.16, -36.01], [150.15, -36.03], [150.14, -36.06], [150.13, -36.07], [150.13, -36.09], [150.14, -36.09], [150.12, -36.14], [150.13, -36.16], [150.14, -36.17], [150.13, -36.2], [150.14, -36.22], [150.15, -36.27], [150.13, -36.29], [150.14, -36.3], [150.09, -36.35], [150.07, -36.4], [150.07, -36.42], [150.08, -36.43], [150.05, -36.49], [150.06, -36.51], [150.06, -36.54], [150.07, -36.55], [150.06, -36.57], [150.06, -36.58], [150.04, -36.59], [150.0, -36.67], [150.0, -36.69], [149.99, -36.69], [150.0, -36.69], [149.98, -36.7], [149.98, -36.72], [149.99, -36.73], [149.98, -36.74], [149.98, -36.77], [149.94, -36.81], [149.93, -36.84], [149.95, -36.86], [149.94, -36.86], [149.93, -36.87], [149.94, -36.88], [149.93, -36.89], [149.94, -36.9], [149.92, -36.9], [149.9, -36.91], [149.91, -36.94], [149.95, -36.95], [149.93, -36.96], [149.93, -36.99], [149.93, -37.01], [149.95, -37.02], [149.94, -37.03], [149.94, -37.05], [149.92, -37.05], [149.91, -37.06], [149.91, -37.08], [149.9, -37.07], [149.87, -37.08], [149.88, -37.1], [149.89, -37.1], [149.91, -37.11], [149.93, -37.11], [149.93, -37.1], [149.95, -37.1], [149.95, -37.11], [149.97, -37.12], [149.97, -37.13], [149.99, -37.14], [150.0, -37.14], [150.01, -37.16], [150.0, -37.17], [150.02, -37.19], [150.02, -37.2], [150.02, -37.21], [150.01, -37.21], [150.03, -37.22], [150.03, -37.24], [150.05, -37.26], [150.01, -37.26], [149.99, -37.24], [149.97, -37.25], [149.94, -37.28], [149.95, -37.3], [149.97, -37.31], [149.97, -37.33], [149.95, -37.37], [149.96, -37.42], [149.98, -37.45], [149.98, -37.51], [148.19, -36.8], [148.18, -36.8], [148.16, -36.79], [148.13, -36.8], [148.12, -36.81], [148.11, -36.8], [148.1, -36.79], [148.13, -36.76], [148.12, -36.76], [148.13, -36.75], [148.14, -36.74], [148.13, -36.73], [148.17, -36.71], [148.21, -36.65], [148.22, -36.62], [148.21, -36.61], [148.2, -36.61], [148.22, -36.6], [148.21, -36.59], [148.19, -36.58], [148.17, -36.57], [148.16, -36.58], [148.15, -36.56], [148.13, -36.57], [148.12, -36.55], [148.14, -36.53], [148.12, -36.5], [148.13, -36.49], [148.12, -36.48], [148.12, -36.46], [148.09, -36.45], [148.08, -36.42], [148.06, -36.42], [148.06, -36.4], [148.04, -36.39], [148.05, -36.37], [148.04, -36.37], [148.05, -36.36], [148.06, -36.33], [148.05, -36.32], [148.06, -36.32], [148.04, -36.31], [148.04, -36.3], [148.04, -36.29], [148.04, -36.28], [148.03, -36.28], [148.03, -36.27], [148.04, -36.26], [148.03, -36.25], [148.03, -36.23], [148.03, -36.22], [148.04, -36.21], [148.02, -36.18], [148.03, -36.16], [148.02, -36.15], [148.04, -36.15], [148.04, -36.14], [148.0, -36.14], [148.0, -36.12], [147.99, -36.12], [148.0, -36.12], [147.99, -36.11], [148.0, -36.1], [147.98, -36.09], [147.98, -36.08], [147.99, -36.08], [147.99, -36.07], [148.0, -36.05], [147.99, -36.05], [147.98, -36.04], [147.97, -36.05], [147.97, -36.04], [147.96, -36.05], [147.96, -36.04], [147.93, -36.05], [147.92, -36.04], [147.93, -36.04], [147.91, -36.03], [147.92, -36.01], [147.91, -36.0], [147.9, -35.99], [147.9, -36.0], [147.88, -36.0], [147.87, -35.99], [147.82, -35.98], [147.81, -35.97], [147.78, -35.97], [147.77, -35.96], [147.74, -35.96], [147.72, -35.95], [147.71, -35.93], [147.68, -35.94], [147.65, -35.95], [147.64, -35.96], [147.6, -35.98], [147.59, -35.97], [147.55, -35.96], [147.55, -35.98], [147.56, -35.97], [147.58, -35.98], [147.55, -36.0], [147.52, -35.99], [147.51, -35.98], [147.53, -35.96], [147.51, -35.96], [147.49, -35.94], [147.48, -35.95], [147.48, -35.94], [147.46, -35.94], [147.45, -35.96], [147.4, -35.94], [147.39, -35.95], [147.39, -35.97], [147.38, -35.97], [147.36, -35.99], [147.36, -36.01], [147.35, -36.02], [147.35, -36.03], [147.32, -36.06], [147.29, -36.04], [147.24, -36.04], [147.21, -36.05], [147.16, -36.03], [147.14, -36.04], [147.13, -36.02], [147.12, -35.99], [147.11, -36.0], [147.12, -36.01], [147.11, -36.0], [147.11, -36.01], [147.1, -36.01], [147.11, -36.02], [147.1, -36.02], [147.1, -36.03], [147.09, -36.03], [147.1, -36.03], [147.1, -36.05], [147.09, -36.04], [147.1, -36.05], [147.09, -36.05], [147.06, -36.07], [147.05, -36.11], [147.04, -36.1], [147.03, -36.12], [147.02, -36.1], [147.01, -36.1], [147.02, -36.09], [147.01, -36.09], [147.01, -36.08], [146.98, -36.09], [146.97, -36.08], [146.96, -36.08], [146.95, -36.11], [146.94, -36.12], [146.93, -36.1], [146.92, -36.11], [146.91, -36.11], [146.91, -36.08], [146.88, -36.09], [146.87, -36.07], [146.86, -36.07], [146.86, -36.08], [146.84, -36.08], [146.83, -36.09], [146.83, -36.07], [146.82, -36.07], [146.8, -36.06], [146.79, -36.06], [146.8, -36.07], [146.76, -36.06], [146.76, -36.05], [146.75, -36.06], [146.75, -36.04], [146.73, -36.04], [146.73, -36.02], [146.71, -36.03], [146.71, -36.04], [146.69, -36.03], [146.7, -36.03], [146.69, -36.04], [146.68, -36.03], [146.68, -36.02], [146.66, -36.03], [146.65, -36.02], [146.66, -36.01], [146.65, -36.01], [146.61, -36.0], [146.61, -35.99], [146.62, -35.98], [146.61, -35.97], [146.58, -35.97], [146.58, -35.98], [146.56, -35.98], [146.55, -35.98], [146.56, -35.99], [146.55, -35.99], [146.53, -35.98], [146.52, -35.96], [146.5, -35.96], [146.5, -35.98], [146.49, -35.99], [146.5, -35.98], [146.5, -35.99], [146.47, -35.98], [146.45, -35.96], [146.44, -35.98], [146.44, -35.97], [146.42, -35.97], [146.43, -35.97], [146.4, -35.99], [146.4, -36.01], [146.38, -36.01], [146.38, -36.03], [146.39, -36.04], [146.37, -36.05], [146.34, -36.03], [146.33, -36.03], [146.33, -36.04], [146.32, -36.04], [146.31, -36.05], [146.3, -36.04], [146.3, -36.05], [146.29, -36.04], [146.28, -36.04], [146.29, -36.03], [146.28, -36.03], [146.29, -36.02], [146.28, -36.02], [146.28, -36.01], [146.27, -36.03], [146.26, -36.01], [146.24, -36.02], [146.25, -36.02], [146.24, -36.02], [146.24, -36.03], [146.22, -36.03], [146.21, -36.04], [146.21, -36.03], [146.2, -36.04], [146.2, -36.03], [146.19, -36.04], [146.17, -36.02], [146.15, -36.03], [146.15, -36.01], [146.13, -36.02], [146.13, -36.01], [146.14, -36.01], [146.13, -36.0], [146.12, -36.02], [146.11, -36.01], [146.09, -36.01], [146.09, -36.02], [146.08, -36.02], [146.07, -36.01], [146.06, -36.01], [146.05, -36.0], [146.03, -35.99], [146.02, -36.01], [146.01, -36.0], [145.97, -36.02], [145.97, -36.01], [145.96, -36.01], [145.96, -36.0], [145.95, -35.98], [145.94, -35.97], [145.95, -35.96], [145.93, -35.97], [145.93, -35.96], [145.9, -35.97], [145.9, -35.96], [145.91, -35.96], [145.9, -35.95], [145.85, -35.96], [145.85, -35.97], [145.86, -35.97], [145.85, -35.97], [145.85, -35.98], [145.84, -35.98], [145.83, -35.98], [145.81, -35.98], [145.82, -35.99], [145.81, -35.99], [145.81, -35.98], [145.79, -35.98], [145.79, -35.97], [145.78, -35.97], [145.78, -35.96], [145.75, -35.96], [145.73, -35.96], [145.73, -35.95], [145.72, -35.95], [145.73, -35.94], [145.72, -35.93], [145.7, -35.94], [145.7, -35.93], [145.7, -35.92], [145.69, -35.93], [145.67, -35.93], [145.68, -35.92], [145.67, -35.92], [145.66, -35.9], [145.64, -35.89], [145.63, -35.88], [145.62, -35.88], [145.63, -35.88], [145.61, -35.87], [145.63, -35.87], [145.63, -35.86], [145.6, -35.87], [145.61, -35.87], [145.6, -35.88], [145.6, -35.86], [145.59, -35.86], [145.59, -35.85], [145.56, -35.83], [145.57, -35.83], [145.56, -35.83], [145.56, -35.81], [145.55, -35.81], [145.54, -35.82], [145.54, -35.81], [145.54, -35.8], [145.52, -35.82], [145.5, -35.81], [145.49, -35.82], [145.47, -35.81], [145.46, -35.83], [145.45, -35.82], [145.44, -35.84], [145.41, -35.83], [145.41, -35.85], [145.39, -35.85], [145.36, -35.87], [145.32, -35.85], [145.3, -35.86], [145.27, -35.85], [145.26, -35.85], [145.26, -35.84], [145.25, -35.83], [145.23, -35.83], [145.22, -35.84], [145.19, -35.83], [145.18, -35.84], [145.15, -35.84], [145.16, -35.83], [145.14, -35.83], [145.13, -35.82], [145.13, -35.83], [145.11, -35.82], [145.09, -35.84], [145.09, -35.83], [145.06, -35.84], [145.05, -35.83], [145.02, -35.86], [144.99, -35.85], [144.99, -35.86], [144.97, -35.87], [144.97, -35.88], [144.95, -35.93], [144.96, -35.96], [144.93, -35.97], [144.92, -35.99], [144.95, -36.0], [144.95, -36.01], [144.96, -36.02], [144.97, -36.04], [144.99, -36.06], [144.98, -36.07], [144.95, -36.08], [144.93, -36.07], [144.86, -36.06], [144.86, -36.07], [144.85, -36.07], [144.85, -36.08], [144.84, -36.08], [144.84, -36.1], [144.82, -36.11], [144.81, -36.1], [144.82, -36.11], [144.81, -36.11], [144.81, -36.12], [144.79, -36.12], [144.78, -36.13], [144.77, -36.12], [144.75, -36.12], [144.74, -36.11], [144.73, -36.12], [144.72, -36.11], [144.73, -36.09], [144.72, -36.09], [144.71, -36.09], [144.7, -36.09], [144.68, -36.1], [144.69, -36.06], [144.67, -36.07], [144.66, -36.08], [144.66, -36.07], [144.65, -36.08], [144.65, -36.05], [144.64, -36.06], [144.63, -36.05], [144.62, -36.05], [144.63, -36.06], [144.62, -36.06], [144.63, -36.07], [144.62, -36.08], [144.61, -36.06], [144.62, -36.05], [144.62, -36.03], [144.61, -36.04], [144.6, -36.04], [144.59, -36.04], [144.58, -36.04], [144.59, -36.03], [144.57, -36.02], [144.56, -36.01], [144.55, -36.0], [144.52, -36.0], [144.51, -35.99], [144.52, -35.97], [144.51, -35.97], [144.5, -35.97], [144.5, -35.96], [144.49, -35.97], [144.49, -35.96], [144.48, -35.96], [144.49, -35.95], [144.48, -35.95], [144.47, -35.95], [144.47, -35.94], [144.46, -35.94], [144.47, -35.93], [144.46, -35.94], [144.45, -35.94], [144.43, -35.92], [144.42, -35.91], [144.42, -35.9], [144.41, -35.9], [144.42, -35.89], [144.4, -35.88], [144.41, -35.87], [144.4, -35.87], [144.41, -35.86], [144.4, -35.86], [144.39, -35.86], [144.39, -35.85], [144.38, -35.85], [144.38, -35.84], [144.37, -35.84], [144.38, -35.83], [144.37, -35.83], [144.38, -35.82], [144.36, -35.82], [144.38, -35.81], [144.37, -35.81], [144.38, -35.79], [144.36, -35.8], [144.36, -35.79], [144.36, -35.78], [144.35, -35.79], [144.35, -35.77], [144.32, -35.77], [144.33, -35.75], [144.3, -35.75], [144.3, -35.74], [144.26, -35.75], [144.25, -35.72], [144.22, -35.71], [144.22, -35.69], [144.21, -35.69], [144.2, -35.69], [144.19, -35.67], [144.16, -35.67], [144.15, -35.64], [144.14, -35.65], [144.13, -35.64], [144.12, -35.63], [144.11, -35.59], [144.06, -35.58], [144.06, -35.57], [144.05, -35.56], [144.04, -35.55], [144.03, -35.56], [144.01, -35.55], [144.01, -35.56], [143.99, -35.55], [144.0, -35.55], [144.0, -35.54], [143.97, -35.53], [143.96, -35.51], [143.97, -35.51], [143.97, -35.5], [143.93, -35.51], [143.94, -35.5], [143.91, -35.5], [143.91, -35.49], [143.88, -35.49], [143.87, -35.48], [143.86, -35.48], [143.86, -35.46], [143.81, -35.45], [143.82, -35.44], [143.79, -35.42], [143.76, -35.42], [143.77, -35.42], [143.76, -35.42], [143.77, -35.4], [143.75, -35.39], [143.71, -35.39], [143.71, -35.38], [143.7, -35.39], [143.7, -35.38], [143.69, -35.38], [143.68, -35.37], [143.67, -35.37], [143.67, -35.39], [143.66, -35.38], [143.64, -35.4], [143.63, -35.39], [143.63, -35.38], [143.62, -35.39], [143.62, -35.37], [143.6, -35.37], [143.6, -35.35], [143.56, -35.34], [143.57, -35.3], [143.58, -35.3], [143.59, -35.28], [143.58, -35.27], [143.57, -35.27], [143.57, -35.26], [143.56, -35.24], [143.58, -35.22], [143.57, -35.21], [143.55, -35.21], [143.53, -35.22], [143.52, -35.21], [143.47, -35.22], [143.45, -35.19], [143.39, -35.19], [143.39, -35.18], [143.39, -35.17], [143.38, -35.17], [143.39, -35.15], [143.36, -35.12], [143.36, -35.1], [143.35, -35.11], [143.34, -35.1], [143.35, -35.09], [143.34, -35.08], [143.35, -35.07], [143.34, -35.07], [143.35, -35.06], [143.34, -35.06], [143.34, -35.05], [143.33, -35.05], [143.34, -35.04], [143.33, -35.05], [143.32, -35.04], [143.34, -35.04], [143.33, -35.02], [143.34, -35.01], [143.33, -35.0], [143.32, -34.99], [143.32, -34.98], [143.32, -34.95], [143.32, -34.94], [143.34, -34.94], [143.34, -34.93], [143.34, -34.91], [143.32, -34.89], [143.34, -34.88], [143.34, -34.87], [143.35, -34.86], [143.35, -34.85], [143.34, -34.85], [143.36, -34.82], [143.35, -34.81], [143.35, -34.79], [143.32, -34.79], [143.31, -34.78], [143.29, -34.79], [143.28, -34.79], [143.29, -34.79], [143.28, -34.79], [143.27, -34.78], [143.25, -34.77], [143.27, -34.75], [143.25, -34.76], [143.24, -34.75], [143.23, -34.75], [143.22, -34.76], [143.21, -34.74], [143.22, -34.73], [143.2, -34.73], [143.2, -34.72], [143.18, -34.72], [143.18, -34.71], [143.17, -34.72], [143.16, -34.7], [143.15, -34.71], [143.13, -34.7], [143.12, -34.7], [143.13, -34.69], [143.11, -34.7], [143.11, -34.69], [143.12, -34.69], [143.11, -34.68], [143.09, -34.7], [143.08, -34.7], [143.07, -34.68], [143.05, -34.7], [143.04, -34.69], [143.04, -34.7], [143.03, -34.69], [143.03, -34.68], [143.01, -34.69], [143.02, -34.67], [142.99, -34.67], [142.99, -34.66], [142.98, -34.67], [142.98, -34.68], [142.97, -34.7], [142.96, -34.66], [142.95, -34.67], [142.93, -34.66], [142.92, -34.66], [142.92, -34.65], [142.9, -34.65], [142.89, -34.67], [142.9, -34.67], [142.89, -34.68], [142.89, -34.67], [142.88, -34.67], [142.87, -34.66], [142.86, -34.67], [142.87, -34.65], [142.86, -34.64], [142.87, -34.63], [142.85, -34.62], [142.84, -34.63], [142.84, -34.61], [142.83, -34.61], [142.82, -34.6], [142.82, -34.61], [142.8, -34.61], [142.81, -34.59], [142.8, -34.6], [142.79, -34.59], [142.81, -34.56], [142.79, -34.55], [142.78, -34.56], [142.77, -34.57], [142.78, -34.58], [142.75, -34.58], [142.75, -34.59], [142.76, -34.59], [142.76, -34.6], [142.74, -34.6], [142.72, -34.59], [142.71, -34.6], [142.7, -34.6], [142.7, -34.61], [142.69, -34.62], [142.71, -34.62], [142.7, -34.62], [142.69, -34.65], [142.71, -34.66], [142.71, -34.68], [142.68, -34.67], [142.68, -34.68], [142.69, -34.7], [142.68, -34.71], [142.7, -34.72], [142.68, -34.72], [142.68, -34.73], [142.69, -34.73], [142.68, -34.74], [142.67, -34.74], [142.66, -34.72], [142.64, -34.74], [142.62, -34.73], [142.62, -34.76], [142.65, -34.76], [142.64, -34.78], [142.62, -34.79], [142.57, -34.77], [142.56, -34.78], [142.53, -34.75], [142.52, -34.76], [142.51, -34.75], [142.51, -34.74], [142.5, -34.74], [142.52, -34.7], [142.5, -34.7], [142.51, -34.69], [142.5, -34.68], [142.5, -34.67], [142.48, -34.67], [142.47, -34.67], [142.47, -34.65], [142.48, -34.64], [142.45, -34.63], [142.46, -34.63], [142.46, -34.62], [142.47, -34.61], [142.46, -34.61], [142.47, -34.59], [142.46, -34.59], [142.47, -34.58], [142.47, -34.56], [142.45, -34.56], [142.46, -34.58], [142.45, -34.58], [142.44, -34.58], [142.43, -34.57], [142.43, -34.56], [142.41, -34.57], [142.41, -34.54], [142.39, -34.55], [142.38, -34.54], [142.38, -34.53], [142.37, -34.53], [142.4, -34.52], [142.37, -34.52], [142.39, -34.49], [142.38, -34.49], [142.37, -34.5], [142.36, -34.5], [142.36, -34.48], [142.38, -34.48], [142.38, -34.47], [142.35, -34.47], [142.37, -34.44], [142.36, -34.43], [142.36, -34.42], [142.35, -34.42], [142.36, -34.41], [142.35, -34.4], [142.36, -34.39], [142.37, -34.39], [142.37, -34.37], [142.38, -34.36], [142.36, -34.36], [142.39, -34.36], [142.38, -34.35], [142.4, -34.34], [142.37, -34.33], [142.33, -34.34], [142.29, -34.32], [142.28, -34.33], [142.28, -34.31], [142.3, -34.31], [142.29, -34.3], [142.27, -34.3], [142.25, -34.31], [142.24, -34.31], [142.23, -34.3], [142.25, -34.28], [142.25, -34.27], [142.23, -34.26], [142.24, -34.25], [142.24, -34.23], [142.24, -34.22], [142.24, -34.21], [142.24, -34.2], [142.23, -34.21], [142.22, -34.18], [142.2, -34.18], [142.18, -34.18], [142.17, -34.18], [142.17, -34.17], [142.16, -34.17], [142.17, -34.15], [142.15, -34.15], [142.14, -34.16], [142.12, -34.16], [142.12, -34.17], [142.08, -34.17], [142.08, -34.16], [142.07, -34.15], [142.08, -34.13], [142.03, -34.12], [142.02, -34.12], [142.03, -34.12], [142.04, -34.11], [142.04, -34.1], [142.01, -34.11], [142.02, -34.12], [141.98, -34.11], [141.97, -34.12], [141.97, -34.14], [141.95, -34.12], [141.93, -34.14], [141.93, -34.13], [141.92, -34.11], [141.9, -34.11], [141.88, -34.11], [141.89, -34.12], [141.88, -34.14], [141.87, -34.13], [141.85, -34.13], [141.85, -34.12], [141.84, -34.13], [141.79, -34.11], [141.78, -34.12], [141.78, -34.1], [141.76, -34.11], [141.75, -34.11], [141.76, -34.1], [141.75, -34.1], [141.73, -34.09], [141.73, -34.11], [141.72, -34.11], [141.71, -34.1], [141.68, -34.1], [141.63, -34.12], [141.63, -34.15], [141.61, -34.14], [141.62, -34.16], [141.6, -34.15], [141.58, -34.15], [141.6, -34.16], [141.59, -34.18], [141.6, -34.18], [141.6, -34.19], [141.59, -34.19], [141.58, -34.2], [141.56, -34.19], [141.55, -34.2], [141.53, -34.19], [141.53, -34.21], [141.51, -34.22], [141.51, -34.21], [141.52, -34.2], [141.51, -34.19], [141.52, -34.18], [141.5, -34.16], [141.47, -34.17], [141.45, -34.16], [141.44, -34.17], [141.43, -34.16], [141.43, -34.15], [141.41, -34.15], [141.41, -34.13], [141.39, -34.13], [141.38, -34.12], [141.37, -34.12], [141.37, -34.13], [141.36, -34.11], [141.35, -34.11], [141.35, -34.12], [141.32, -34.14], [141.33, -34.13], [141.31, -34.12], [141.32, -34.11], [141.3, -34.11], [141.28, -34.1], [141.26, -34.08], [141.24, -34.09], [141.25, -34.07], [141.24, -34.06], [141.23, -34.07], [141.22, -34.06], [141.21, -34.06], [141.19, -34.08], [141.19, -34.09], [141.18, -34.09], [141.17, -34.07], [141.17, -34.08], [141.15, -34.08], [141.15, -34.07], [141.14, -34.07], [141.15, -34.06], [141.15, -34.05], [141.14, -34.06], [141.12, -34.06], [141.09, -34.05], [141.09, -34.06], [141.1, -34.07], [141.09, -34.08], [141.08, -34.06], [141.07, -34.06], [141.07, -34.05], [141.04, -34.06], [141.04, -34.04], [141.02, -34.06], [141.0, -34.04], [141.0, -34.03], [141.01, -34.02], [141.0, -34.02], [141.0, -29.0], [148.96, -29.0], [148.98, -28.98], [149.0, -28.97], [149.01, -28.96], [149.03, -28.96], [149.05, -28.92], [149.06, -28.91], [149.06, -28.89], [149.06, -28.88], [149.08, -28.86], [149.08, -28.84], [149.1, -28.83], [149.1, -28.84], [149.11, -28.83], [149.13, -28.84], [149.14, -28.82], [149.14, -28.81], [149.16, -28.81], [149.18, -28.8], [149.19, -28.78], [149.22, -28.76], [149.25, -28.74], [149.26, -28.73], [149.27, -28.74], [149.3, -28.71], [149.32, -28.71], [149.33, -28.7], [149.35, -28.7], [149.36, -28.68], [149.39, -28.7], [149.39, -28.68], [149.41, -28.68], [149.42, -28.66], [149.42, -28.65], [149.43, -28.65], [149.43, -28.64], [149.43, -28.63], [149.44, -28.62], [149.44, -28.61], [149.45, -28.59], [149.47, -28.59], [149.48, -28.58], [149.5, -28.58], [149.5, -28.57], [149.51, -28.58], [149.53, -28.57], [149.55, -28.58], [149.57, -28.57], [149.59, -28.57], [149.61, -28.6], [149.63, -28.59], [149.64, -28.6], [149.65, -28.61], [149.66, -28.62], [149.66, -28.61], [149.67, -28.62], [149.67, -28.63], [149.7, -28.63], [149.71, -28.62], [149.7, -28.62], [149.72, -28.61], [149.74, -28.62], [149.75, -28.61], [149.78, -28.61], [149.81, -28.61], [149.82, -28.62], [149.83, -28.6], [149.84, -28.61], [149.86, -28.6], [149.9, -28.62], [149.92, -28.61], [149.94, -28.61], [149.94, -28.62], [149.95, -28.61], [149.98, -28.61], [150.02, -28.58], [150.05, -28.58], [150.05, -28.59], [150.07, -28.58], [150.08, -28.58], [150.09, -28.58], [150.09, -28.56], [150.11, -28.57], [150.12, -28.56], [150.14, -28.57], [150.15, -28.55], [150.15, -28.56], [150.17, -28.55], [150.17, -28.56], [150.18, -28.56], [150.19, -28.57], [150.21, -28.57], [150.23, -28.57], [150.23, -28.56], [150.24, -28.56], [150.24, -28.55], [150.29, -28.54], [150.32, -28.56], [150.33, -28.57], [150.35, -28.58], [150.35, -28.59], [150.37, -28.6], [150.36, -28.61], [150.37, -28.62], [150.39, -28.63], [150.4, -28.63], [150.41, -28.63], [150.42, -28.65], [150.43, -28.65], [150.45, -28.67], [150.46, -28.67], [150.49, -28.66], [150.51, -28.66], [150.53, -28.65], [150.54, -28.66], [150.53, -28.67], [150.54, -28.67], [150.55, -28.67], [150.55, -28.66], [150.55, -28.65], [150.56, -28.66], [150.58, -28.66], [150.6, -28.67], [150.63, -28.67], [150.63, -28.68], [150.67, -28.65], [150.68, -28.66], [150.71, -28.65], [150.73, -28.63], [150.75, -28.63], [150.8, -28.66], [150.82, -28.66], [150.82, -28.67], [150.85, -28.67], [150.87, -28.69], [150.91, -28.69], [150.93, -28.71], [150.94, -28.73], [151.01, -28.74], [151.03, -28.76], [151.03, -28.77], [151.02, -28.77], [151.02, -28.79], [151.04, -28.8], [151.04, -28.83], [151.05, -28.84], [151.05, -28.85], [151.08, -28.83], [151.1, -28.84], [151.13, -28.86], [151.2, -28.88], [151.21, -28.9], [151.23, -28.9], [151.24, -28.92], [151.27, -28.94], [151.28, -28.95], [151.27, -28.97], [151.28, -28.98], [151.28, -28.99], [151.28, -29.01], [151.27, -29.03], [151.28, -29.04], [151.29, -29.05], [151.28, -29.08], [151.28, -29.1], [151.32, -29.13], [151.31, -29.15], [151.31, -29.17], [151.34, -29.18], [151.39, -29.18], [151.41, -29.15], [151.43, -29.15], [151.45, -29.13], [151.46, -29.1], [151.49, -29.09], [151.5, -29.07], [151.49, -29.06], [151.5, -29.02], [151.54, -28.98], [151.55, -28.95], [151.57, -28.94], [151.58, -28.95], [151.61, -28.92], [151.63, -28.93], [151.64, -28.92], [151.67, -28.91], [151.71, -28.87], [151.73, -28.87], [151.74, -28.92], [151.77, -28.94], [151.77, -28.96], [151.78, -28.96], [151.81, -28.94], [151.81, -28.96], [151.83, -28.96], [151.84, -28.94], [151.84, -28.92], [151.85, -28.91], [151.9, -28.91], [151.92, -28.93], [151.97, -28.92], [152.0, -28.9], [152.0, -28.91], [152.01, -28.91], [152.04, -28.86], [152.04, -28.85], [152.03, -28.86], [152.02, -28.85], [152.02, -28.84], [152.04, -28.82], [152.03, -28.79], [152.04, -28.78], [152.04, -28.76], [152.05, -28.74], [152.04, -28.73], [152.08, -28.71], [152.07, -28.7], [152.07, -28.68], [152.05, -28.68], [152.04, -28.66], [152.01, -28.66], [151.99, -28.62], [151.99, -28.58], [151.96, -28.56], [151.96, -28.52], [151.98, -28.5], [151.99, -28.53], [152.02, -28.53], [152.05, -28.49], [152.07, -28.49], [152.07, -28.47], [152.12, -28.46], [152.16, -28.43], [152.18, -28.44], [152.19, -28.43], [152.22, -28.45], [152.27, -28.39], [152.29, -28.39], [152.31, -28.36], [152.34, -28.37], [152.36, -28.36], [152.39, -28.37], [152.42, -28.33], [152.41, -28.32], [152.41, -28.3], [152.44, -28.3], [152.44, -28.29], [152.46, -28.26], [152.51, -28.25], [152.53, -28.26], [152.53, -28.31], [152.55, -28.32], [152.56, -28.32], [152.57, -28.32], [152.58, -28.34], [152.6, -28.31], [152.6, -28.28], [152.61, -28.27], [152.62, -28.3], [152.64, -28.31], [152.67, -28.31], [152.68, -28.33], [152.72, -28.34], [152.75, -28.36], [152.78, -28.35], [152.8, -28.35], [152.83, -28.32], [152.88, -28.31], [152.93, -28.34], [152.97, -28.33], [153.01, -28.34], [153.05, -28.34], [153.11, -28.36], [153.13, -28.33], [153.12, -28.32], [153.14, -28.31], [153.15, -28.3], [153.17, -28.29], [153.16, -28.28], [153.17, -28.27], [153.18, -28.25], [153.23, -28.27], [153.25, -28.25], [153.26, -28.25], [153.28, -28.23], [153.33, -28.24], [153.34, -28.25], [153.36, -28.25], [153.39, -28.23], [153.41, -28.21], [153.44, -28.19], [153.46, -28.18], [153.48, -28.16], [153.53, -28.18], [153.54, -28.17], [153.56, -28.17], [153.54, -28.17], [153.55, -28.18], [153.54, -28.18], [153.55, -28.18], [153.54, -28.18], [153.53, -28.19], [153.51, -28.19], [153.51, -28.2], [153.51, -28.19], [153.49, -28.21], [153.5, -28.21], [153.49, -28.22], [153.52, -28.22], [153.51, -28.22], [153.52, -28.19], [153.54, -28.19], [153.54, -28.18], [153.54, -28.19], [153.55, -28.19], [153.56, -28.21], [153.55, -28.21], [153.56, -28.22], [153.54, -28.23], [153.55, -28.23], [153.54, -28.24], [153.55, -28.24], [153.57, -28.2], [153.55, -28.17], [153.56, -28.17], [153.57, -28.2], [153.57, -28.24], [153.59, -28.26], [153.57, -28.33], [153.58, -28.36], [153.56, -28.45], [153.55, -28.53], [153.57, -28.59], [153.59, -28.62], [153.62, -28.64], [153.64, -28.64], [153.62, -28.68], [153.62, -28.72], [153.6, -28.78], [153.61, -28.84], [153.59, -28.88], [153.58, -28.87], [153.57, -28.84], [153.56, -28.85], [153.57, -28.85], [153.58, -28.87], [153.53, -28.87], [153.57, -28.89], [153.57, -28.88], [153.59, -28.88], [153.54, -28.92], [153.46, -29.02], [153.43, -29.1], [153.44, -29.11], [153.45, -29.12], [153.45, -29.13], [153.46, -29.14], [153.4, -29.2], [153.34, -29.3], [153.34, -29.34], [153.35, -29.36], [153.36, -29.36], [153.38, -29.37], [153.36, -29.42], [153.37, -29.43], [153.36, -29.43], [153.37, -29.44], [153.36, -29.47], [153.37, -29.48], [153.36, -29.5], [153.36, -29.53], [153.35, -29.54], [153.33, -29.59], [153.33, -29.6], [153.34, -29.61], [153.33, -29.63], [153.32, -29.66], [153.33, -29.67], [153.31, -29.72], [153.29, -29.75], [153.3, -29.77], [153.29, -29.8], [153.29, -29.83], [153.28, -29.83], [153.27, -29.87], [153.27, -29.89], [153.28, -29.89], [153.27, -29.92], [153.26, -29.93], [153.26, -29.95], [153.23, -29.98], [153.2, -30.04], [153.2, -30.05], [153.21, -30.06], [153.21, -30.07], [153.2, -30.1], [153.21, -30.11], [153.2, -30.14], [153.21, -30.16], [153.17, -30.2], [153.14, -30.26], [153.15, -30.28], [153.14, -30.3], [153.15, -30.31], [153.14, -30.3], [153.14, -30.31], [153.15, -30.31], [153.14, -30.32], [153.11, -30.34], [153.1, -30.38], [153.08, -30.41], [153.08, -30.43], [153.05, -30.47], [153.03, -30.5], [153.03, -30.53], [153.03, -30.55], [153.02, -30.56], [153.01, -30.61], [153.02, -30.65], [153.0, -30.68], [152.99, -30.73], [153.0, -30.75], [153.0, -30.79], [153.01, -30.86], [153.04, -30.88], [153.06, -30.89], [153.07, -30.88], [153.08, -30.88], [153.09, -30.91], [153.09, -30.92], [153.06, -30.96], [153.04, -31.0], [153.04, -31.04], [153.05, -31.05], [153.07, -31.05], [153.06, -31.06], [153.05, -31.07], [153.06, -31.08], [153.01, -31.12], [152.98, -31.17], [152.98, -31.18], [152.98, -31.19], [152.97, -31.21], [152.96, -31.24], [152.97, -31.25], [152.96, -31.31], [152.98, -31.31], [152.94, -31.36], [152.91, -31.41], [152.94, -31.48], [152.88, -31.53], [152.85, -31.57], [152.84, -31.59], [152.85, -31.6], [152.83, -31.63], [152.85, -31.64], [152.8, -31.68], [152.79, -31.71], [152.81, -31.73], [152.76, -31.77], [152.74, -31.81], [152.74, -31.84], [152.75, -31.85], [152.69, -31.88], [152.61, -31.95], [152.57, -32.0], [152.57, -32.01], [152.55, -32.03], [152.54, -32.05], [152.55, -32.07], [152.51, -32.12], [152.51, -32.15], [152.51, -32.17], [152.54, -32.18], [152.54, -32.2], [152.57, -32.22], [152.57, -32.23], [152.54, -32.26], [152.52, -32.29], [152.52, -32.31], [152.54, -32.33], [152.55, -32.33], [152.53, -32.36], [152.53, -32.38], [152.52, -32.39], [152.52, -32.41], [152.52, -32.43], [152.54, -32.43], [152.54, -32.44], [152.42, -32.48], [152.34, -32.53], [152.3, -32.56], [152.29, -32.59], [152.23, -32.62], [152.2, -32.65], [152.19, -32.69], [152.21, -32.7], [152.19, -32.7], [152.17, -32.68], [152.15, -32.68], [152.13, -32.69], [152.13, -32.68], [152.14, -32.67], [152.12, -32.66], [152.11, -32.68], [152.07, -32.69], [152.05, -32.68], [152.06, -32.67], [152.06, -32.65], [152.04, -32.66], [152.04, -32.68], [152.03, -32.66], [151.99, -32.67], [151.99, -32.66], [151.98, -32.66], [151.97, -32.65], [151.96, -32.67], [151.94, -32.68], [151.95, -32.68], [151.96, -32.7], [151.98, -32.69], [151.98, -32.71], [151.97, -32.71], [151.94, -32.72], [151.95, -32.73], [151.94, -32.74], [151.99, -32.73], [151.99, -32.72], [152.0, -32.73], [152.02, -32.72], [152.05, -32.73], [152.06, -32.72], [152.06, -32.74], [152.07, -32.74], [152.07, -32.73], [152.06, -32.71], [152.06, -32.7], [152.09, -32.73], [152.1, -32.73], [152.1, -32.72], [152.15, -32.72], [152.16, -32.71], [152.18, -32.72], [152.19, -32.71], [152.19, -32.74], [152.17, -32.74], [152.17, -32.76], [152.12, -32.77], [152.12, -32.78], [152.11, -32.79], [152.12, -32.79], [152.05, -32.79], [151.89, -32.84], [151.8, -32.88], [151.79, -32.92], [151.78, -32.91], [151.79, -32.88], [151.78, -32.88], [151.77, -32.9], [151.77, -32.89], [151.73, -32.88], [151.77, -32.89], [151.78, -32.92], [151.77, -32.92], [151.76, -32.92], [151.76, -32.91], [151.76, -32.92], [151.79, -32.93], [151.8, -32.92], [151.74, -32.96], [151.73, -32.98], [151.73, -33.01], [151.67, -33.05], [151.66, -33.07], [151.66, -33.08], [151.64, -33.08], [151.64, -33.06], [151.65, -33.06], [151.64, -33.06], [151.65, -33.05], [151.66, -33.04], [151.63, -33.03], [151.63, -33.02], [151.64, -33.0], [151.63, -32.99], [151.64, -32.98], [151.64, -32.97], [151.62, -32.96], [151.61, -32.97], [151.62, -32.98], [151.62, -33.01], [151.59, -32.99], [151.58, -33.0], [151.59, -33.0], [151.6, -33.0], [151.6, -33.01], [151.62, -33.05], [151.61, -33.05], [151.59, -33.03], [151.58, -33.03], [151.6, -33.04], [151.59, -33.04], [151.6, -33.06], [151.59, -33.05], [151.58, -33.06], [151.59, -33.06], [151.58, -33.07], [151.61, -33.07], [151.61, -33.08], [151.61, -33.09], [151.59, -33.07], [151.57, -33.08], [151.55, -33.06], [151.55, -33.07], [151.54, -33.07], [151.53, -33.09], [151.51, -33.09], [151.51, -33.1], [151.54, -33.1], [151.55, -33.09], [151.57, -33.1], [151.57, -33.11], [151.55, -33.11], [151.55, -33.12], [151.54, -33.11], [151.54, -33.13], [151.53, -33.13], [151.52, -33.12], [151.51, -33.14], [151.53, -33.14], [151.52, -33.15], [151.53, -33.16], [151.54, -33.14], [151.54, -33.16], [151.57, -33.18], [151.57, -33.15], [151.55, -33.15], [151.56, -33.13], [151.57, -33.14], [151.58, -33.12], [151.58, -33.1], [151.59, -33.12], [151.58, -33.13], [151.59, -33.13], [151.59, -33.15], [151.6, -33.16], [151.6, -33.13], [151.61, -33.12], [151.62, -33.1], [151.63, -33.09], [151.64, -33.07], [151.64, -33.1], [151.65, -33.09], [151.64, -33.1], [151.64, -33.09], [151.66, -33.09], [151.67, -33.09], [151.65, -33.11], [151.65, -33.12], [151.64, -33.14], [151.63, -33.15], [151.64, -33.18], [151.62, -33.19], [151.63, -33.2], [151.6, -33.21], [151.57, -33.24], [151.56, -33.27], [151.58, -33.28], [151.53, -33.31], [151.5, -33.34], [151.5, -33.33], [151.55, -33.28], [151.54, -33.27], [151.52, -33.26], [151.54, -33.26], [151.55, -33.24], [151.56, -33.25], [151.56, -33.24], [151.55, -33.23], [151.53, -33.24], [151.53, -33.22], [151.51, -33.22], [151.52, -33.26], [151.49, -33.26], [151.49, -33.28], [151.48, -33.28], [151.47, -33.3], [151.45, -33.3], [151.44, -33.31], [151.45, -33.32], [151.47, -33.33], [151.44, -33.33], [151.44, -33.34], [151.45, -33.35], [151.47, -33.37], [151.49, -33.34], [151.5, -33.35], [151.5, -33.36], [151.49, -33.37], [151.49, -33.4], [151.44, -33.44], [151.45, -33.45], [151.44, -33.47], [151.45, -33.49], [151.43, -33.49], [151.42, -33.52], [151.36, -33.53], [151.35, -33.55], [151.34, -33.52], [151.35, -33.53], [151.36, -33.52], [151.35, -33.51], [151.35, -33.52], [151.34, -33.52], [151.31, -33.53], [151.31, -33.55], [151.27, -33.55], [151.26, -33.57], [151.25, -33.56], [151.26, -33.54], [151.24, -33.53], [151.24, -33.51], [151.25, -33.51], [151.25, -33.5], [151.26, -33.5], [151.27, -33.48], [151.23, -33.51], [151.23, -33.53], [151.23, -33.52], [151.21, -33.52], [151.2, -33.5], [151.21, -33.48], [151.21, -33.49], [151.21, -33.48], [151.24, -33.48], [151.24, -33.45], [151.23, -33.46], [151.23, -33.47], [151.21, -33.47], [151.19, -33.49], [151.19, -33.51], [151.2, -33.52], [151.2, -33.54], [151.18, -33.5], [151.17, -33.5], [151.16, -33.52], [151.16, -33.51], [151.16, -33.49], [151.15, -33.49], [151.16, -33.47], [151.17, -33.47], [151.15, -33.46], [151.17, -33.44], [151.17, -33.43], [151.15, -33.45], [151.15, -33.46], [151.14, -33.47], [151.11, -33.46], [151.1, -33.48], [151.08, -33.45], [151.07, -33.45], [151.07, -33.46], [151.08, -33.46], [151.08, -33.45], [151.09, -33.48], [151.1, -33.48], [151.12, -33.47], [151.14, -33.48], [151.16, -33.47], [151.14, -33.49], [151.13, -33.49], [151.16, -33.5], [151.15, -33.52], [151.14, -33.52], [151.13, -33.51], [151.13, -33.52], [151.12, -33.51], [151.13, -33.51], [151.11, -33.51], [151.12, -33.52], [151.13, -33.52], [151.13, -33.53], [151.14, -33.52], [151.14, -33.53], [151.14, -33.54], [151.13, -33.54], [151.12, -33.55], [151.13, -33.54], [151.14, -33.55], [151.14, -33.54], [151.15, -33.56], [151.13, -33.57], [151.13, -33.58], [151.12, -33.59], [151.1, -33.59], [151.12, -33.59], [151.12, -33.6], [151.13, -33.6], [151.12, -33.59], [151.14, -33.59], [151.13, -33.57], [151.15, -33.57], [151.16, -33.58], [151.15, -33.55], [151.17, -33.56], [151.15, -33.54], [151.17, -33.54], [151.16, -33.53], [151.18, -33.51], [151.19, -33.54], [151.2, -33.54], [151.2, -33.55], [151.23, -33.55], [151.23, -33.54], [151.2, -33.54], [151.23, -33.54], [151.22, -33.57], [151.21, -33.57], [151.22, -33.57], [151.23, -33.56], [151.25, -33.58], [151.23, -33.59], [151.19, -33.59], [151.21, -33.59], [151.21, -33.61], [151.16, -33.63], [151.17, -33.63], [151.16, -33.64], [151.16, -33.65], [151.15, -33.66], [151.16, -33.65], [151.16, -33.66], [151.17, -33.63], [151.22, -33.61], [151.23, -33.62], [151.22, -33.6], [151.24, -33.6], [151.24, -33.59], [151.26, -33.61], [151.25, -33.6], [151.26, -33.6], [151.25, -33.59], [151.27, -33.59], [151.28, -33.57], [151.29, -33.57], [151.31, -33.58], [151.29, -33.61], [151.3, -33.6], [151.3, -33.62], [151.28, -33.62], [151.29, -33.63], [151.27, -33.63], [151.28, -33.64], [151.27, -33.66], [151.28, -33.64], [151.3, -33.66], [151.3, -33.67], [151.31, -33.67], [151.3, -33.65], [151.31, -33.64], [151.3, -33.64], [151.31, -33.63], [151.32, -33.61], [151.33, -33.62], [151.32, -33.6], [151.32, -33.58], [151.34, -33.58], [151.33, -33.6], [151.34, -33.62], [151.31, -33.69], [151.32, -33.7], [151.31, -33.7], [151.3, -33.73], [151.32, -33.74], [151.29, -33.75], [151.3, -33.75], [151.3, -33.77], [151.29, -33.77], [151.3, -33.78], [151.29, -33.79], [151.31, -33.81], [151.3, -33.82], [151.29, -33.82], [151.29, -33.81], [151.28, -33.81], [151.28, -33.8], [151.27, -33.8], [151.28, -33.81], [151.26, -33.82], [151.25, -33.8], [151.24, -33.8], [151.23, -33.77], [151.22, -33.78], [151.2, -33.77], [151.21, -33.78], [151.23, -33.79], [151.21, -33.79], [151.22, -33.79], [151.22, -33.8], [151.23, -33.8], [151.22, -33.81], [151.23, -33.81], [151.22, -33.82], [151.24, -33.82], [151.24, -33.81], [151.25, -33.8], [151.25, -33.83], [151.27, -33.83], [151.25, -33.84], [151.25, -33.85], [151.23, -33.84], [151.23, -33.85], [151.22, -33.84], [151.22, -33.85], [151.22, -33.84], [151.22, -33.85], [151.21, -33.84], [151.2, -33.85], [151.2, -33.84], [151.19, -33.85], [151.19, -33.83], [151.19, -33.84], [151.18, -33.84], [151.18, -33.83], [151.17, -33.83], [151.17, -33.84], [151.15, -33.82], [151.15, -33.83], [151.15, -33.82]], [[151.31, -33.7], [151.3, -33.7], [151.29, -33.71], [151.28, -33.71], [151.27, -33.71], [151.27, -33.72], [151.28, -33.71], [151.29, -33.72], [151.3, -33.7], [151.31, -33.7]], [[151.7, -32.84], [151.7, -32.83], [151.73, -32.84], [151.73, -32.85], [151.75, -32.85], [151.77, -32.86], [151.78, -32.88], [151.79, -32.88], [151.79, -32.86], [151.82, -32.83], [151.81, -32.82], [151.78, -32.82], [151.77, -32.83], [151.77, -32.85], [151.76, -32.85], [151.73, -32.84], [151.69, -32.82], [151.7, -32.84]], [[151.38, -33.47], [151.37, -33.48], [151.37, -33.49], [151.35, -33.49], [151.34, -33.47], [151.36, -33.47], [151.35, -33.46], [151.37, -33.44], [151.35, -33.45], [151.35, -33.44], [151.34, -33.45], [151.34, -33.43], [151.32, -33.43], [151.33, -33.44], [151.33, -33.45], [151.32, -33.45], [151.31, -33.46], [151.32, -33.48], [151.34, -33.48], [151.33, -33.5], [151.34, -33.51], [151.35, -33.5], [151.34, -33.49], [151.35, -33.5], [151.36, -33.49], [151.37, -33.49], [151.37, -33.5], [151.38, -33.5], [151.38, -33.49], [151.37, -33.49], [151.38, -33.47]], [[151.03, -33.98], [151.03, -33.99], [151.07, -33.99], [151.04, -34.01], [151.05, -34.02], [151.05, -34.01], [151.06, -34.01], [151.06, -34.0], [151.07, -34.0], [151.07, -34.01], [151.08, -34.0], [151.09, -34.0], [151.08, -34.01], [151.09, -34.01], [151.09, -34.0], [151.1, -34.01], [151.11, -34.01], [151.12, -34.0], [151.1, -34.0], [151.1, -33.99], [151.09, -33.99], [151.07, -33.99], [151.07, -33.98], [151.05, -33.99], [151.06, -33.98], [151.05, -33.98], [151.05, -33.99], [151.04, -33.99], [151.03, -33.98]], [[149.4, -35.32], [149.39, -35.3], [149.36, -35.31], [149.34, -35.29], [149.32, -35.29], [149.32, -35.28], [149.27, -35.27], [149.27, -35.26], [149.23, -35.24], [149.25, -35.23], [149.24, -35.22], [149.21, -35.22], [149.2, -35.23], [149.21, -35.21], [149.19, -35.2], [149.2, -35.19], [149.18, -35.18], [149.19, -35.17], [149.17, -35.16], [149.16, -35.14], [149.15, -35.14], [149.14, -35.14], [149.14, -35.13], [149.12, -35.12], [148.81, -35.31], [148.79, -35.34], [148.81, -35.38], [148.8, -35.39], [148.8, -35.41], [148.79, -35.41], [148.79, -35.43], [148.77, -35.47], [148.77, -35.49], [148.76, -35.5], [148.77, -35.53], [148.77, -35.54], [148.78, -35.56], [148.77, -35.57], [148.79, -35.59], [148.77, -35.6], [148.78, -35.63], [148.77, -35.65], [148.8, -35.67], [148.79, -35.7], [148.82, -35.72], [148.84, -35.74], [148.86, -35.75], [148.86, -35.76], [148.87, -35.72], [148.88, -35.71], [148.89, -35.72], [148.89, -35.75], [148.9, -35.76], [148.89, -35.77], [148.9, -35.79], [148.89, -35.81], [148.91, -35.83], [148.91, -35.85], [148.96, -35.9], [149.01, -35.9], [149.05, -35.92], [149.06, -35.87], [149.1, -35.85], [149.09, -35.82], [149.1, -35.8], [149.09, -35.77], [149.11, -35.7], [149.1, -35.68], [149.1, -35.65], [149.09, -35.64], [149.08, -35.59], [149.08, -35.58], [149.14, -35.59], [149.13, -35.55], [149.15, -35.51], [149.14, -35.45], [149.16, -35.44], [149.14, -35.43], [149.15, -35.41], [149.21, -35.35], [149.25, -35.33], [149.34, -35.34], [149.35, -35.35], [149.4, -35.32]]]]}}, {"type": "Feature", "properties": {"state": "Victoria", "code": "VIC", "city": "Melbourne", "grocery_index": 104.6, "weekly": 63.81}, "geometry": {"type": "MultiPolygon", "coordinates": [[[[145.13, -38.39], [145.1, -38.4], [145.08, -38.43], [145.05, -38.43], [145.03, -38.48], [145.03, -38.49], [145.01, -38.48], [144.98, -38.49], [144.95, -38.49], [144.94, -38.5], [144.92, -38.5], [144.91, -38.49], [144.89, -38.5], [144.89, -38.48], [144.84, -38.43], [144.74, -38.35], [144.65, -38.3], [144.68, -38.31], [144.73, -38.32], [144.77, -38.36], [144.81, -38.37], [144.85, -38.37], [144.92, -38.35], [144.99, -38.32], [144.99, -38.3], [144.98, -38.3], [145.03, -38.25], [145.03, -38.21], [145.04, -38.21], [145.06, -38.2], [145.09, -38.16], [145.12, -38.15], [145.12, -38.11], [145.12, -38.07], [145.13, -38.07], [145.12, -38.07], [145.1, -38.03], [145.06, -37.99], [145.05, -37.99], [145.04, -38.0], [145.02, -37.98], [144.99, -37.93], [144.99, -37.89], [144.97, -37.86], [144.94, -37.84], [144.93, -37.85], [144.93, -37.84], [144.91, -37.84], [144.91, -37.85], [144.91, -37.84], [144.91, -37.85], [144.9, -37.84], [144.91, -37.85], [144.9, -37.85], [144.9, -37.86], [144.92, -37.87], [144.9, -37.87], [144.88, -37.87], [144.87, -37.86], [144.81, -37.88], [144.8, -37.91], [144.8, -37.92], [144.74, -37.94], [144.65, -38.0], [144.59, -38.0], [144.56, -38.04], [144.52, -38.05], [144.51, -38.09], [144.49, -38.08], [144.47, -38.08], [144.46, -38.08], [144.44, -38.09], [144.4, -38.07], [144.38, -38.09], [144.38, -38.1], [144.36, -38.11], [144.37, -38.11], [144.36, -38.14], [144.37, -38.14], [144.38, -38.14], [144.4, -38.16], [144.42, -38.16], [144.43, -38.12], [144.44, -38.15], [144.48, -38.16], [144.56, -38.15], [144.63, -38.11], [144.69, -38.12], [144.72, -38.15], [144.72, -38.17], [144.71, -38.21], [144.7, -38.22], [144.7, -38.2], [144.69, -38.2], [144.62, -38.25], [144.64, -38.27], [144.63, -38.27], [144.67, -38.27], [144.66, -38.27], [144.62, -38.28], [144.61, -38.29], [144.54, -38.27], [144.51, -38.27], [144.49, -38.28], [144.5, -38.29], [144.43, -38.28], [144.33, -38.32], [144.33, -38.34], [144.3, -38.35], [144.28, -38.37], [144.26, -38.38], [144.25, -38.4], [144.2, -38.41], [144.18, -38.42], [144.18, -38.43], [144.13, -38.43], [144.1, -38.47], [144.04, -38.48], [143.98, -38.53], [143.98, -38.54], [143.99, -38.55], [143.97, -38.57], [143.92, -38.59], [143.91, -38.62], [143.87, -38.66], [143.87, -38.67], [143.84, -38.68], [143.84, -38.69], [143.76, -38.71], [143.68, -38.74], [143.67, -38.75], [143.68, -38.76], [143.67, -38.77], [143.67, -38.78], [143.65, -38.79], [143.62, -38.8], [143.55, -38.86], [143.51, -38.86], [143.43, -38.78], [143.4, -38.78], [143.36, -38.75], [143.33, -38.76], [143.3, -38.75], [143.27, -38.76], [143.26, -38.77], [143.23, -38.77], [143.08, -38.65], [143.05, -38.65], [143.06, -38.64], [143.02, -38.62], [142.95, -38.62], [142.94, -38.63], [142.9, -38.61], [142.86, -38.61], [142.85, -38.59], [142.79, -38.57], [142.68, -38.5], [142.56, -38.42], [142.49, -38.39], [142.48, -38.4], [142.47, -38.4], [142.37, -38.35], [142.31, -38.36], [142.29, -38.37], [142.26, -38.36], [142.24, -38.38], [142.24, -38.39], [142.26, -38.39], [142.24, -38.4], [142.15, -38.39], [142.0, -38.31], [141.93, -38.28], [141.88, -38.27], [141.74, -38.25], [141.68, -38.27], [141.6, -38.31], [141.61, -38.34], [141.62, -38.34], [141.63, -38.36], [141.65, -38.39], [141.63, -38.39], [141.63, -38.41], [141.61, -38.39], [141.57, -38.39], [141.56, -38.41], [141.56, -38.43], [141.54, -38.43], [141.52, -38.41], [141.53, -38.4], [141.52, -38.39], [141.46, -38.36], [141.43, -38.36], [141.41, -38.37], [141.41, -38.4], [141.37, -38.39], [141.36, -38.38], [141.37, -38.37], [141.4, -38.34], [141.39, -38.32], [141.36, -38.27], [141.3, -38.22], [141.23, -38.17], [141.15, -38.13], [141.03, -38.07], [140.97, -38.06], [140.97, -37.46], [140.96, -35.75], [140.96, -33.98], [140.97, -34.0], [140.98, -34.0], [140.98, -34.01], [140.99, -34.01], [140.98, -34.02], [140.99, -34.03], [141.0, -34.02], [141.01, -34.02], [141.0, -34.03], [141.0, -34.04], [141.02, -34.06], [141.03, -34.04], [141.04, -34.04], [141.04, -34.06], [141.07, -34.05], [141.07, -34.06], [141.08, -34.06], [141.09, -34.08], [141.1, -34.07], [141.09, -34.06], [141.09, -34.05], [141.12, -34.06], [141.14, -34.06], [141.15, -34.05], [141.15, -34.06], [141.14, -34.07], [141.15, -34.07], [141.15, -34.08], [141.17, -34.08], [141.17, -34.07], [141.19, -34.09], [141.19, -34.08], [141.21, -34.06], [141.22, -34.06], [141.23, -34.07], [141.24, -34.06], [141.25, -34.07], [141.24, -34.09], [141.26, -34.08], [141.28, -34.1], [141.3, -34.11], [141.32, -34.11], [141.31, -34.12], [141.33, -34.13], [141.32, -34.14], [141.35, -34.12], [141.35, -34.11], [141.36, -34.11], [141.37, -34.13], [141.37, -34.12], [141.38, -34.12], [141.39, -34.13], [141.41, -34.13], [141.41, -34.15], [141.43, -34.15], [141.43, -34.16], [141.44, -34.17], [141.45, -34.16], [141.48, -34.16], [141.49, -34.15], [141.52, -34.18], [141.51, -34.19], [141.52, -34.2], [141.51, -34.21], [141.51, -34.22], [141.53, -34.21], [141.53, -34.19], [141.55, -34.2], [141.56, -34.19], [141.58, -34.2], [141.59, -34.19], [141.6, -34.19], [141.6, -34.18], [141.59, -34.18], [141.6, -34.16], [141.58, -34.15], [141.6, -34.15], [141.62, -34.16], [141.61, -34.14], [141.63, -34.15], [141.63, -34.12], [141.68, -34.1], [141.71, -34.1], [141.72, -34.11], [141.73, -34.11], [141.73, -34.09], [141.75, -34.1], [141.76, -34.1], [141.75, -34.11], [141.76, -34.11], [141.78, -34.1], [141.78, -34.12], [141.79, -34.11], [141.84, -34.13], [141.85, -34.12], [141.85, -34.13], [141.87, -34.13], [141.88, -34.14], [141.89, -34.12], [141.88, -34.11], [141.9, -34.11], [141.92, -34.11], [141.93, -34.13], [141.93, -34.14], [141.95, -34.12], [141.97, -34.14], [141.97, -34.12], [141.98, -34.11], [142.02, -34.13], [142.01, -34.11], [142.04, -34.1], [142.04, -34.11], [142.03, -34.12], [142.02, -34.12], [142.03, -34.12], [142.08, -34.13], [142.07, -34.15], [142.08, -34.16], [142.08, -34.17], [142.12, -34.17], [142.12, -34.16], [142.14, -34.16], [142.15, -34.15], [142.17, -34.15], [142.16, -34.17], [142.17, -34.17], [142.17, -34.18], [142.18, -34.18], [142.2, -34.18], [142.22, -34.18], [142.23, -34.21], [142.24, -34.2], [142.24, -34.21], [142.24, -34.22], [142.24, -34.23], [142.24, -34.25], [142.23, -34.26], [142.25, -34.27], [142.25, -34.28], [142.23, -34.3], [142.24, -34.31], [142.25, -34.31], [142.27, -34.3], [142.29, -34.3], [142.3, -34.31], [142.28, -34.31], [142.28, -34.33], [142.29, -34.32], [142.33, -34.34], [142.37, -34.33], [142.4, -34.34], [142.38, -34.35], [142.39, -34.36], [142.36, -34.36], [142.38, -34.36], [142.37, -34.37], [142.37, -34.39], [142.36, -34.39], [142.35, -34.4], [142.36, -34.41], [142.35, -34.42], [142.36, -34.42], [142.36, -34.43], [142.37, -34.44], [142.35, -34.47], [142.38, -34.47], [142.38, -34.48], [142.36, -34.48], [142.36, -34.5], [142.37, -34.5], [142.38, -34.49], [142.39, -34.49], [142.37, -34.52], [142.4, -34.52], [142.37, -34.53], [142.38, -34.53], [142.38, -34.54], [142.39, -34.55], [142.41, -34.54], [142.41, -34.57], [142.43, -34.56], [142.43, -34.57], [142.44, -34.58], [142.45, -34.58], [142.46, -34.58], [142.45, -34.56], [142.47, -34.56], [142.47, -34.58], [142.46, -34.59], [142.47, -34.59], [142.46, -34.61], [142.47, -34.61], [142.46, -34.62], [142.46, -34.63], [142.45, -34.63], [142.47, -34.64], [142.48, -34.64], [142.47, -34.65], [142.47, -34.67], [142.5, -34.67], [142.5, -34.68], [142.51, -34.69], [142.5, -34.7], [142.52, -34.7], [142.5, -34.74], [142.51, -34.74], [142.51, -34.75], [142.52, -34.76], [142.53, -34.75], [142.54, -34.76], [142.55, -34.76], [142.56, -34.78], [142.57, -34.77], [142.62, -34.79], [142.63, -34.78], [142.64, -34.78], [142.65, -34.76], [142.62, -34.76], [142.62, -34.73], [142.64, -34.74], [142.66, -34.72], [142.67, -34.74], [142.68, -34.74], [142.69, -34.73], [142.68, -34.73], [142.68, -34.72], [142.7, -34.73], [142.68, -34.71], [142.69, -34.7], [142.68, -34.68], [142.68, -34.67], [142.71, -34.68], [142.71, -34.66], [142.69, -34.65], [142.7, -34.62], [142.71, -34.62], [142.69, -34.62], [142.7, -34.61], [142.7, -34.6], [142.71, -34.6], [142.72, -34.59], [142.74, -34.6], [142.76, -34.6], [142.76, -34.59], [142.75, -34.59], [142.75, -34.58], [142.78, -34.58], [142.77, -34.57], [142.78, -34.56], [142.79, -34.55], [142.81, -34.56], [142.79, -34.59], [142.8, -34.6], [142.81, -34.59], [142.8, -34.61], [142.82, -34.61], [142.82, -34.6], [142.83, -34.61], [142.84, -34.61], [142.84, -34.63], [142.85, -34.62], [142.87, -34.63], [142.86, -34.64], [142.87, -34.65], [142.86, -34.67], [142.87, -34.66], [142.88, -34.67], [142.89, -34.67], [142.89, -34.68], [142.9, -34.67], [142.89, -34.67], [142.9, -34.65], [142.92, -34.65], [142.92, -34.66], [142.93, -34.66], [142.95, -34.67], [142.96, -34.66], [142.97, -34.7], [142.98, -34.68], [142.98, -34.67], [142.99, -34.66], [142.99, -34.67], [143.02, -34.67], [143.01, -34.69], [143.03, -34.68], [143.03, -34.69], [143.04, -34.7], [143.04, -34.69], [143.05, -34.7], [143.07, -34.68], [143.08, -34.7], [143.09, -34.7], [143.11, -34.68], [143.12, -34.69], [143.11, -34.69], [143.11, -34.7], [143.13, -34.69], [143.12, -34.7], [143.13, -34.7], [143.15, -34.71], [143.16, -34.7], [143.17, -34.72], [143.18, -34.71], [143.18, -34.72], [143.2, -34.72], [143.2, -34.73], [143.22, -34.73], [143.21, -34.74], [143.22, -34.76], [143.23, -34.75], [143.24, -34.75], [143.25, -34.76], [143.27, -34.75], [143.25, -34.77], [143.27, -34.78], [143.28, -34.79], [143.29, -34.79], [143.28, -34.79], [143.29, -34.79], [143.31, -34.78], [143.32, -34.79], [143.35, -34.79], [143.35, -34.81], [143.36, -34.82], [143.34, -34.85], [143.35, -34.85], [143.35, -34.86], [143.34, -34.87], [143.34, -34.88], [143.32, -34.89], [143.34, -34.91], [143.34, -34.93], [143.34, -34.94], [143.32, -34.94], [143.32, -34.95], [143.32, -34.98], [143.32, -34.99], [143.33, -35.0], [143.34, -35.01], [143.33, -35.02], [143.34, -35.04], [143.32, -35.04], [143.33, -35.05], [143.34, -35.04], [143.33, -35.05], [143.34, -35.05], [143.34, -35.06], [143.35, -35.06], [143.34, -35.07], [143.35, -35.07], [143.34, -35.08], [143.35, -35.09], [143.34, -35.1], [143.35, -35.11], [143.36, -35.1], [143.36, -35.12], [143.39, -35.15], [143.38, -35.17], [143.39, -35.17], [143.39, -35.18], [143.39, -35.19], [143.45, -35.19], [143.47, -35.22], [143.52, -35.21], [143.53, -35.22], [143.55, -35.21], [143.57, -35.21], [143.58, -35.22], [143.56, -35.24], [143.57, -35.26], [143.57, -35.27], [143.58, -35.27], [143.59, -35.28], [143.58, -35.3], [143.57, -35.3], [143.56, -35.34], [143.6, -35.35], [143.6, -35.37], [143.62, -35.37], [143.62, -35.39], [143.63, -35.38], [143.63, -35.39], [143.64, -35.4], [143.66, -35.38], [143.67, -35.39], [143.67, -35.37], [143.68, -35.37], [143.69, -35.38], [143.7, -35.38], [143.7, -35.39], [143.71, -35.38], [143.71, -35.39], [143.75, -35.39], [143.77, -35.4], [143.76, -35.42], [143.77, -35.42], [143.76, -35.42], [143.79, -35.42], [143.82, -35.44], [143.81, -35.45], [143.86, -35.46], [143.86, -35.48], [143.87, -35.48], [143.88, -35.49], [143.91, -35.49], [143.91, -35.5], [143.94, -35.5], [143.93, -35.51], [143.97, -35.5], [143.97, -35.51], [143.96, -35.51], [143.97, -35.53], [144.0, -35.54], [144.0, -35.55], [143.99, -35.55], [144.01, -35.56], [144.01, -35.55], [144.03, -35.56], [144.04, -35.55], [144.05, -35.56], [144.06, -35.57], [144.06, -35.58], [144.11, -35.59], [144.12, -35.63], [144.13, -35.64], [144.14, -35.65], [144.15, -35.64], [144.16, -35.67], [144.19, -35.67], [144.2, -35.69], [144.21, -35.69], [144.22, -35.69], [144.22, -35.71], [144.25, -35.72], [144.26, -35.75], [144.3, -35.74], [144.3, -35.75], [144.33, -35.75], [144.32, -35.77], [144.35, -35.77], [144.35, -35.79], [144.36, -35.78], [144.36, -35.79], [144.36, -35.8], [144.38, -35.79], [144.37, -35.81], [144.38, -35.81], [144.36, -35.82], [144.38, -35.82], [144.37, -35.83], [144.38, -35.83], [144.37, -35.84], [144.38, -35.84], [144.38, -35.85], [144.39, -35.85], [144.39, -35.86], [144.4, -35.86], [144.41, -35.86], [144.4, -35.87], [144.41, -35.87], [144.4, -35.88], [144.42, -35.89], [144.41, -35.9], [144.42, -35.9], [144.42, -35.91], [144.43, -35.92], [144.45, -35.94], [144.46, -35.94], [144.47, -35.93], [144.46, -35.94], [144.47, -35.94], [144.47, -35.95], [144.48, -35.95], [144.49, -35.95], [144.48, -35.96], [144.49, -35.96], [144.49, -35.97], [144.5, -35.96], [144.5, -35.97], [144.51, -35.97], [144.52, -35.97], [144.51, -35.99], [144.52, -36.0], [144.55, -36.0], [144.56, -36.01], [144.57, -36.02], [144.59, -36.03], [144.58, -36.04], [144.59, -36.04], [144.6, -36.04], [144.61, -36.04], [144.62, -36.03], [144.62, -36.05], [144.61, -36.06], [144.62, -36.08], [144.63, -36.07], [144.62, -36.06], [144.63, -36.06], [144.62, -36.05], [144.63, -36.05], [144.64, -36.06], [144.65, -36.05], [144.65, -36.08], [144.66, -36.07], [144.66, -36.08], [144.67, -36.07], [144.69, -36.06], [144.68, -36.1], [144.7, -36.09], [144.71, -36.09], [144.72, -36.09], [144.73, -36.09], [144.72, -36.11], [144.73, -36.12], [144.74, -36.11], [144.75, -36.12], [144.77, -36.12], [144.78, -36.13], [144.79, -36.12], [144.81, -36.12], [144.81, -36.11], [144.82, -36.11], [144.81, -36.1], [144.82, -36.11], [144.84, -36.1], [144.84, -36.08], [144.85, -36.08], [144.85, -36.07], [144.86, -36.07], [144.86, -36.06], [144.93, -36.07], [144.95, -36.08], [144.98, -36.07], [144.99, -36.06], [144.97, -36.04], [144.96, -36.02], [144.95, -36.01], [144.95, -36.0], [144.92, -35.99], [144.93, -35.97], [144.96, -35.96], [144.95, -35.93], [144.97, -35.88], [144.97, -35.87], [144.99, -35.86], [144.99, -35.85], [145.02, -35.86], [145.05, -35.83], [145.06, -35.84], [145.09, -35.83], [145.09, -35.84], [145.11, -35.82], [145.13, -35.83], [145.13, -35.82], [145.14, -35.83], [145.16, -35.83], [145.15, -35.84], [145.18, -35.84], [145.19, -35.83], [145.22, -35.84], [145.23, -35.83], [145.25, -35.83], [145.26, -35.84], [145.26, -35.85], [145.27, -35.85], [145.3, -35.86], [145.32, -35.85], [145.36, -35.87], [145.39, -35.85], [145.41, -35.85], [145.41, -35.83], [145.44, -35.84], [145.45, -35.82], [145.46, -35.83], [145.47, -35.81], [145.49, -35.82], [145.5, -35.81], [145.52, -35.82], [145.54, -35.8], [145.54, -35.81], [145.54, -35.82], [145.55, -35.81], [145.56, -35.81], [145.56, -35.83], [145.57, -35.83], [145.56, -35.83], [145.59, -35.85], [145.59, -35.86], [145.6, -35.86], [145.6, -35.88], [145.61, -35.87], [145.6, -35.87], [145.63, -35.86], [145.63, -35.87], [145.61, -35.87], [145.63, -35.88], [145.62, -35.88], [145.63, -35.88], [145.64, -35.89], [145.66, -35.9], [145.67, -35.92], [145.68, -35.92], [145.67, -35.93], [145.69, -35.93], [145.7, -35.92], [145.7, -35.93], [145.7, -35.94], [145.72, -35.93], [145.73, -35.94], [145.72, -35.95], [145.73, -35.95], [145.73, -35.96], [145.75, -35.96], [145.78, -35.96], [145.78, -35.97], [145.79, -35.97], [145.79, -35.98], [145.81, -35.98], [145.81, -35.99], [145.82, -35.99], [145.81, -35.98], [145.83, -35.98], [145.84, -35.98], [145.85, -35.98], [145.85, -35.97], [145.86, -35.97], [145.85, -35.97], [145.85, -35.96], [145.9, -35.95], [145.91, -35.96], [145.9, -35.96], [145.9, -35.97], [145.93, -35.96], [145.93, -35.97], [145.95, -35.96], [145.94, -35.97], [145.95, -35.98], [145.96, -36.0], [145.96, -36.01], [145.97, -36.01], [145.97, -36.02], [146.01, -36.0], [146.02, -36.01], [146.03, -35.99], [146.05, -36.0], [146.06, -36.01], [146.07, -36.01], [146.08, -36.02], [146.09, -36.02], [146.09, -36.01], [146.11, -36.01], [146.12, -36.02], [146.13, -36.0], [146.14, -36.01], [146.13, -36.01], [146.13, -36.02], [146.15, -36.01], [146.15, -36.03], [146.17, -36.02], [146.19, -36.04], [146.2, -36.03], [146.2, -36.04], [146.21, -36.03], [146.21, -36.04], [146.22, -36.03], [146.24, -36.03], [146.24, -36.02], [146.25, -36.02], [146.24, -36.02], [146.26, -36.01], [146.27, -36.03], [146.28, -36.01], [146.28, -36.02], [146.29, -36.02], [146.28, -36.03], [146.29, -36.03], [146.28, -36.04], [146.29, -36.04], [146.3, -36.05], [146.3, -36.04], [146.31, -36.05], [146.32, -36.04], [146.33, -36.04], [146.33, -36.03], [146.34, -36.03], [146.37, -36.05], [146.39, -36.04], [146.38, -36.03], [146.38, -36.01], [146.4, -36.01], [146.4, -35.99], [146.43, -35.97], [146.42, -35.97], [146.44, -35.97], [146.44, -35.98], [146.45, -35.96], [146.47, -35.98], [146.5, -35.99], [146.5, -35.98], [146.49, -35.99], [146.5, -35.98], [146.5, -35.96], [146.52, -35.96], [146.53, -35.98], [146.55, -35.99], [146.56, -35.99], [146.55, -35.98], [146.56, -35.98], [146.58, -35.98], [146.58, -35.97], [146.61, -35.97], [146.62, -35.98], [146.61, -35.99], [146.61, -36.0], [146.65, -36.01], [146.66, -36.01], [146.65, -36.02], [146.66, -36.03], [146.68, -36.02], [146.68, -36.03], [146.69, -36.04], [146.7, -36.03], [146.69, -36.03], [146.71, -36.04], [146.71, -36.03], [146.73, -36.02], [146.73, -36.04], [146.75, -36.04], [146.75, -36.06], [146.76, -36.05], [146.76, -36.06], [146.8, -36.07], [146.79, -36.06], [146.8, -36.06], [146.82, -36.07], [146.83, -36.07], [146.83, -36.09], [146.84, -36.08], [146.86, -36.08], [146.86, -36.07], [146.87, -36.07], [146.88, -36.09], [146.91, -36.08], [146.91, -36.11], [146.92, -36.11], [146.93, -36.1], [146.94, -36.12], [146.95, -36.11], [146.96, -36.08], [146.97, -36.08], [146.98, -36.09], [147.01, -36.08], [147.01, -36.09], [147.02, -36.09], [147.01, -36.1], [147.02, -36.1], [147.03, -36.12], [147.04, -36.1], [147.05, -36.11], [147.06, -36.07], [147.09, -36.05], [147.1, -36.05], [147.09, -36.04], [147.1, -36.05], [147.1, -36.03], [147.09, -36.03], [147.1, -36.03], [147.1, -36.02], [147.11, -36.02], [147.1, -36.01], [147.11, -36.01], [147.11, -36.0], [147.12, -36.01], [147.11, -36.0], [147.12, -35.99], [147.13, -36.02], [147.14, -36.04], [147.16, -36.03], [147.21, -36.05], [147.24, -36.04], [147.29, -36.04], [147.32, -36.06], [147.35, -36.03], [147.35, -36.02], [147.36, -36.01], [147.36, -35.99], [147.38, -35.97], [147.39, -35.97], [147.39, -35.95], [147.4, -35.94], [147.45, -35.96], [147.46, -35.94], [147.48, -35.94], [147.48, -35.95], [147.49, -35.94], [147.51, -35.96], [147.53, -35.96], [147.51, -35.98], [147.52, -35.99], [147.55, -36.0], [147.58, -35.98], [147.56, -35.97], [147.55, -35.98], [147.55, -35.96], [147.59, -35.97], [147.6, -35.98], [147.64, -35.96], [147.65, -35.95], [147.68, -35.94], [147.71, -35.93], [147.72, -35.95], [147.74, -35.96], [147.77, -35.96], [147.78, -35.97], [147.81, -35.97], [147.82, -35.98], [147.87, -35.99], [147.88, -36.0], [147.9, -36.0], [147.9, -35.99], [147.91, -36.0], [147.92, -36.01], [147.91, -36.03], [147.93, -36.04], [147.92, -36.04], [147.93, -36.05], [147.96, -36.04], [147.96, -36.05], [147.97, -36.04], [147.97, -36.05], [147.98, -36.04], [147.99, -36.05], [148.0, -36.05], [147.99, -36.07], [147.99, -36.08], [147.98, -36.08], [147.98, -36.09], [148.0, -36.1], [147.99, -36.11], [148.0, -36.12], [147.99, -36.12], [148.0, -36.12], [148.0, -36.14], [148.04, -36.14], [148.04, -36.15], [148.02, -36.15], [148.03, -36.16], [148.02, -36.18], [148.04, -36.21], [148.03, -36.22], [148.03, -36.23], [148.03, -36.25], [148.04, -36.26], [148.03, -36.27], [148.03, -36.28], [148.04, -36.28], [148.04, -36.29], [148.04, -36.3], [148.04, -36.31], [148.06, -36.32], [148.05, -36.32], [148.06, -36.33], [148.05, -36.36], [148.04, -36.37], [148.05, -36.37], [148.04, -36.39], [148.06, -36.4], [148.06, -36.42], [148.08, -36.42], [148.09, -36.45], [148.12, -36.46], [148.12, -36.48], [148.13, -36.49], [148.12, -36.5], [148.14, -36.53], [148.12, -36.55], [148.13, -36.57], [148.15, -36.56], [148.16, -36.58], [148.17, -36.57], [148.19, -36.58], [148.21, -36.59], [148.22, -36.6], [148.2, -36.61], [148.21, -36.61], [148.22, -36.62], [148.21, -36.65], [148.17, -36.71], [148.13, -36.73], [148.14, -36.74], [148.13, -36.75], [148.12, -36.76], [148.13, -36.76], [148.1, -36.79], [148.11, -36.8], [148.12, -36.81], [148.13, -36.8], [148.16, -36.79], [148.18, -36.8], [148.19, -36.8], [149.98, -37.51], [149.96, -37.52], [149.92, -37.53], [149.91, -37.54], [149.82, -37.54], [149.78, -37.56], [149.76, -37.57], [149.77, -37.57], [149.74, -37.59], [149.71, -37.64], [149.68, -37.66], [149.68, -37.69], [149.62, -37.7], [149.6, -37.71], [149.6, -37.73], [149.57, -37.72], [149.53, -37.74], [149.52, -37.75], [149.5, -37.75], [149.5, -37.77], [149.48, -37.78], [149.46, -37.77], [149.43, -37.78], [149.34, -37.78], [149.29, -37.79], [149.28, -37.8], [149.27, -37.8], [149.27, -37.79], [149.25, -37.78], [149.12, -37.78], [148.93, -37.78], [148.88, -37.79], [148.81, -37.79], [148.75, -37.8], [148.73, -37.82], [148.72, -37.8], [148.69, -37.8], [148.63, -37.81], [148.45, -37.8], [148.29, -37.81], [148.18, -37.83], [147.95, -37.89], [147.79, -37.96], [147.64, -38.04], [147.48, -38.15], [147.07, -38.48], [146.88, -38.63], [146.89, -38.62], [146.93, -38.59], [146.9, -38.61], [146.89, -38.61], [146.88, -38.6], [146.84, -38.6], [146.84, -38.62], [146.85, -38.61], [146.88, -38.62], [146.88, -38.63], [146.82, -38.65], [146.79, -38.64], [146.79, -38.63], [146.79, -38.65], [146.77, -38.65], [146.78, -38.65], [146.75, -38.65], [146.74, -38.66], [146.71, -38.65], [146.72, -38.66], [146.7, -38.67], [146.7, -38.68], [146.66, -38.67], [146.67, -38.66], [146.65, -38.64], [146.65, -38.65], [146.65, -38.66], [146.64, -38.67], [146.58, -38.68], [146.59, -38.68], [146.58, -38.7], [146.58, -38.68], [146.58, -38.69], [146.57, -38.68], [146.56, -38.68], [146.55, -38.68], [146.56, -38.68], [146.57, -38.69], [146.56, -38.7], [146.55, -38.69], [146.55, -38.7], [146.54, -38.7], [146.54, -38.69], [146.51, -38.69], [146.49, -38.68], [146.49, -38.7], [146.46, -38.7], [146.44, -38.69], [146.44, -38.7], [146.41, -38.71], [146.41, -38.72], [146.39, -38.72], [146.38, -38.69], [146.35, -38.67], [146.33, -38.68], [146.34, -38.69], [146.29, -38.7], [146.26, -38.69], [146.25, -38.7], [146.24, -38.7], [146.24, -38.68], [146.23, -38.69], [146.23, -38.7], [146.21, -38.69], [146.23, -38.7], [146.2, -38.71], [146.21, -38.72], [146.2, -38.72], [146.19, -38.73], [146.2, -38.73], [146.21, -38.73], [146.2, -38.74], [146.21, -38.74], [146.2, -38.74], [146.19, -38.73], [146.19, -38.74], [146.22, -38.77], [146.23, -38.81], [146.27, -38.81], [146.26, -38.82], [146.27, -38.86], [146.29, -38.88], [146.29, -38.89], [146.29, -38.9], [146.32, -38.9], [146.35, -38.87], [146.39, -38.85], [146.41, -38.85], [146.42, -38.8], [146.44, -38.8], [146.44, -38.78], [146.47, -38.78], [146.48, -38.79], [146.47, -38.87], [146.48, -38.88], [146.48, -38.89], [146.49, -38.89], [146.49, -38.91], [146.47, -38.92], [146.45, -38.95], [146.44, -38.98], [146.45, -39.0], [146.43, -39.01], [146.44, -39.02], [146.48, -39.03], [146.46, -39.03], [146.47, -39.04], [146.46, -39.04], [146.48, -39.04], [146.47, -39.05], [146.48, -39.06], [146.48, -39.07], [146.46, -39.05], [146.43, -39.07], [146.43, -39.08], [146.44, -39.09], [146.43, -39.11], [146.42, -39.11], [146.43, -39.13], [146.42, -39.13], [146.39, -39.13], [146.37, -39.14], [146.35, -39.13], [146.34, -39.11], [146.32, -39.09], [146.32, -39.08], [146.34, -39.08], [146.34, -39.06], [146.35, -39.06], [146.32, -39.05], [146.33, -39.04], [146.32, -39.03], [146.3, -39.04], [146.3, -39.02], [146.28, -39.02], [146.29, -39.01], [146.27, -39.0], [146.25, -39.0], [146.27, -38.99], [146.27, -38.97], [146.23, -38.92], [146.19, -38.87], [146.13, -38.84], [146.08, -38.82], [146.03, -38.81], [146.01, -38.83], [146.0, -38.85], [146.01, -38.88], [145.98, -38.9], [145.94, -38.9], [145.92, -38.91], [145.91, -38.89], [145.91, -38.87], [145.87, -38.78], [145.82, -38.71], [145.77, -38.67], [145.73, -38.64], [145.71, -38.65], [145.69, -38.65], [145.67, -38.67], [145.66, -38.68], [145.64, -38.67], [145.61, -38.68], [145.56, -38.65], [145.54, -38.61], [145.48, -38.56], [145.42, -38.54], [145.37, -38.54], [145.36, -38.52], [145.42, -38.51], [145.43, -38.49], [145.43, -38.48], [145.42, -38.47], [145.43, -38.46], [145.43, -38.43], [145.42, -38.41], [145.45, -38.41], [145.48, -38.41], [145.49, -38.42], [145.52, -38.42], [145.55, -38.37], [145.55, -38.35], [145.55, -38.34], [145.52, -38.34], [145.52, -38.3], [145.5, -38.27], [145.49, -38.23], [145.46, -38.23], [145.44, -38.21], [145.41, -38.23], [145.35, -38.21], [145.34, -38.23], [145.32, -38.24], [145.3, -38.25], [145.27, -38.24], [145.28, -38.23], [145.27, -38.22], [145.25, -38.22], [145.25, -38.24], [145.26, -38.24], [145.23, -38.27], [145.22, -38.31], [145.21, -38.3], [145.2, -38.29], [145.19, -38.3], [145.2, -38.31], [145.19, -38.32], [145.22, -38.35], [145.21, -38.37], [145.22, -38.38], [145.21, -38.38], [145.2, -38.37], [145.18, -38.37], [145.22, -38.38], [145.23, -38.41], [145.13, -38.39]], [[146.84, -38.62], [146.83, -38.61], [146.8, -38.62], [146.8, -38.63], [146.79, -38.63], [146.8, -38.63], [146.8, -38.62], [146.82, -38.61], [146.83, -38.62], [146.84, -38.62]]], [[[146.68, -38.71], [146.63, -38.72], [146.6, -38.72], [146.61, -38.72], [146.6, -38.72], [146.6, -38.73], [146.59, -38.72], [146.62, -38.7], [146.61, -38.7], [146.64, -38.7], [146.63, -38.71], [146.64, -38.7], [146.68, -38.71]]], [[[146.62, -38.76], [146.6, -38.76], [146.55, -38.79], [146.49, -38.77], [146.46, -38.74], [146.47, -38.73], [146.5, -38.73], [146.51, -38.72], [146.5, -38.73], [146.52, -38.73], [146.51, -38.74], [146.54, -38.73], [146.51, -38.75], [146.52, -38.75], [146.5, -38.76], [146.55, -38.76], [146.54, -38.76], [146.58, -38.74], [146.59, -38.74], [146.58, -38.75], [146.6, -38.74], [146.6, -38.75], [146.62, -38.76]]], [[[145.5, -38.35], [145.48, -38.37], [145.41, -38.37], [145.39, -38.39], [145.39, -38.41], [145.36, -38.41], [145.35, -38.42], [145.29, -38.4], [145.28, -38.39], [145.28, -38.4], [145.27, -38.41], [145.27, -38.4], [145.28, -38.39], [145.27, -38.36], [145.29, -38.31], [145.3, -38.31], [145.29, -38.31], [145.29, -38.28], [145.3, -38.28], [145.33, -38.29], [145.35, -38.31], [145.45, -38.31], [145.5, -38.35]]], [[[145.36, -38.55], [145.36, -38.57], [145.35, -38.57], [145.34, -38.56], [145.34, -38.55], [145.32, -38.52], [145.27, -38.5], [145.24, -38.51], [145.22, -38.53], [145.2, -38.52], [145.17, -38.51], [145.12, -38.52], [145.13, -38.51], [145.15, -38.5], [145.17, -38.47], [145.2, -38.45], [145.29, -38.45], [145.3, -38.45], [145.28, -38.45], [145.27, -38.46], [145.31, -38.46], [145.29, -38.48], [145.29, -38.49], [145.31, -38.49], [145.3, -38.51], [145.36, -38.51], [145.36, -38.52], [145.35, -38.52], [145.34, -38.54], [145.36, -38.55]]]]}}, {"type": "Feature", "properties": {"state": "Queensland", "code": "QLD", "city": "Brisbane", "grocery_index": 98.5, "weekly": 60.11}, "geometry": {"type": "MultiPolygon", "coordinates": [[[[141.66, -15.0], [141.59, -14.86], [141.57, -14.74], [141.55, -14.59], [141.53, -14.49], [141.55, -14.38], [141.6, -14.24], [141.59, -14.16], [141.6, -14.1], [141.57, -14.05], [141.48, -13.95], [141.47, -13.92], [141.47, -13.86], [141.52, -13.57], [141.55, -13.51], [141.59, -13.46], [141.63, -13.38], [141.68, -13.3], [141.7, -13.27], [141.69, -13.24], [141.68, -13.22], [141.66, -13.2], [141.65, -13.17], [141.63, -13.16], [141.61, -13.09], [141.62, -13.04], [141.6, -13.02], [141.59, -13.02], [141.58, -13.0], [141.6, -12.95], [141.64, -12.91], [141.64, -12.92], [141.65, -12.92], [141.67, -12.89], [141.71, -12.88], [141.74, -12.85], [141.76, -12.82], [141.8, -12.73], [141.8, -12.68], [141.82, -12.67], [141.83, -12.68], [141.82, -12.7], [141.83, -12.69], [141.85, -12.69], [141.86, -12.69], [141.88, -12.67], [141.86, -12.66], [141.84, -12.67], [141.83, -12.65], [141.86, -12.64], [141.89, -12.62], [141.89, -12.59], [141.88, -12.58], [141.82, -12.6], [141.81, -12.58], [141.79, -12.58], [141.77, -12.57], [141.77, -12.55], [141.76, -12.54], [141.71, -12.52], [141.7, -12.52], [141.7, -12.53], [141.69, -12.56], [141.65, -12.56], [141.64, -12.58], [141.63, -12.58], [141.6, -12.57], [141.59, -12.56], [141.67, -12.37], [141.71, -12.23], [141.74, -12.22], [141.81, -12.05], [141.85, -11.98], [141.88, -11.95], [141.91, -11.96], [141.9, -11.96], [141.89, -11.99], [141.91, -12.03], [141.92, -12.11], [141.94, -12.15], [141.92, -12.17], [141.93, -12.17], [141.95, -12.15], [141.93, -12.1], [141.93, -12.07], [141.96, -12.04], [141.99, -12.06], [142.01, -12.04], [142.0, -12.01], [141.97, -11.98], [141.94, -11.98], [141.94, -11.95], [141.96, -11.82], [141.98, -11.78], [142.0, -11.75], [142.02, -11.67], [142.03, -11.66], [142.05, -11.55], [142.09, -11.46], [142.1, -11.46], [142.1, -11.45], [142.12, -11.37], [142.13, -11.27], [142.12, -11.22], [142.13, -11.22], [142.14, -11.21], [142.15, -11.14], [142.16, -11.12], [142.15, -11.1], [142.15, -11.09], [142.14, -11.04], [142.13, -10.98], [142.13, -10.95], [142.19, -10.91], [142.22, -10.92], [142.25, -10.91], [142.28, -10.92], [142.31, -10.9], [142.32, -10.92], [142.33, -10.89], [142.35, -10.88], [142.37, -10.85], [142.39, -10.83], [142.42, -10.74], [142.42, -10.73], [142.44, -10.71], [142.46, -10.72], [142.5, -10.72], [142.53, -10.69], [142.54, -10.7], [142.54, -10.71], [142.55, -10.71], [142.56, -10.73], [142.57, -10.72], [142.57, -10.73], [142.58, -10.72], [142.58, -10.73], [142.61, -10.75], [142.6, -10.76], [142.58, -10.8], [142.57, -10.8], [142.55, -10.83], [142.52, -10.84], [142.51, -10.86], [142.52, -10.91], [142.5, -10.92], [142.5, -10.93], [142.49, -10.94], [142.5, -10.94], [142.5, -10.95], [142.48, -10.98], [142.5, -10.97], [142.51, -10.94], [142.53, -10.93], [142.54, -10.91], [142.56, -10.91], [142.54, -10.9], [142.56, -10.87], [142.56, -10.88], [142.57, -10.88], [142.57, -10.87], [142.58, -10.87], [142.59, -10.89], [142.59, -10.87], [142.59, -10.88], [142.59, -10.87], [142.62, -10.89], [142.62, -10.92], [142.6, -10.91], [142.62, -10.92], [142.61, -10.93], [142.61, -10.94], [142.63, -10.95], [142.64, -10.94], [142.65, -10.94], [142.64, -10.95], [142.65, -10.94], [142.67, -10.94], [142.68, -10.97], [142.7, -10.98], [142.72, -10.96], [142.75, -11.01], [142.75, -11.03], [142.76, -11.04], [142.79, -11.07], [142.79, -11.13], [142.8, -11.16], [142.78, -11.22], [142.79, -11.28], [142.8, -11.29], [142.82, -11.29], [142.83, -11.31], [142.84, -11.32], [142.87, -11.38], [142.83, -11.43], [142.83, -11.48], [142.84, -11.49], [142.83, -11.56], [142.85, -11.59], [142.86, -11.64], [142.86, -11.75], [142.85, -11.81], [142.85, -11.82], [142.86, -11.85], [142.88, -11.87], [142.9, -11.87], [142.91, -11.89], [142.93, -11.9], [142.92, -11.89], [142.95, -11.9], [142.97, -11.93], [143.02, -11.94], [143.06, -11.92], [143.07, -11.93], [143.07, -11.92], [143.09, -11.9], [143.1, -11.89], [143.11, -11.91], [143.12, -11.91], [143.15, -11.92], [143.15, -11.95], [143.16, -11.95], [143.17, -11.97], [143.21, -11.96], [143.21, -11.95], [143.22, -11.95], [143.24, -11.97], [143.23, -11.99], [143.22, -11.97], [143.19, -11.99], [143.1, -12.15], [143.09, -12.16], [143.08, -12.16], [143.08, -12.17], [143.09, -12.17], [143.09, -12.2], [143.1, -12.2], [143.1, -12.22], [143.09, -12.24], [143.09, -12.26], [143.08, -12.29], [143.08, -12.34], [143.08, -12.35], [143.12, -12.34], [143.13, -12.35], [143.18, -12.34], [143.18, -12.35], [143.19, -12.35], [143.22, -12.36], [143.23, -12.38], [143.25, -12.38], [143.25, -12.39], [143.27, -12.39], [143.27, -12.41], [143.27, -12.51], [143.3, -12.53], [143.3, -12.55], [143.33, -12.57], [143.35, -12.56], [143.39, -12.6], [143.41, -12.59], [143.42, -12.62], [143.44, -12.61], [143.44, -12.62], [143.4, -12.66], [143.4, -12.68], [143.42, -12.68], [143.39, -12.71], [143.38, -12.75], [143.36, -12.8], [143.35, -12.9], [143.36, -12.89], [143.38, -12.9], [143.39, -12.88], [143.39, -12.9], [143.4, -12.9], [143.41, -12.87], [143.45, -12.85], [143.48, -12.86], [143.5, -12.86], [143.53, -12.84], [143.54, -12.84], [143.51, -12.9], [143.5, -12.95], [143.51, -12.96], [143.5, -12.99], [143.52, -13.01], [143.5, -13.11], [143.51, -13.15], [143.52, -13.18], [143.52, -13.26], [143.53, -13.34], [143.56, -13.37], [143.58, -13.37], [143.6, -13.42], [143.58, -13.49], [143.58, -13.48], [143.58, -13.51], [143.59, -13.53], [143.54, -13.64], [143.55, -13.63], [143.54, -13.72], [143.53, -13.75], [143.55, -13.8], [143.59, -13.86], [143.6, -13.91], [143.62, -13.97], [143.68, -14.01], [143.7, -14.13], [143.7, -14.18], [143.7, -14.21], [143.73, -14.27], [143.75, -14.33], [143.78, -14.4], [143.82, -14.44], [143.88, -14.48], [143.93, -14.48], [143.95, -14.5], [143.96, -14.48], [144.03, -14.48], [144.1, -14.45], [144.13, -14.4], [144.14, -14.41], [144.15, -14.39], [144.17, -14.38], [144.2, -14.34], [144.2, -14.26], [144.21, -14.26], [144.22, -14.25], [144.23, -14.27], [144.24, -14.26], [144.26, -14.29], [144.28, -14.3], [144.29, -14.3], [144.32, -14.31], [144.34, -14.31], [144.36, -14.29], [144.37, -14.29], [144.4, -14.27], [144.44, -14.26], [144.47, -14.23], [144.49, -14.17], [144.52, -14.17], [144.56, -14.23], [144.58, -14.24], [144.58, -14.25], [144.6, -14.26], [144.58, -14.31], [144.59, -14.36], [144.62, -14.36], [144.64, -14.35], [144.65, -14.36], [144.62, -14.44], [144.61, -14.43], [144.62, -14.45], [144.62, -14.48], [144.67, -14.51], [144.68, -14.55], [144.69, -14.55], [144.69, -14.57], [144.7, -14.56], [144.72, -14.56], [144.77, -14.55], [144.78, -14.59], [144.84, -14.61], [144.91, -14.61], [144.92, -14.64], [144.92, -14.66], [144.94, -14.66], [144.95, -14.68], [144.96, -14.74], [144.98, -14.75], [144.98, -14.76], [144.99, -14.75], [144.99, -14.76], [145.0, -14.75], [145.0, -14.77], [145.02, -14.78], [145.02, -14.8], [145.09, -14.8], [145.14, -14.83], [145.19, -14.84], [145.23, -14.83], [145.22, -14.88], [145.26, -14.93], [145.28, -14.96], [145.3, -14.96], [145.31, -14.95], [145.33, -14.96], [145.34, -14.95], [145.35, -14.95], [145.35, -14.98], [145.29, -15.04], [145.23, -15.14], [145.24, -15.15], [145.24, -15.2], [145.26, -15.25], [145.27, -15.26], [145.31, -15.26], [145.34, -15.23], [145.36, -15.28], [145.33, -15.28], [145.29, -15.32], [145.28, -15.33], [145.3, -15.34], [145.28, -15.36], [145.29, -15.38], [145.25, -15.42], [145.24, -15.46], [145.23, -15.46], [145.24, -15.47], [145.25, -15.46], [145.26, -15.46], [145.28, -15.5], [145.27, -15.52], [145.27, -15.54], [145.29, -15.56], [145.3, -15.55], [145.32, -15.57], [145.32, -15.59], [145.33, -15.6], [145.32, -15.61], [145.32, -15.63], [145.31, -15.65], [145.33, -15.66], [145.34, -15.68], [145.36, -15.72], [145.37, -15.76], [145.35, -15.81], [145.36, -15.83], [145.38, -15.84], [145.36, -15.89], [145.36, -15.91], [145.36, -15.92], [145.38, -15.92], [145.41, -15.95], [145.43, -16.0], [145.45, -16.01], [145.46, -16.04], [145.46, -16.07], [145.48, -16.08], [145.45, -16.14], [145.44, -16.14], [145.45, -16.14], [145.44, -16.17], [145.44, -16.2], [145.47, -16.21], [145.47, -16.24], [145.48, -16.24], [145.48, -16.27], [145.49, -16.28], [145.45, -16.29], [145.42, -16.34], [145.41, -16.38], [145.42, -16.39], [145.4, -16.43], [145.41, -16.46], [145.43, -16.48], [145.44, -16.47], [145.47, -16.48], [145.47, -16.51], [145.5, -16.55], [145.51, -16.58], [145.52, -16.59], [145.52, -16.6], [145.56, -16.64], [145.58, -16.69], [145.62, -16.7], [145.65, -16.73], [145.67, -16.74], [145.68, -16.78], [145.7, -16.78], [145.71, -16.8], [145.72, -16.8], [145.74, -16.85], [145.77, -16.87], [145.78, -16.88], [145.77, -16.88], [145.76, -16.9], [145.76, -16.91], [145.78, -16.92], [145.78, -16.94], [145.79, -16.94], [145.79, -16.91], [145.81, -16.91], [145.85, -16.87], [145.87, -16.91], [145.91, -16.9], [145.92, -16.86], [145.96, -16.9], [145.96, -16.91], [145.94, -16.91], [145.93, -16.92], [145.93, -16.95], [145.9, -16.98], [145.89, -17.06], [145.92, -17.09], [145.93, -17.12], [145.95, -17.13], [145.95, -17.16], [145.96, -17.17], [145.96, -17.19], [145.97, -17.24], [146.0, -17.27], [146.02, -17.35], [146.05, -17.38], [146.07, -17.39], [146.06, -17.46], [146.08, -17.48], [146.08, -17.5], [146.05, -17.51], [146.06, -17.51], [146.06, -17.52], [146.04, -17.52], [146.03, -17.51], [146.03, -17.55], [146.03, -17.53], [146.06, -17.52], [146.06, -17.51], [146.07, -17.51], [146.09, -17.56], [146.13, -17.59], [146.13, -17.6], [146.11, -17.61], [146.13, -17.61], [146.13, -17.6], [146.14, -17.64], [146.15, -17.65], [146.11, -17.69], [146.1, -17.73], [146.11, -17.77], [146.09, -17.8], [146.11, -17.82], [146.1, -17.83], [146.11, -17.85], [146.12, -17.86], [146.1, -17.9], [146.09, -17.96], [146.1, -17.98], [146.09, -17.97], [146.07, -17.99], [146.04, -18.04], [146.03, -18.09], [146.01, -18.12], [146.02, -18.25], [146.08, -18.31], [146.09, -18.33], [146.1, -18.35], [146.13, -18.37], [146.14, -18.36], [146.16, -18.4], [146.16, -18.42], [146.17, -18.43], [146.17, -18.45], [146.19, -18.44], [146.2, -18.45], [146.19, -18.46], [146.19, -18.47], [146.21, -18.47], [146.23, -18.5], [146.26, -18.49], [146.27, -18.51], [146.29, -18.51], [146.31, -18.52], [146.34, -18.53], [146.35, -18.56], [146.32, -18.56], [146.33, -18.57], [146.32, -18.58], [146.34, -18.56], [146.34, -18.57], [146.34, -18.61], [146.32, -18.65], [146.33, -18.64], [146.34, -18.62], [146.34, -18.63], [146.3, -18.71], [146.27, -18.81], [146.27, -18.86], [146.29, -18.89], [146.32, -18.92], [146.34, -18.96], [146.36, -18.97], [146.38, -19.0], [146.4, -19.0], [146.45, -19.07], [146.47, -19.08], [146.49, -19.1], [146.52, -19.1], [146.56, -19.14], [146.6, -19.15], [146.62, -19.17], [146.68, -19.19], [146.71, -19.19], [146.72, -19.18], [146.75, -19.18], [146.73, -19.18], [146.74, -19.18], [146.77, -19.18], [146.79, -19.24], [146.81, -19.24], [146.82, -19.25], [146.83, -19.24], [146.83, -19.26], [146.84, -19.24], [146.85, -19.26], [146.84, -19.27], [146.85, -19.27], [146.84, -19.27], [146.88, -19.3], [146.94, -19.3], [146.96, -19.31], [146.96, -19.29], [146.98, -19.28], [147.0, -19.25], [147.0, -19.23], [147.02, -19.22], [147.02, -19.18], [147.04, -19.21], [147.04, -19.24], [147.06, -19.26], [147.06, -19.28], [147.05, -19.27], [147.04, -19.3], [147.05, -19.3], [147.06, -19.34], [147.11, -19.39], [147.11, -19.4], [147.13, -19.42], [147.14, -19.42], [147.14, -19.41], [147.16, -19.41], [147.21, -19.42], [147.23, -19.42], [147.25, -19.43], [147.3, -19.41], [147.41, -19.43], [147.44, -19.42], [147.46, -19.4], [147.45, -19.37], [147.42, -19.33], [147.42, -19.32], [147.46, -19.37], [147.49, -19.47], [147.5, -19.49], [147.51, -19.48], [147.5, -19.47], [147.51, -19.48], [147.56, -19.55], [147.58, -19.62], [147.57, -19.63], [147.59, -19.65], [147.6, -19.65], [147.62, -19.67], [147.62, -19.69], [147.6, -19.69], [147.59, -19.73], [147.6, -19.76], [147.66, -19.81], [147.67, -19.83], [147.71, -19.83], [147.7, -19.84], [147.71, -19.84], [147.7, -19.84], [147.74, -19.85], [147.76, -19.84], [147.77, -19.83], [147.77, -19.82], [147.78, -19.82], [147.78, -19.81], [147.77, -19.8], [147.77, -19.79], [147.78, -19.79], [147.77, -19.79], [147.77, -19.78], [147.74, -19.77], [147.76, -19.73], [147.75, -19.71], [147.82, -19.71], [147.85, -19.74], [147.85, -19.78], [147.86, -19.85], [147.92, -19.91], [147.99, -19.93], [148.02, -19.91], [148.03, -19.89], [148.08, -19.88], [148.1, -19.92], [148.11, -19.94], [148.16, -19.96], [148.19, -19.94], [148.22, -19.96], [148.24, -19.98], [148.26, -19.99], [148.26, -19.98], [148.27, -19.99], [148.27, -20.02], [148.26, -20.01], [148.25, -20.02], [148.24, -20.02], [148.23, -20.04], [148.23, -20.05], [148.27, -20.07], [148.27, -20.08], [148.27, -20.07], [148.28, -20.08], [148.27, -20.09], [148.28, -20.1], [148.3, -20.11], [148.32, -20.14], [148.34, -20.14], [148.35, -20.16], [148.37, -20.16], [148.4, -20.17], [148.4, -20.16], [148.42, -20.16], [148.43, -20.17], [148.44, -20.15], [148.47, -20.14], [148.48, -20.12], [148.44, -20.11], [148.44, -20.07], [148.45, -20.06], [148.47, -20.06], [148.49, -20.08], [148.5, -20.09], [148.51, -20.09], [148.53, -20.09], [148.54, -20.08], [148.56, -20.07], [148.57, -20.08], [148.55, -20.09], [148.55, -20.11], [148.57, -20.12], [148.57, -20.13], [148.58, -20.13], [148.57, -20.15], [148.58, -20.15], [148.57, -20.17], [148.6, -20.17], [148.58, -20.18], [148.58, -20.2], [148.6, -20.2], [148.62, -20.18], [148.6, -20.21], [148.61, -20.22], [148.63, -20.22], [148.63, -20.19], [148.64, -20.17], [148.65, -20.18], [148.64, -20.21], [148.65, -20.22], [148.68, -20.18], [148.66, -20.22], [148.67, -20.23], [148.66, -20.25], [148.68, -20.23], [148.69, -20.24], [148.67, -20.28], [148.69, -20.28], [148.69, -20.27], [148.7, -20.27], [148.71, -20.26], [148.74, -20.28], [148.73, -20.25], [148.75, -20.26], [148.75, -20.24], [148.77, -20.24], [148.78, -20.27], [148.8, -20.28], [148.79, -20.28], [148.79, -20.29], [148.77, -20.29], [148.77, -20.3], [148.79, -20.31], [148.79, -20.32], [148.82, -20.32], [148.82, -20.33], [148.81, -20.34], [148.82, -20.34], [148.82, -20.35], [148.83, -20.34], [148.84, -20.35], [148.84, -20.37], [148.83, -20.37], [148.83, -20.38], [148.82, -20.38], [148.82, -20.39], [148.84, -20.39], [148.84, -20.43], [148.85, -20.43], [148.88, -20.47], [148.9, -20.47], [148.91, -20.48], [148.89, -20.48], [148.88, -20.49], [148.92, -20.51], [148.93, -20.53], [148.91, -20.54], [148.9, -20.55], [148.88, -20.52], [148.86, -20.53], [148.86, -20.52], [148.85, -20.51], [148.85, -20.52], [148.84, -20.5], [148.82, -20.5], [148.82, -20.48], [148.83, -20.48], [148.82, -20.46], [148.82, -20.45], [148.83, -20.45], [148.82, -20.43], [148.82, -20.44], [148.81, -20.44], [148.81, -20.42], [148.8, -20.42], [148.79, -20.42], [148.79, -20.45], [148.79, -20.43], [148.76, -20.42], [148.78, -20.43], [148.78, -20.45], [148.78, -20.46], [148.76, -20.48], [148.75, -20.47], [148.74, -20.48], [148.69, -20.44], [148.68, -20.44], [148.69, -20.45], [148.69, -20.46], [148.71, -20.48], [148.72, -20.49], [148.66, -20.59], [148.69, -20.6], [148.69, -20.62], [148.7, -20.64], [148.72, -20.64], [148.73, -20.63], [148.73, -20.64], [148.71, -20.67], [148.73, -20.69], [148.73, -20.72], [148.76, -20.72], [148.77, -20.73], [148.78, -20.73], [148.78, -20.76], [148.8, -20.78], [148.83, -20.78], [148.84, -20.79], [148.81, -20.79], [148.82, -20.8], [148.81, -20.8], [148.8, -20.8], [148.8, -20.81], [148.79, -20.82], [148.81, -20.81], [148.82, -20.83], [148.82, -20.82], [148.84, -20.82], [148.85, -20.85], [148.83, -20.85], [148.85, -20.86], [148.84, -20.88], [148.87, -20.87], [148.88, -20.88], [148.87, -20.86], [148.88, -20.85], [148.88, -20.86], [148.89, -20.86], [148.89, -20.88], [148.92, -20.89], [148.93, -20.88], [148.94, -20.89], [148.95, -20.88], [148.97, -20.9], [149.0, -20.89], [149.01, -20.91], [149.02, -20.91], [149.03, -20.9], [149.05, -20.9], [149.05, -20.92], [149.06, -20.93], [149.03, -20.92], [149.01, -20.94], [149.03, -20.96], [149.02, -20.95], [149.02, -20.96], [149.02, -20.97], [149.02, -20.98], [149.01, -20.99], [149.04, -20.99], [149.05, -20.98], [149.06, -20.99], [149.07, -21.0], [149.07, -20.98], [149.09, -20.99], [149.06, -20.97], [149.09, -20.98], [149.11, -21.0], [149.13, -21.01], [149.12, -21.03], [149.13, -21.03], [149.13, -21.0], [149.16, -21.0], [149.16, -21.02], [149.17, -21.04], [149.17, -21.03], [149.19, -21.03], [149.21, -21.08], [149.23, -21.06], [149.22, -21.1], [149.23, -21.11], [149.22, -21.12], [149.22, -21.15], [149.21, -21.13], [149.22, -21.12], [149.21, -21.13], [149.2, -21.13], [149.19, -21.13], [149.2, -21.13], [149.2, -21.14], [149.16, -21.13], [149.15, -21.14], [149.17, -21.13], [149.22, -21.15], [149.2, -21.16], [149.19, -21.18], [149.2, -21.21], [149.19, -21.2], [149.17, -21.2], [149.21, -21.24], [149.2, -21.27], [149.18, -21.27], [149.18, -21.28], [149.2, -21.28], [149.19, -21.29], [149.2, -21.3], [149.22, -21.26], [149.26, -21.24], [149.27, -21.28], [149.3, -21.27], [149.29, -21.32], [149.3, -21.34], [149.32, -21.35], [149.31, -21.36], [149.31, -21.37], [149.32, -21.37], [149.32, -21.39], [149.31, -21.39], [149.3, -21.4], [149.28, -21.39], [149.28, -21.4], [149.29, -21.4], [149.28, -21.41], [149.3, -21.42], [149.33, -21.41], [149.34, -21.43], [149.32, -21.42], [149.31, -21.43], [149.3, -21.43], [149.29, -21.46], [149.3, -21.47], [149.27, -21.48], [149.29, -21.49], [149.29, -21.51], [149.3, -21.51], [149.31, -21.5], [149.33, -21.51], [149.31, -21.5], [149.33, -21.49], [149.34, -21.47], [149.36, -21.5], [149.35, -21.51], [149.4, -21.49], [149.37, -21.54], [149.4, -21.54], [149.39, -21.55], [149.4, -21.56], [149.41, -21.56], [149.4, -21.56], [149.4, -21.55], [149.41, -21.55], [149.44, -21.55], [149.44, -21.58], [149.42, -21.58], [149.44, -21.58], [149.43, -21.58], [149.45, -21.58], [149.44, -21.59], [149.45, -21.58], [149.45, -21.56], [149.47, -21.56], [149.46, -21.56], [149.47, -21.56], [149.46, -21.55], [149.47, -21.53], [149.48, -21.53], [149.49, -21.57], [149.48, -21.57], [149.47, -21.59], [149.45, -21.6], [149.44, -21.64], [149.46, -21.68], [149.44, -21.69], [149.45, -21.69], [149.46, -21.71], [149.45, -21.71], [149.47, -21.71], [149.48, -21.74], [149.46, -21.73], [149.44, -21.74], [149.43, -21.74], [149.42, -21.77], [149.43, -21.75], [149.43, -21.82], [149.44, -21.81], [149.46, -21.82], [149.46, -21.83], [149.47, -21.84], [149.46, -21.88], [149.47, -21.9], [149.46, -21.9], [149.47, -21.93], [149.49, -21.96], [149.49, -21.99], [149.52, -22.03], [149.52, -22.08], [149.54, -22.13], [149.55, -22.14], [149.56, -22.17], [149.57, -22.17], [149.55, -22.19], [149.56, -22.19], [149.57, -22.23], [149.6, -22.25], [149.6, -22.27], [149.6, -22.28], [149.63, -22.3], [149.66, -22.34], [149.66, -22.35], [149.68, -22.35], [149.71, -22.37], [149.71, -22.36], [149.73, -22.35], [149.77, -22.37], [149.75, -22.39], [149.74, -22.42], [149.75, -22.44], [149.77, -22.42], [149.78, -22.38], [149.81, -22.38], [149.85, -22.42], [149.89, -22.49], [149.96, -22.54], [149.99, -22.59], [149.99, -22.6], [150.0, -22.61], [150.02, -22.64], [150.05, -22.66], [150.01, -22.58], [150.0, -22.53], [149.98, -22.51], [149.98, -22.47], [149.91, -22.34], [149.96, -22.34], [149.93, -22.33], [149.97, -22.33], [149.91, -22.32], [149.92, -22.31], [149.92, -22.3], [149.92, -22.27], [149.93, -22.26], [149.96, -22.19], [150.0, -22.14], [150.04, -22.15], [150.03, -22.14], [150.04, -22.13], [150.05, -22.14], [150.06, -22.13], [150.07, -22.15], [150.08, -22.15], [150.1, -22.21], [150.09, -22.22], [150.15, -22.26], [150.16, -22.3], [150.19, -22.33], [150.18, -22.34], [150.18, -22.36], [150.21, -22.37], [150.22, -22.39], [150.29, -22.4], [150.3, -22.4], [150.3, -22.42], [150.32, -22.43], [150.33, -22.44], [150.38, -22.47], [150.4, -22.48], [150.41, -22.5], [150.42, -22.5], [150.44, -22.51], [150.43, -22.52], [150.44, -22.51], [150.45, -22.53], [150.45, -22.52], [150.48, -22.53], [150.5, -22.56], [150.5, -22.54], [150.49, -22.53], [150.49, -22.52], [150.5, -22.54], [150.54, -22.56], [150.54, -22.57], [150.51, -22.56], [150.52, -22.57], [150.53, -22.57], [150.53, -22.58], [150.54, -22.57], [150.53, -22.6], [150.54, -22.6], [150.55, -22.62], [150.54, -22.59], [150.55, -22.58], [150.56, -22.6], [150.55, -22.57], [150.56, -22.56], [150.57, -22.58], [150.59, -22.57], [150.59, -22.56], [150.6, -22.56], [150.59, -22.56], [150.58, -22.55], [150.59, -22.54], [150.57, -22.53], [150.57, -22.5], [150.55, -22.48], [150.57, -22.48], [150.56, -22.48], [150.53, -22.45], [150.59, -22.46], [150.58, -22.45], [150.54, -22.44], [150.54, -22.43], [150.56, -22.43], [150.54, -22.42], [150.54, -22.41], [150.53, -22.4], [150.54, -22.35], [150.56, -22.32], [150.6, -22.34], [150.63, -22.33], [150.65, -22.35], [150.64, -22.36], [150.62, -22.35], [150.64, -22.38], [150.62, -22.39], [150.62, -22.38], [150.62, -22.39], [150.61, -22.39], [150.63, -22.4], [150.64, -22.39], [150.66, -22.41], [150.65, -22.42], [150.63, -22.42], [150.65, -22.42], [150.63, -22.44], [150.66, -22.42], [150.65, -22.44], [150.67, -22.45], [150.66, -22.42], [150.67, -22.4], [150.65, -22.37], [150.67, -22.35], [150.68, -22.37], [150.69, -22.38], [150.69, -22.43], [150.72, -22.44], [150.75, -22.45], [150.76, -22.47], [150.75, -22.48], [150.74, -22.47], [150.73, -22.49], [150.72, -22.52], [150.7, -22.51], [150.7, -22.49], [150.69, -22.49], [150.68, -22.47], [150.67, -22.47], [150.68, -22.48], [150.67, -22.48], [150.67, -22.49], [150.64, -22.47], [150.67, -22.5], [150.66, -22.51], [150.67, -22.52], [150.69, -22.54], [150.68, -22.57], [150.69, -22.58], [150.68, -22.57], [150.69, -22.55], [150.72, -22.55], [150.72, -22.56], [150.72, -22.6], [150.73, -22.62], [150.71, -22.63], [150.72, -22.62], [150.69, -22.61], [150.71, -22.64], [150.73, -22.63], [150.73, -22.64], [150.73, -22.63], [150.74, -22.62], [150.75, -22.64], [150.76, -22.63], [150.75, -22.63], [150.74, -22.62], [150.75, -22.62], [150.74, -22.62], [150.74, -22.6], [150.75, -22.61], [150.75, -22.6], [150.74, -22.6], [150.74, -22.59], [150.75, -22.59], [150.74, -22.58], [150.75, -22.59], [150.75, -22.58], [150.76, -22.58], [150.76, -22.55], [150.77, -22.55], [150.76, -22.54], [150.75, -22.52], [150.78, -22.53], [150.79, -22.54], [150.78, -22.55], [150.79, -22.56], [150.78, -22.56], [150.78, -22.58], [150.78, -22.64], [150.79, -22.65], [150.8, -22.65], [150.8, -22.67], [150.81, -22.68], [150.84, -22.68], [150.82, -22.72], [150.83, -22.73], [150.81, -22.75], [150.81, -22.79], [150.82, -22.8], [150.81, -22.8], [150.81, -22.82], [150.8, -22.82], [150.8, -22.83], [150.79, -22.87], [150.79, -22.92], [150.8, -22.93], [150.78, -22.96], [150.77, -23.06], [150.75, -23.13], [150.77, -23.17], [150.79, -23.16], [150.79, -23.18], [150.8, -23.18], [150.79, -23.19], [150.79, -23.21], [150.79, -23.2], [150.8, -23.23], [150.82, -23.22], [150.82, -23.24], [150.83, -23.24], [150.83, -23.28], [150.79, -23.31], [150.77, -23.3], [150.78, -23.32], [150.79, -23.32], [150.8, -23.34], [150.79, -23.34], [150.79, -23.36], [150.81, -23.41], [150.87, -23.48], [150.86, -23.5], [150.85, -23.51], [150.8, -23.5], [150.79, -23.51], [150.88, -23.55], [150.88, -23.57], [150.83, -23.55], [150.83, -23.56], [150.87, -23.58], [150.86, -23.62], [150.87, -23.58], [150.93, -23.54], [150.96, -23.55], [150.96, -23.6], [150.93, -23.61], [150.93, -23.62], [150.97, -23.61], [150.98, -23.56], [151.03, -23.57], [151.04, -23.62], [151.05, -23.63], [151.04, -23.64], [151.05, -23.63], [151.07, -23.64], [151.08, -23.65], [151.09, -23.65], [151.09, -23.66], [151.1, -23.66], [151.09, -23.66], [151.11, -23.66], [151.12, -23.67], [151.13, -23.7], [151.11, -23.7], [151.12, -23.7], [151.11, -23.7], [151.12, -23.7], [151.12, -23.71], [151.13, -23.71], [151.15, -23.73], [151.16, -23.75], [151.14, -23.77], [151.17, -23.82], [151.19, -23.82], [151.19, -23.83], [151.24, -23.82], [151.24, -23.83], [151.24, -23.82], [151.23, -23.83], [151.27, -23.84], [151.28, -23.85], [151.3, -23.85], [151.3, -23.86], [151.32, -23.85], [151.32, -23.88], [151.3, -23.87], [151.3, -23.9], [151.32, -23.88], [151.35, -23.94], [151.37, -23.94], [151.43, -23.99], [151.43, -24.02], [151.44, -24.03], [151.42, -24.05], [151.44, -24.06], [151.44, -24.08], [151.45, -24.06], [151.44, -24.06], [151.45, -24.05], [151.44, -24.04], [151.44, -24.03], [151.46, -24.04], [151.46, -24.06], [151.47, -24.06], [151.47, -24.07], [151.47, -24.06], [151.48, -24.06], [151.48, -24.07], [151.49, -24.07], [151.48, -24.06], [151.47, -24.03], [151.47, -24.04], [151.44, -24.02], [151.44, -23.99], [151.47, -23.99], [151.54, -24.03], [151.54, -24.04], [151.53, -24.04], [151.5, -24.05], [151.53, -24.06], [151.52, -24.07], [151.52, -24.09], [151.55, -24.09], [151.55, -24.11], [151.55, -24.08], [151.56, -24.11], [151.56, -24.1], [151.56, -24.11], [151.56, -24.07], [151.58, -24.09], [151.58, -24.08], [151.56, -24.07], [151.56, -24.04], [151.57, -24.04], [151.58, -24.05], [151.61, -24.04], [151.62, -24.06], [151.63, -24.06], [151.65, -24.08], [151.65, -24.07], [151.66, -24.09], [151.67, -24.08], [151.67, -24.1], [151.68, -24.09], [151.68, -24.11], [151.68, -24.1], [151.68, -24.09], [151.66, -24.06], [151.69, -24.07], [151.68, -24.05], [151.67, -24.05], [151.65, -24.03], [151.64, -24.03], [151.65, -24.03], [151.63, -24.01], [151.63, -24.0], [151.63, -24.01], [151.6, -24.01], [151.61, -23.98], [151.64, -23.98], [151.67, -23.99], [151.7, -24.01], [151.73, -24.02], [151.7, -24.04], [151.71, -24.05], [151.7, -24.06], [151.72, -24.06], [151.72, -24.07], [151.72, -24.09], [151.73, -24.06], [151.73, -24.05], [151.74, -24.05], [151.74, -24.04], [151.73, -24.04], [151.74, -24.03], [151.74, -24.0], [151.75, -24.02], [151.76, -24.02], [151.77, -24.06], [151.79, -24.12], [151.77, -24.13], [151.78, -24.12], [151.79, -24.13], [151.78, -24.12], [151.79, -24.13], [151.8, -24.15], [151.84, -24.17], [151.82, -24.17], [151.84, -24.18], [151.88, -24.17], [151.85, -24.22], [151.88, -24.19], [151.87, -24.19], [151.88, -24.18], [151.89, -24.15], [151.91, -24.21], [151.92, -24.21], [151.94, -24.24], [152.01, -24.43], [152.04, -24.5], [152.06, -24.51], [152.04, -24.53], [152.06, -24.52], [152.09, -24.57], [152.15, -24.63], [152.21, -24.66], [152.27, -24.71], [152.35, -24.74], [152.33, -24.74], [152.37, -24.74], [152.35, -24.73], [152.38, -24.73], [152.4, -24.75], [152.39, -24.75], [152.38, -24.77], [152.38, -24.8], [152.38, -24.76], [152.41, -24.76], [152.42, -24.78], [152.47, -24.82], [152.49, -24.92], [152.49, -24.93], [152.49, -24.97], [152.55, -25.07], [152.54, -25.07], [152.53, -25.08], [152.54, -25.08], [152.53, -25.09], [152.55, -25.07], [152.58, -25.12], [152.63, -25.15], [152.62, -25.17], [152.58, -25.17], [152.56, -25.17], [152.54, -25.19], [152.55, -25.2], [152.55, -25.19], [152.56, -25.18], [152.61, -25.18], [152.65, -25.23], [152.64, -25.23], [152.65, -25.23], [152.66, -25.24], [152.72, -25.27], [152.81, -25.26], [152.8, -25.25], [152.81, -25.24], [152.83, -25.25], [152.83, -25.28], [152.86, -25.28], [152.9, -25.28], [152.91, -25.29], [152.9, -25.31], [152.92, -25.36], [152.91, -25.38], [152.92, -25.43], [152.91, -25.42], [152.9, -25.42], [152.89, -25.43], [152.91, -25.43], [152.87, -25.44], [152.85, -25.48], [152.82, -25.49], [152.85, -25.5], [152.89, -25.46], [152.93, -25.45], [152.93, -25.43], [152.96, -25.43], [152.95, -25.45], [152.94, -25.45], [152.95, -25.46], [152.93, -25.47], [152.9, -25.5], [152.91, -25.53], [152.9, -25.53], [152.9, -25.54], [152.88, -25.56], [152.86, -25.55], [152.88, -25.56], [152.88, -25.57], [152.88, -25.56], [152.88, -25.57], [152.88, -25.58], [152.88, -25.57], [152.88, -25.61], [152.89, -25.62], [152.9, -25.65], [152.9, -25.66], [152.91, -25.67], [152.88, -25.67], [152.88, -25.68], [152.92, -25.71], [152.91, -25.73], [152.92, -25.73], [152.91, -25.74], [152.94, -25.74], [152.94, -25.76], [152.96, -25.76], [152.97, -25.76], [152.98, -25.77], [152.97, -25.79], [152.95, -25.8], [152.94, -25.8], [152.94, -25.82], [152.95, -25.82], [152.94, -25.81], [152.98, -25.81], [152.98, -25.82], [152.99, -25.8], [153.02, -25.83], [153.03, -25.85], [153.02, -25.85], [153.02, -25.87], [152.99, -25.88], [153.01, -25.88], [153.01, -25.89], [153.02, -25.87], [153.03, -25.88], [153.03, -25.89], [153.03, -25.9], [153.02, -25.89], [153.0, -25.9], [153.01, -25.9], [153.0, -25.91], [153.02, -25.9], [153.01, -25.92], [153.02, -25.93], [153.0, -25.93], [153.03, -25.93], [153.0, -25.95], [153.0, -25.96], [153.01, -25.96], [153.0, -25.97], [153.01, -25.97], [153.01, -25.98], [153.02, -25.98], [153.01, -25.99], [153.02, -26.0], [153.02, -25.99], [153.03, -25.99], [153.01, -25.98], [153.03, -25.98], [153.02, -25.96], [153.03, -25.96], [153.04, -25.97], [153.04, -25.95], [153.03, -25.95], [153.04, -25.94], [153.05, -25.94], [153.05, -25.93], [153.06, -25.93], [153.03, -25.92], [153.02, -25.91], [153.03, -25.91], [153.04, -25.91], [153.05, -25.9], [153.05, -25.91], [153.06, -25.91], [153.05, -25.91], [153.06, -25.89], [153.07, -25.89], [153.06, -25.87], [153.05, -25.86], [153.05, -25.85], [153.05, -25.83], [153.07, -25.82], [153.05, -25.81], [153.07, -25.81], [153.09, -25.89], [153.12, -25.93], [153.16, -25.95], [153.18, -25.95], [153.18, -25.93], [153.19, -25.93], [153.15, -26.01], [153.11, -26.1], [153.08, -26.22], [153.06, -26.31], [153.06, -26.35], [153.08, -26.38], [153.09, -26.39], [153.11, -26.38], [153.12, -26.38], [153.09, -26.52], [153.1, -26.55], [153.1, -26.64], [153.11, -26.67], [153.13, -26.68], [153.14, -26.68], [153.14, -26.77], [153.15, -26.8], [153.12, -26.81], [153.12, -26.83], [153.11, -26.84], [153.11, -26.87], [153.1, -26.88], [153.09, -26.88], [153.1, -26.88], [153.09, -26.9], [153.08, -26.89], [153.07, -26.91], [153.06, -26.89], [153.06, -26.93], [153.04, -26.95], [153.07, -26.97], [153.07, -26.98], [153.04, -26.97], [153.05, -26.99], [153.02, -26.99], [153.06, -26.99], [153.08, -27.02], [153.09, -27.02], [153.08, -27.03], [153.1, -27.03], [153.11, -27.05], [153.11, -27.06], [153.1, -27.05], [153.1, -27.06], [153.11, -27.06], [153.1, -27.06], [153.13, -27.06], [153.14, -27.08], [153.13, -27.09], [153.1, -27.09], [153.07, -27.11], [153.04, -27.15], [153.04, -27.13], [153.02, -27.12], [153.04, -27.13], [153.03, -27.15], [153.04, -27.16], [153.03, -27.16], [153.04, -27.17], [153.03, -27.18], [153.04, -27.2], [153.09, -27.21], [153.11, -27.19], [153.12, -27.2], [153.12, -27.23], [153.11, -27.26], [153.09, -27.26], [153.08, -27.26], [153.07, -27.25], [153.08, -27.23], [153.05, -27.23], [153.08, -27.26], [153.06, -27.28], [153.07, -27.31], [153.09, -27.33], [153.08, -27.33], [153.09, -27.34], [153.16, -27.36], [153.16, -27.38], [153.15, -27.39], [153.14, -27.42], [153.11, -27.44], [153.09, -27.45], [153.05, -27.44], [153.05, -27.46], [153.05, -27.44], [153.09, -27.45], [153.11, -27.44], [153.14, -27.42], [153.15, -27.4], [153.17, -27.4], [153.16, -27.39], [153.18, -27.36], [153.19, -27.37], [153.18, -27.38], [153.18, -27.39], [153.17, -27.4], [153.17, -27.41], [153.17, -27.42], [153.17, -27.41], [153.18, -27.44], [153.19, -27.45], [153.19, -27.46], [153.19, -27.45], [153.19, -27.46], [153.19, -27.48], [153.2, -27.47], [153.21, -27.48], [153.23, -27.48], [153.24, -27.47], [153.24, -27.48], [153.26, -27.48], [153.26, -27.52], [153.29, -27.51], [153.28, -27.54], [153.28, -27.55], [153.29, -27.57], [153.31, -27.57], [153.32, -27.58], [153.3, -27.59], [153.31, -27.62], [153.32, -27.64], [153.31, -27.66], [153.32, -27.67], [153.32, -27.68], [153.32, -27.7], [153.3, -27.71], [153.29, -27.69], [153.3, -27.71], [153.32, -27.71], [153.33, -27.7], [153.35, -27.7], [153.36, -27.71], [153.38, -27.71], [153.37, -27.7], [153.37, -27.69], [153.38, -27.67], [153.37, -27.67], [153.37, -27.65], [153.4, -27.64], [153.4, -27.63], [153.42, -27.64], [153.39, -27.66], [153.4, -27.7], [153.39, -27.71], [153.41, -27.74], [153.44, -27.74], [153.43, -27.78], [153.38, -27.78], [153.39, -27.79], [153.41, -27.78], [153.41, -27.79], [153.39, -27.82], [153.37, -27.81], [153.39, -27.79], [153.38, -27.8], [153.37, -27.8], [153.38, -27.8], [153.37, -27.81], [153.37, -27.8], [153.37, -27.82], [153.39, -27.83], [153.38, -27.84], [153.38, -27.85], [153.39, -27.84], [153.38, -27.83], [153.4, -27.83], [153.4, -27.84], [153.39, -27.84], [153.4, -27.86], [153.4, -27.87], [153.41, -27.87], [153.4, -27.88], [153.4, -27.87], [153.4, -27.89], [153.41, -27.91], [153.41, -27.95], [153.42, -27.97], [153.42, -27.98], [153.43, -27.97], [153.42, -27.94], [153.43, -27.93], [153.43, -27.94], [153.43, -28.0], [153.45, -28.08], [153.48, -28.13], [153.49, -28.13], [153.51, -28.16], [153.55, -28.16], [153.53, -28.18], [153.48, -28.16], [153.46, -28.18], [153.44, -28.19], [153.41, -28.21], [153.39, -28.23], [153.36, -28.25], [153.34, -28.25], [153.33, -28.24], [153.28, -28.23], [153.26, -28.25], [153.25, -28.25], [153.23, -28.27], [153.18, -28.25], [153.17, -28.27], [153.16, -28.28], [153.17, -28.29], [153.15, -28.3], [153.14, -28.31], [153.12, -28.32], [153.13, -28.33], [153.11, -28.36], [153.05, -28.34], [153.01, -28.34], [152.97, -28.33], [152.93, -28.34], [152.88, -28.31], [152.83, -28.32], [152.8, -28.35], [152.78, -28.35], [152.75, -28.36], [152.72, -28.34], [152.68, -28.33], [152.67, -28.31], [152.64, -28.31], [152.62, -28.3], [152.61, -28.27], [152.6, -28.28], [152.6, -28.31], [152.58, -28.34], [152.57, -28.32], [152.56, -28.32], [152.55, -28.32], [152.53, -28.31], [152.53, -28.26], [152.51, -28.25], [152.46, -28.26], [152.44, -28.29], [152.44, -28.3], [152.41, -28.3], [152.41, -28.32], [152.42, -28.33], [152.39, -28.37], [152.36, -28.36], [152.34, -28.37], [152.31, -28.36], [152.29, -28.39], [152.27, -28.39], [152.22, -28.45], [152.19, -28.43], [152.18, -28.44], [152.16, -28.43], [152.12, -28.46], [152.07, -28.47], [152.07, -28.49], [152.05, -28.49], [152.02, -28.53], [151.99, -28.53], [151.98, -28.5], [151.96, -28.52], [151.96, -28.56], [151.99, -28.58], [151.99, -28.62], [152.01, -28.66], [152.04, -28.66], [152.05, -28.68], [152.07, -28.68], [152.07, -28.7], [152.08, -28.71], [152.04, -28.73], [152.05, -28.74], [152.04, -28.76], [152.04, -28.78], [152.03, -28.79], [152.04, -28.82], [152.02, -28.84], [152.02, -28.85], [152.03, -28.86], [152.04, -28.85], [152.04, -28.86], [152.01, -28.91], [152.0, -28.91], [152.0, -28.9], [151.97, -28.92], [151.92, -28.93], [151.9, -28.91], [151.85, -28.91], [151.84, -28.92], [151.84, -28.94], [151.83, -28.96], [151.81, -28.96], [151.81, -28.94], [151.78, -28.96], [151.77, -28.96], [151.77, -28.94], [151.74, -28.92], [151.73, -28.87], [151.71, -28.87], [151.67, -28.91], [151.64, -28.92], [151.63, -28.93], [151.61, -28.92], [151.58, -28.95], [151.57, -28.94], [151.55, -28.95], [151.54, -28.98], [151.5, -29.02], [151.49, -29.06], [151.5, -29.07], [151.49, -29.09], [151.46, -29.1], [151.45, -29.13], [151.43, -29.15], [151.41, -29.15], [151.39, -29.18], [151.34, -29.18], [151.31, -29.17], [151.31, -29.15], [151.32, -29.13], [151.28, -29.1], [151.28, -29.08], [151.29, -29.05], [151.28, -29.04], [151.27, -29.03], [151.28, -29.01], [151.28, -28.99], [151.28, -28.98], [151.27, -28.97], [151.28, -28.95], [151.27, -28.94], [151.24, -28.92], [151.23, -28.9], [151.21, -28.9], [151.2, -28.88], [151.13, -28.86], [151.1, -28.84], [151.08, -28.83], [151.05, -28.85], [151.05, -28.84], [151.04, -28.83], [151.04, -28.8], [151.02, -28.79], [151.02, -28.77], [151.03, -28.77], [151.03, -28.76], [151.01, -28.74], [150.94, -28.73], [150.93, -28.71], [150.91, -28.69], [150.87, -28.69], [150.85, -28.67], [150.82, -28.67], [150.82, -28.66], [150.8, -28.66], [150.75, -28.63], [150.73, -28.63], [150.71, -28.65], [150.68, -28.66], [150.67, -28.65], [150.63, -28.68], [150.63, -28.67], [150.6, -28.67], [150.58, -28.66], [150.56, -28.66], [150.55, -28.65], [150.55, -28.66], [150.55, -28.67], [150.54, -28.67], [150.53, -28.67], [150.54, -28.66], [150.53, -28.65], [150.51, -28.66], [150.49, -28.66], [150.46, -28.67], [150.45, -28.67], [150.43, -28.65], [150.42, -28.65], [150.41, -28.63], [150.4, -28.63], [150.39, -28.63], [150.37, -28.62], [150.36, -28.61], [150.37, -28.6], [150.35, -28.59], [150.35, -28.58], [150.33, -28.57], [150.32, -28.56], [150.29, -28.54], [150.24, -28.55], [150.24, -28.56], [150.23, -28.56], [150.23, -28.57], [150.21, -28.57], [150.19, -28.57], [150.18, -28.56], [150.17, -28.56], [150.17, -28.55], [150.15, -28.56], [150.15, -28.55], [150.14, -28.57], [150.12, -28.56], [150.11, -28.57], [150.09, -28.56], [150.09, -28.58], [150.08, -28.58], [150.07, -28.58], [150.05, -28.59], [150.05, -28.58], [150.02, -28.58], [149.98, -28.61], [149.95, -28.61], [149.94, -28.62], [149.94, -28.61], [149.92, -28.61], [149.9, -28.62], [149.86, -28.6], [149.84, -28.61], [149.83, -28.6], [149.82, -28.62], [149.81, -28.61], [149.78, -28.61], [149.75, -28.61], [149.74, -28.62], [149.72, -28.61], [149.7, -28.62], [149.71, -28.62], [149.7, -28.63], [149.67, -28.63], [149.67, -28.62], [149.66, -28.61], [149.66, -28.62], [149.65, -28.61], [149.64, -28.6], [149.63, -28.59], [149.61, -28.6], [149.59, -28.57], [149.57, -28.57], [149.55, -28.58], [149.53, -28.57], [149.51, -28.58], [149.5, -28.57], [149.5, -28.58], [149.48, -28.58], [149.47, -28.59], [149.45, -28.59], [149.44, -28.61], [149.44, -28.62], [149.43, -28.63], [149.43, -28.64], [149.43, -28.65], [149.42, -28.65], [149.42, -28.66], [149.41, -28.68], [149.39, -28.68], [149.39, -28.7], [149.36, -28.68], [149.35, -28.7], [149.33, -28.7], [149.32, -28.71], [149.3, -28.71], [149.27, -28.74], [149.26, -28.73], [149.25, -28.74], [149.22, -28.76], [149.19, -28.78], [149.18, -28.8], [149.16, -28.81], [149.14, -28.81], [149.14, -28.82], [149.13, -28.84], [149.11, -28.83], [149.1, -28.84], [149.1, -28.83], [149.08, -28.84], [149.08, -28.86], [149.06, -28.88], [149.06, -28.89], [149.06, -28.91], [149.05, -28.92], [149.03, -28.96], [149.01, -28.96], [149.0, -28.97], [148.98, -28.98], [148.96, -29.0], [141.0, -29.0], [141.0, -26.0], [138.0, -26.0], [138.0, -16.54], [138.05, -16.58], [138.12, -16.65], [138.18, -16.69], [138.27, -16.72], [138.32, -16.75], [138.33, -16.74], [138.36, -16.74], [138.43, -16.78], [138.45, -16.77], [138.48, -16.78], [138.47, -16.78], [138.49, -16.78], [138.54, -16.78], [138.63, -16.77], [138.66, -16.78], [138.65, -16.78], [138.68, -16.8], [138.82, -16.85], [138.84, -16.87], [138.88, -16.88], [138.92, -16.88], [138.95, -16.89], [138.98, -16.89], [139.04, -16.91], [139.03, -16.93], [139.04, -16.95], [139.08, -16.98], [139.09, -17.0], [139.16, -17.03], [139.14, -17.08], [139.16, -17.16], [139.2, -17.27], [139.24, -17.32], [139.31, -17.36], [139.34, -17.37], [139.42, -17.37], [139.45, -17.39], [139.44, -17.42], [139.45, -17.4], [139.48, -17.4], [139.54, -17.44], [139.55, -17.46], [139.55, -17.47], [139.59, -17.48], [139.6, -17.51], [139.65, -17.54], [139.71, -17.55], [139.72, -17.55], [139.75, -17.56], [139.76, -17.58], [139.81, -17.58], [139.82, -17.57], [139.84, -17.59], [139.83, -17.61], [139.85, -17.6], [139.94, -17.63], [139.95, -17.67], [140.0, -17.71], [140.09, -17.72], [140.2, -17.7], [140.22, -17.71], [140.38, -17.68], [140.45, -17.64], [140.46, -17.65], [140.48, -17.64], [140.57, -17.6], [140.59, -17.6], [140.71, -17.51], [140.74, -17.51], [140.77, -17.48], [140.83, -17.47], [140.83, -17.46], [140.89, -17.38], [140.89, -17.35], [140.9, -17.35], [140.89, -17.34], [140.9, -17.32], [140.9, -17.3], [140.91, -17.28], [140.91, -17.23], [140.93, -17.2], [140.94, -17.18], [140.95, -17.1], [140.96, -17.09], [140.95, -17.04], [140.96, -17.0], [140.97, -16.97], [141.01, -16.94], [141.06, -16.87], [141.08, -16.8], [141.09, -16.8], [141.13, -16.78], [141.2, -16.69], [141.22, -16.66], [141.23, -16.59], [141.25, -16.56], [141.27, -16.56], [141.3, -16.5], [141.3, -16.46], [141.29, -16.43], [141.29, -16.41], [141.32, -16.34], [141.35, -16.22], [141.41, -16.12], [141.43, -16.07], [141.41, -16.02], [141.39, -15.95], [141.37, -15.92], [141.4, -15.91], [141.41, -15.87], [141.43, -15.66], [141.48, -15.5], [141.5, -15.48], [141.54, -15.35], [141.55, -15.35], [141.55, -15.33], [141.57, -15.3], [141.58, -15.24], [141.58, -15.21], [141.59, -15.2], [141.58, -15.2], [141.63, -15.16], [141.64, -15.13], [141.63, -15.1], [141.64, -15.08], [141.66, -15.05], [141.67, -15.02], [141.66, -15.0]], [[153.38, -27.88], [153.38, -27.89], [153.35, -27.89], [153.36, -27.89], [153.35, -27.9], [153.34, -27.89], [153.35, -27.9], [153.34, -27.91], [153.35, -27.92], [153.36, -27.91], [153.36, -27.89], [153.38, -27.89], [153.38, -27.88]], [[153.03, -27.47], [153.03, -27.48], [153.02, -27.47], [153.0, -27.47], [152.99, -27.49], [153.02, -27.49], [153.02, -27.5], [153.0, -27.51], [153.01, -27.52], [153.0, -27.51], [153.02, -27.5], [153.02, -27.49], [153.0, -27.49], [153.01, -27.48], [153.02, -27.47], [153.03, -27.48], [153.03, -27.47]], [[153.01, -27.52], [153.0, -27.52], [152.97, -27.5], [152.97, -27.51], [152.97, -27.54], [152.94, -27.53], [152.93, -27.53], [152.92, -27.54], [152.9, -27.54], [152.91, -27.55], [152.89, -27.56], [152.9, -27.57], [152.89, -27.58], [152.91, -27.6], [152.9, -27.6], [152.87, -27.58], [152.86, -27.6], [152.87, -27.58], [152.9, -27.6], [152.91, -27.6], [152.89, -27.58], [152.9, -27.57], [152.9, -27.56], [152.91, -27.56], [152.9, -27.54], [152.92, -27.54], [152.93, -27.53], [152.94, -27.53], [152.97, -27.54], [152.97, -27.52], [152.97, -27.51], [153.0, -27.52], [153.01, -27.52]]], [[[153.55, -27.43], [153.53, -27.46], [153.48, -27.58], [153.46, -27.67], [153.45, -27.73], [153.44, -27.73], [153.45, -27.72], [153.44, -27.72], [153.43, -27.73], [153.44, -27.73], [153.41, -27.74], [153.39, -27.71], [153.4, -27.69], [153.4, -27.66], [153.42, -27.64], [153.41, -27.61], [153.41, -27.6], [153.41, -27.51], [153.4, -27.5], [153.41, -27.48], [153.42, -27.47], [153.44, -27.41], [153.43, -27.41], [153.44, -27.39], [153.46, -27.39], [153.48, -27.42], [153.54, -27.43], [153.55, -27.43]]], [[[153.47, -27.03], [153.43, -27.13], [153.42, -27.2], [153.42, -27.27], [153.44, -27.33], [153.43, -27.36], [153.42, -27.36], [153.42, -27.33], [153.37, -27.2], [153.37, -27.18], [153.36, -27.14], [153.37, -27.1], [153.36, -27.06], [153.4, -27.04], [153.39, -27.05], [153.41, -27.04], [153.39, -27.05], [153.45, -27.02], [153.47, -27.03]]], [[[153.45, -27.76], [153.43, -27.87], [153.43, -27.92], [153.43, -27.93], [153.42, -27.92], [153.42, -27.87], [153.41, -27.86], [153.41, -27.83], [153.44, -27.78], [153.44, -27.75], [153.45, -27.76]]], [[[153.38, -27.62], [153.36, -27.63], [153.35, -27.62], [153.36, -27.58], [153.37, -27.59], [153.36, -27.61], [153.37, -27.62], [153.37, -27.61], [153.38, -27.62]]], [[[152.95, -25.57], [152.95, -25.56], [152.96, -25.56], [152.95, -25.55], [152.99, -25.51], [152.99, -25.48], [152.98, -25.47], [152.99, -25.45], [153.01, -25.41], [153.03, -25.38], [153.05, -25.35], [153.04, -25.28], [153.05, -25.26], [153.05, -25.25], [153.05, -25.24], [153.04, -25.22], [153.0, -25.23], [152.99, -25.22], [153.03, -25.18], [153.08, -25.15], [153.16, -25.08], [153.22, -25.0], [153.23, -24.94], [153.23, -24.91], [153.17, -24.83], [153.14, -24.82], [153.12, -24.82], [153.18, -24.74], [153.25, -24.7], [153.26, -24.7], [153.27, -24.7], [153.26, -24.82], [153.27, -24.89], [153.3, -24.95], [153.33, -24.96], [153.35, -24.96], [153.35, -25.0], [153.36, -25.01], [153.19, -25.37], [153.11, -25.56], [153.08, -25.67], [153.09, -25.76], [153.08, -25.79], [153.04, -25.79], [153.02, -25.77], [152.99, -25.72], [152.99, -25.7], [152.98, -25.68], [152.99, -25.67], [152.98, -25.67], [152.98, -25.66], [152.97, -25.64], [152.97, -25.62], [152.96, -25.61], [152.96, -25.6], [152.96, -25.58], [152.96, -25.59], [152.95, -25.58], [152.95, -25.59], [152.94, -25.59], [152.95, -25.57]]], [[[153.21, -27.08], [153.2, -27.1], [153.17, -27.1], [153.16, -27.07], [153.14, -27.05], [153.13, -27.04], [153.1, -27.01], [153.09, -26.99], [153.1, -26.99], [153.08, -26.97], [153.09, -26.94], [153.08, -26.92], [153.08, -26.91], [153.13, -26.87], [153.13, -26.81], [153.13, -26.87], [153.14, -26.92], [153.17, -27.0], [153.21, -27.08]]], [[[151.39, -23.86], [151.39, -23.88], [151.37, -23.88], [151.37, -23.87], [151.36, -23.86], [151.37, -23.84], [151.36, -23.85], [151.36, -23.82], [151.35, -23.82], [151.34, -23.82], [151.34, -23.81], [151.33, -23.8], [151.32, -23.78], [151.33, -23.77], [151.33, -23.75], [151.34, -23.79], [151.37, -23.81], [151.39, -23.86]]], [[[151.32, -23.76], [151.3, -23.75], [151.29, -23.76], [151.29, -23.8], [151.26, -23.78], [151.28, -23.76], [151.26, -23.77], [151.26, -23.76], [151.27, -23.75], [151.26, -23.76], [151.26, -23.75], [151.25, -23.76], [151.26, -23.76], [151.26, -23.78], [151.25, -23.78], [151.25, -23.77], [151.24, -23.78], [151.25, -23.79], [151.23, -23.79], [151.22, -23.8], [151.21, -23.79], [151.22, -23.78], [151.2, -23.78], [151.17, -23.75], [151.13, -23.67], [151.1, -23.66], [151.1, -23.65], [151.1, -23.66], [151.09, -23.64], [151.05, -23.62], [151.04, -23.61], [151.03, -23.57], [151.01, -23.55], [150.99, -23.5], [150.98, -23.49], [151.01, -23.47], [151.02, -23.45], [151.05, -23.46], [151.05, -23.45], [151.06, -23.45], [151.08, -23.47], [151.07, -23.47], [151.08, -23.48], [151.07, -23.49], [151.08, -23.49], [151.09, -23.48], [151.13, -23.5], [151.12, -23.49], [151.16, -23.51], [151.2, -23.51], [151.2, -23.52], [151.19, -23.52], [151.2, -23.52], [151.18, -23.52], [151.19, -23.53], [151.18, -23.53], [151.19, -23.53], [151.18, -23.54], [151.22, -23.52], [151.22, -23.5], [151.24, -23.48], [151.23, -23.61], [151.25, -23.66], [151.27, -23.67], [151.26, -23.67], [151.27, -23.66], [151.29, -23.68], [151.3, -23.74], [151.32, -23.76]]], [[[150.99, -23.18], [150.99, -23.19], [150.98, -23.18], [150.94, -23.2], [150.93, -23.18], [150.93, -23.17], [150.95, -23.17], [150.96, -23.16], [150.98, -23.15], [150.98, -23.17], [150.99, -23.18]]], [[[150.56, -22.29], [150.55, -22.31], [150.54, -22.3], [150.54, -22.32], [150.53, -22.32], [150.52, -22.33], [150.51, -22.34], [150.5, -22.33], [150.48, -22.35], [150.48, -22.34], [150.49, -22.33], [150.48, -22.32], [150.5, -22.3], [150.49, -22.31], [150.47, -22.29], [150.46, -22.3], [150.47, -22.28], [150.48, -22.28], [150.47, -22.28], [150.48, -22.26], [150.5, -22.27], [150.48, -22.26], [150.49, -22.26], [150.49, -22.24], [150.5, -22.24], [150.49, -22.23], [150.47, -22.23], [150.47, -22.22], [150.48, -22.21], [150.52, -22.22], [150.53, -22.28], [150.55, -22.28], [150.56, -22.29]]], [[[150.47, -22.25], [150.45, -22.25], [150.46, -22.26], [150.44, -22.27], [150.43, -22.28], [150.43, -22.29], [150.42, -22.3], [150.42, -22.28], [150.44, -22.25], [150.43, -22.25], [150.44, -22.23], [150.46, -22.23], [150.45, -22.23], [150.47, -22.25]]], [[[150.36, -21.72], [150.35, -21.74], [150.35, -21.76], [150.34, -21.77], [150.33, -21.77], [150.3, -21.75], [150.31, -21.74], [150.34, -21.74], [150.36, -21.72]]], [[[150.3, -21.66], [150.27, -21.68], [150.25, -21.67], [150.24, -21.68], [150.24, -21.65], [150.25, -21.65], [150.25, -21.62], [150.26, -21.64], [150.29, -21.64], [150.3, -21.66]]], [[[150.04, -22.11], [150.01, -22.11], [150.02, -22.13], [150.01, -22.13], [149.98, -22.16], [149.95, -22.17], [149.93, -22.15], [149.95, -22.13], [149.97, -22.13], [149.98, -22.12], [149.99, -22.11], [150.0, -22.12], [150.0, -22.11], [150.01, -22.1], [150.04, -22.11]]], [[[149.93, -22.13], [149.92, -22.15], [149.92, -22.21], [149.91, -22.22], [149.9, -22.23], [149.87, -22.23], [149.87, -22.22], [149.88, -22.21], [149.86, -22.17], [149.87, -22.15], [149.87, -22.12], [149.87, -22.1], [149.88, -22.1], [149.88, -22.07], [149.9, -22.05], [149.91, -22.06], [149.9, -22.08], [149.92, -22.12], [149.93, -22.13]]], [[[149.63, -20.87], [149.62, -20.88], [149.61, -20.88], [149.6, -20.89], [149.58, -20.87], [149.58, -20.86], [149.61, -20.86], [149.6, -20.85], [149.62, -20.86], [149.63, -20.87]]], [[[149.46, -20.91], [149.45, -20.93], [149.44, -20.94], [149.43, -20.94], [149.43, -20.95], [149.42, -20.94], [149.44, -20.93], [149.43, -20.93], [149.43, -20.91], [149.45, -20.9], [149.46, -20.91]]], [[[149.17, -20.68], [149.16, -20.67], [149.16, -20.68], [149.15, -20.69], [149.14, -20.69], [149.15, -20.68], [149.15, -20.67], [149.15, -20.66], [149.16, -20.67], [149.17, -20.68]]], [[[149.1, -20.48], [149.1, -20.49], [149.08, -20.48], [149.07, -20.53], [149.07, -20.52], [149.04, -20.52], [149.05, -20.51], [149.04, -20.5], [149.05, -20.51], [149.07, -20.5], [149.07, -20.48], [149.08, -20.48], [149.07, -20.46], [149.08, -20.46], [149.07, -20.45], [149.08, -20.44], [149.09, -20.45], [149.08, -20.46], [149.1, -20.48]]], [[[149.1, -20.25], [149.1, -20.27], [149.09, -20.28], [149.09, -20.3], [149.08, -20.3], [149.09, -20.29], [149.08, -20.3], [149.08, -20.29], [149.07, -20.29], [149.08, -20.27], [149.09, -20.27], [149.1, -20.25]]], [[[149.06, -20.29], [149.05, -20.31], [149.04, -20.3], [149.03, -20.31], [149.03, -20.3], [149.02, -20.32], [148.99, -20.3], [148.98, -20.31], [148.99, -20.32], [148.96, -20.33], [148.96, -20.3], [148.95, -20.3], [148.97, -20.27], [148.97, -20.28], [148.96, -20.29], [148.96, -20.28], [148.94, -20.31], [148.93, -20.29], [148.92, -20.3], [148.93, -20.29], [148.91, -20.29], [148.91, -20.28], [148.93, -20.28], [148.94, -20.26], [148.94, -20.27], [148.96, -20.24], [148.95, -20.24], [148.96, -20.23], [148.94, -20.24], [148.94, -20.23], [148.95, -20.22], [148.96, -20.19], [148.96, -20.16], [148.98, -20.16], [148.97, -20.17], [148.98, -20.19], [148.98, -20.21], [149.0, -20.2], [148.99, -20.25], [149.01, -20.23], [149.0, -20.26], [149.03, -20.23], [149.01, -20.27], [149.03, -20.26], [149.04, -20.28], [149.06, -20.29]]], [[[148.98, -20.35], [148.98, -20.36], [148.97, -20.37], [148.97, -20.35], [148.96, -20.36], [148.95, -20.38], [148.95, -20.37], [148.96, -20.36], [148.94, -20.36], [148.95, -20.33], [148.96, -20.35], [148.98, -20.34], [148.98, -20.35]]], [[[148.97, -20.07], [148.95, -20.08], [148.95, -20.09], [148.96, -20.09], [148.96, -20.11], [148.95, -20.09], [148.94, -20.1], [148.95, -20.16], [148.93, -20.18], [148.93, -20.13], [148.92, -20.17], [148.9, -20.17], [148.92, -20.12], [148.89, -20.17], [148.88, -20.16], [148.88, -20.12], [148.89, -20.11], [148.9, -20.11], [148.91, -20.1], [148.91, -20.09], [148.9, -20.08], [148.91, -20.07], [148.92, -20.06], [148.93, -20.08], [148.93, -20.07], [148.94, -20.06], [148.96, -20.06], [148.97, -20.07]]], [[[148.48, -20.0], [148.47, -20.05], [148.46, -20.05], [148.44, -20.04], [148.44, -20.02], [148.45, -19.97], [148.46, -19.97], [148.47, -20.0], [148.48, -20.0]]], [[[146.88, -19.11], [146.87, -19.15], [146.85, -19.16], [146.85, -19.18], [146.8, -19.16], [146.78, -19.13], [146.79, -19.12], [146.82, -19.12], [146.83, -19.1], [146.85, -19.12], [146.86, -19.12], [146.86, -19.1], [146.88, -19.11]]], [[[146.69, -18.76], [146.65, -18.78], [146.63, -18.76], [146.62, -18.76], [146.61, -18.76], [146.59, -18.76], [146.58, -18.77], [146.57, -18.76], [146.57, -18.75], [146.58, -18.75], [146.58, -18.73], [146.59, -18.71], [146.57, -18.68], [146.59, -18.68], [146.6, -18.7], [146.62, -18.71], [146.64, -18.75], [146.69, -18.74], [146.69, -18.76]]], [[[146.51, -18.62], [146.5, -18.66], [146.49, -18.67], [146.49, -18.65], [146.5, -18.63], [146.48, -18.61], [146.49, -18.6], [146.48, -18.59], [146.48, -18.57], [146.5, -18.58], [146.51, -18.62]]], [[[146.24, -18.28], [146.23, -18.27], [146.24, -18.27], [146.23, -18.26], [146.23, -18.23], [146.22, -18.23], [146.22, -18.21], [146.22, -18.19], [146.23, -18.2], [146.23, -18.22], [146.25, -18.24], [146.27, -18.24], [146.3, -18.23], [146.31, -18.24], [146.29, -18.27], [146.28, -18.32], [146.29, -18.33], [146.31, -18.36], [146.32, -18.35], [146.33, -18.36], [146.34, -18.38], [146.33, -18.39], [146.33, -18.38], [146.32, -18.4], [146.36, -18.42], [146.34, -18.43], [146.32, -18.49], [146.3, -18.49], [146.29, -18.49], [146.25, -18.49], [146.22, -18.48], [146.2, -18.44], [146.21, -18.4], [146.19, -18.37], [146.15, -18.31], [146.1, -18.29], [146.07, -18.25], [146.1, -18.23], [146.13, -18.23], [146.2, -18.28], [146.25, -18.3], [146.24, -18.28], [146.24, -18.29], [146.23, -18.28], [146.24, -18.28]]], [[[146.18, -18.4], [146.18, -18.37], [146.19, -18.4], [146.2, -18.42], [146.19, -18.43], [146.18, -18.42], [146.17, -18.42], [146.17, -18.41], [146.18, -18.41], [146.17, -18.4], [146.15, -18.36], [146.16, -18.37], [146.17, -18.37], [146.18, -18.4]]], [[[145.48, -14.67], [145.47, -14.68], [145.47, -14.69], [145.45, -14.68], [145.44, -14.67], [145.46, -14.67], [145.45, -14.65], [145.47, -14.65], [145.48, -14.67]]], [[[142.8, -9.38], [142.79, -9.39], [142.75, -9.4], [142.74, -9.42], [142.71, -9.43], [142.65, -9.43], [142.61, -9.41], [142.6, -9.4], [142.6, -9.38], [142.65, -9.36], [142.71, -9.38], [142.74, -9.37], [142.8, -9.38]]], [[[142.34, -10.17], [142.33, -10.2], [142.28, -10.26], [142.24, -10.23], [142.23, -10.23], [142.22, -10.24], [142.18, -10.19], [142.21, -10.17], [142.21, -10.16], [142.22, -10.13], [142.24, -10.12], [142.25, -10.13], [142.27, -10.12], [142.29, -10.13], [142.3, -10.12], [142.31, -10.14], [142.33, -10.14], [142.33, -10.16], [142.34, -10.17]]], [[[142.29, -9.26], [142.28, -9.28], [142.25, -9.29], [142.16, -9.28], [142.13, -9.26], [142.22, -9.23], [142.24, -9.26], [142.27, -9.25], [142.29, -9.26]]], [[[142.28, -10.71], [142.26, -10.73], [142.26, -10.71], [142.24, -10.71], [142.25, -10.72], [142.23, -10.74], [142.23, -10.72], [142.21, -10.73], [142.2, -10.75], [142.19, -10.75], [142.19, -10.77], [142.18, -10.77], [142.16, -10.76], [142.15, -10.76], [142.14, -10.74], [142.11, -10.72], [142.12, -10.71], [142.11, -10.69], [142.12, -10.69], [142.11, -10.66], [142.12, -10.65], [142.12, -10.64], [142.14, -10.64], [142.15, -10.62], [142.17, -10.62], [142.19, -10.6], [142.2, -10.59], [142.21, -10.62], [142.25, -10.65], [142.25, -10.67], [142.28, -10.71]]], [[[142.19, -10.11], [142.19, -10.15], [142.17, -10.16], [142.16, -10.18], [142.15, -10.17], [142.13, -10.18], [142.12, -10.15], [142.11, -10.15], [142.09, -10.13], [142.09, -10.12], [142.09, -10.11], [142.11, -10.08], [142.11, -10.07], [142.13, -10.07], [142.16, -10.06], [142.17, -10.07], [142.18, -10.06], [142.19, -10.11]]], [[[139.71, -16.53], [139.69, -16.53], [139.68, -16.52], [139.66, -16.52], [139.64, -16.53], [139.63, -16.53], [139.6, -16.55], [139.59, -16.53], [139.58, -16.53], [139.58, -16.5], [139.56, -16.49], [139.57, -16.47], [139.55, -16.46], [139.56, -16.48], [139.54, -16.49], [139.53, -16.52], [139.51, -16.51], [139.48, -16.53], [139.49, -16.54], [139.51, -16.55], [139.51, -16.58], [139.48, -16.56], [139.45, -16.57], [139.46, -16.58], [139.47, -16.57], [139.47, -16.58], [139.46, -16.58], [139.47, -16.59], [139.47, -16.63], [139.44, -16.63], [139.45, -16.63], [139.45, -16.67], [139.44, -16.67], [139.42, -16.67], [139.4, -16.64], [139.39, -16.64], [139.38, -16.65], [139.38, -16.64], [139.38, -16.66], [139.37, -16.67], [139.37, -16.69], [139.36, -16.68], [139.35, -16.69], [139.32, -16.71], [139.31, -16.73], [139.31, -16.72], [139.27, -16.73], [139.25, -16.72], [139.23, -16.73], [139.22, -16.71], [139.2, -16.71], [139.2, -16.66], [139.17, -16.67], [139.15, -16.63], [139.16, -16.61], [139.21, -16.57], [139.22, -16.54], [139.24, -16.52], [139.24, -16.5], [139.29, -16.48], [139.3, -16.46], [139.34, -16.46], [139.36, -16.45], [139.42, -16.44], [139.47, -16.45], [139.54, -16.41], [139.55, -16.39], [139.6, -16.4], [139.65, -16.45], [139.68, -16.45], [139.68, -16.47], [139.69, -16.47], [139.7, -16.48], [139.7, -16.51], [139.71, -16.53]]], [[[139.64, -17.07], [139.61, -17.12], [139.61, -17.14], [139.6, -17.14], [139.6, -17.13], [139.6, -17.11], [139.61, -17.11], [139.63, -17.06], [139.64, -17.07]]], [[[139.47, -17.1], [139.43, -17.11], [139.43, -17.12], [139.44, -17.14], [139.43, -17.14], [139.41, -17.12], [139.39, -17.08], [139.42, -17.08], [139.45, -17.06], [139.46, -17.03], [139.47, -17.03], [139.46, -17.03], [139.47, -17.02], [139.47, -17.04], [139.49, -17.04], [139.49, -17.03], [139.47, -17.03], [139.48, -17.02], [139.49, -17.02], [139.49, -17.0], [139.5, -17.0], [139.49, -17.0], [139.49, -16.98], [139.54, -17.03], [139.56, -17.03], [139.55, -17.05], [139.55, -17.07], [139.58, -17.09], [139.52, -17.1], [139.51, -17.11], [139.52, -17.12], [139.51, -17.12], [139.48, -17.12], [139.47, -17.1]]], [[[139.27, -17.06], [139.25, -17.06], [139.25, -17.05], [139.23, -17.05], [139.22, -17.03], [139.21, -17.04], [139.21, -17.0], [139.24, -17.03], [139.27, -17.06]]], [[[139.19, -16.68], [139.18, -16.7], [139.19, -16.72], [139.17, -16.73], [139.18, -16.73], [139.17, -16.73], [139.16, -16.75], [139.14, -16.75], [139.15, -16.69], [139.17, -16.67], [139.19, -16.68]]], [[[139.15, -16.82], [139.13, -16.83], [139.11, -16.84], [139.11, -16.85], [139.09, -16.84], [139.09, -16.83], [139.09, -16.81], [139.13, -16.8], [139.15, -16.82]]]]}}, {"type": "Feature", "properties": {"state": "South Australia", "code": "SA", "city": "Adelaide", "grocery_index": 99.0, "weekly": 60.41}, "geometry": {"type": "MultiPolygon", "coordinates": [[[[138.5, -34.84], [138.51, -34.84], [138.52, -34.81], [138.53, -34.82], [138.55, -34.81], [138.57, -34.83], [138.55, -34.81], [138.55, -34.79], [138.54, -34.77], [138.54, -34.75], [138.53, -34.75], [138.53, -34.74], [138.49, -34.72], [138.48, -34.7], [138.46, -34.7], [138.45, -34.68], [138.44, -34.67], [138.43, -34.67], [138.44, -34.65], [138.45, -34.65], [138.43, -34.62], [138.41, -34.62], [138.42, -34.61], [138.41, -34.6], [138.36, -34.58], [138.35, -34.56], [138.34, -34.53], [138.27, -34.48], [138.25, -34.4], [138.23, -34.37], [138.23, -34.34], [138.22, -34.31], [138.19, -34.27], [138.15, -34.27], [138.17, -34.25], [138.17, -34.22], [138.1, -34.14], [138.08, -34.13], [138.04, -34.17], [138.03, -34.22], [138.01, -34.23], [138.0, -34.26], [138.02, -34.29], [138.01, -34.35], [137.92, -34.43], [137.9, -34.49], [137.89, -34.51], [137.88, -34.6], [137.91, -34.62], [137.88, -34.67], [137.88, -34.7], [137.87, -34.72], [137.86, -34.77], [137.87, -34.78], [137.83, -34.81], [137.8, -34.88], [137.8, -34.91], [137.81, -34.91], [137.79, -34.92], [137.76, -35.0], [137.76, -35.04], [137.73, -35.04], [137.72, -35.05], [137.75, -35.07], [137.74, -35.1], [137.76, -35.11], [137.7, -35.14], [137.68, -35.17], [137.64, -35.17], [137.55, -35.12], [137.53, -35.11], [137.51, -35.12], [137.46, -35.1], [137.42, -35.1], [137.35, -35.13], [137.34, -35.15], [137.34, -35.16], [137.33, -35.16], [137.35, -35.16], [137.33, -35.17], [137.3, -35.17], [137.26, -35.16], [137.24, -35.16], [137.2, -35.19], [137.19, -35.21], [137.19, -35.23], [137.17, -35.24], [137.11, -35.24], [137.08, -35.23], [137.0, -35.22], [136.98, -35.24], [136.98, -35.25], [136.97, -35.25], [136.97, -35.27], [136.95, -35.27], [136.94, -35.28], [136.9, -35.29], [136.88, -35.3], [136.87, -35.29], [136.85, -35.28], [136.82, -35.25], [136.83, -35.24], [136.83, -35.23], [136.85, -35.23], [136.85, -35.19], [136.87, -35.19], [136.89, -35.19], [136.9, -35.16], [136.91, -35.15], [136.94, -35.13], [136.94, -35.11], [136.96, -35.08], [136.93, -35.03], [136.94, -35.02], [136.94, -35.01], [136.97, -35.0], [136.98, -34.94], [137.01, -34.92], [137.01, -34.89], [137.09, -34.92], [137.15, -34.92], [137.19, -34.9], [137.22, -34.9], [137.28, -34.89], [137.29, -34.9], [137.31, -34.93], [137.35, -34.93], [137.36, -34.95], [137.37, -34.95], [137.42, -34.94], [137.45, -34.91], [137.46, -34.88], [137.46, -34.81], [137.51, -34.62], [137.51, -34.58], [137.47, -34.51], [137.49, -34.48], [137.48, -34.44], [137.46, -34.43], [137.45, -34.44], [137.43, -34.47], [137.42, -34.46], [137.42, -34.44], [137.44, -34.43], [137.45, -34.4], [137.47, -34.4], [137.48, -34.39], [137.48, -34.34], [137.5, -34.31], [137.5, -34.23], [137.45, -34.14], [137.51, -34.14], [137.52, -34.13], [137.53, -34.11], [137.57, -34.04], [137.55, -34.01], [137.53, -34.0], [137.54, -33.99], [137.56, -33.99], [137.56, -33.97], [137.58, -33.97], [137.6, -33.94], [137.63, -33.92], [137.63, -33.9], [137.6, -33.88], [137.64, -33.83], [137.73, -33.77], [137.74, -33.74], [137.76, -33.71], [137.8, -33.68], [137.83, -33.64], [137.86, -33.63], [137.88, -33.6], [137.89, -33.59], [137.92, -33.59], [137.92, -33.6], [137.91, -33.61], [137.9, -33.61], [137.91, -33.6], [137.89, -33.63], [137.92, -33.62], [137.94, -33.58], [137.94, -33.55], [137.95, -33.55], [137.95, -33.57], [137.96, -33.57], [137.98, -33.56], [137.97, -33.54], [137.96, -33.55], [137.94, -33.55], [137.94, -33.52], [137.95, -33.51], [137.93, -33.5], [137.91, -33.43], [137.87, -33.4], [137.88, -33.36], [137.89, -33.37], [137.88, -33.36], [137.89, -33.35], [137.88, -33.35], [137.88, -33.32], [137.87, -33.32], [137.88, -33.33], [137.87, -33.32], [137.86, -33.32], [137.87, -33.33], [137.85, -33.33], [137.84, -33.32], [137.84, -33.3], [137.82, -33.29], [137.81, -33.27], [137.83, -33.25], [137.82, -33.24], [137.84, -33.21], [137.85, -33.21], [137.85, -33.2], [137.91, -33.17], [137.93, -33.18], [137.94, -33.16], [137.96, -33.17], [137.96, -33.16], [137.95, -33.15], [137.99, -33.14], [138.0, -33.13], [138.01, -33.13], [138.0, -33.14], [138.01, -33.15], [138.01, -33.18], [138.02, -33.18], [138.04, -33.17], [138.01, -33.18], [138.02, -33.16], [138.03, -33.16], [138.02, -33.15], [138.05, -33.14], [138.05, -33.12], [138.04, -33.1], [138.02, -33.11], [138.03, -33.1], [138.04, -33.1], [138.05, -33.09], [138.02, -33.04], [137.95, -33.01], [137.96, -32.98], [137.91, -32.85], [137.9, -32.78], [137.92, -32.77], [137.92, -32.76], [137.94, -32.77], [137.94, -32.76], [137.89, -32.72], [137.84, -32.7], [137.86, -32.69], [137.87, -32.66], [137.85, -32.64], [137.84, -32.64], [137.8, -32.61], [137.82, -32.58], [137.83, -32.59], [137.83, -32.6], [137.83, -32.59], [137.84, -32.6], [137.83, -32.59], [137.84, -32.59], [137.83, -32.58], [137.84, -32.57], [137.82, -32.56], [137.78, -32.55], [137.79, -32.55], [137.78, -32.54], [137.79, -32.53], [137.77, -32.52], [137.77, -32.51], [137.76, -32.49], [137.77, -32.48], [137.76, -32.46], [137.77, -32.44], [137.75, -32.42], [137.75, -32.43], [137.76, -32.44], [137.75, -32.46], [137.76, -32.48], [137.75, -32.5], [137.76, -32.51], [137.75, -32.53], [137.76, -32.6], [137.75, -32.67], [137.76, -32.69], [137.75, -32.71], [137.75, -32.72], [137.78, -32.71], [137.81, -32.75], [137.79, -32.78], [137.8, -32.78], [137.8, -32.8], [137.81, -32.85], [137.8, -32.87], [137.79, -32.87], [137.8, -32.89], [137.79, -32.92], [137.76, -32.91], [137.75, -32.92], [137.79, -33.0], [137.76, -32.99], [137.76, -33.0], [137.72, -32.99], [137.71, -32.97], [137.69, -32.96], [137.66, -32.95], [137.64, -32.96], [137.61, -32.97], [137.6, -33.0], [137.6, -33.01], [137.6, -33.0], [137.6, -33.01], [137.6, -33.02], [137.59, -33.02], [137.6, -33.04], [137.55, -33.06], [137.56, -33.07], [137.54, -33.08], [137.54, -33.09], [137.5, -33.11], [137.49, -33.12], [137.46, -33.14], [137.45, -33.13], [137.44, -33.15], [137.43, -33.23], [137.4, -33.29], [137.39, -33.29], [137.38, -33.29], [137.39, -33.3], [137.37, -33.29], [137.38, -33.3], [137.38, -33.34], [137.39, -33.37], [137.36, -33.41], [137.36, -33.44], [137.31, -33.47], [137.31, -33.5], [137.3, -33.51], [137.28, -33.57], [137.26, -33.58], [137.25, -33.61], [137.21, -33.66], [137.18, -33.67], [137.17, -33.69], [137.12, -33.7], [137.07, -33.7], [137.04, -33.71], [137.03, -33.72], [136.99, -33.72], [136.95, -33.76], [136.86, -33.8], [136.8, -33.8], [136.78, -33.83], [136.73, -33.83], [136.67, -33.88], [136.59, -33.9], [136.57, -33.92], [136.57, -33.94], [136.5, -33.99], [136.43, -34.01], [136.36, -34.07], [136.35, -34.1], [136.36, -34.12], [136.33, -34.15], [136.32, -34.18], [136.28, -34.22], [136.26, -34.27], [136.23, -34.3], [136.19, -34.33], [136.14, -34.34], [136.11, -34.36], [136.1, -34.38], [136.13, -34.41], [136.12, -34.41], [136.09, -34.43], [136.12, -34.43], [136.11, -34.46], [136.12, -34.47], [136.11, -34.48], [136.12, -34.49], [136.11, -34.52], [136.1, -34.52], [136.09, -34.54], [136.08, -34.53], [136.09, -34.52], [136.07, -34.51], [136.08, -34.5], [136.06, -34.48], [136.03, -34.48], [136.02, -34.5], [136.02, -34.52], [136.01, -34.51], [135.99, -34.52], [135.97, -34.5], [135.93, -34.53], [135.93, -34.54], [135.92, -34.55], [135.9, -34.59], [135.91, -34.61], [135.93, -34.61], [135.94, -34.65], [135.91, -34.63], [135.91, -34.62], [135.89, -34.62], [135.86, -34.63], [135.85, -34.67], [135.85, -34.72], [135.88, -34.72], [135.87, -34.74], [135.89, -34.74], [135.89, -34.75], [135.86, -34.77], [135.86, -34.75], [135.85, -34.75], [135.79, -34.81], [135.83, -34.82], [135.86, -34.81], [135.89, -34.81], [135.93, -34.77], [135.95, -34.77], [135.96, -34.76], [135.96, -34.78], [135.98, -34.78], [135.99, -34.77], [135.98, -34.76], [135.99, -34.75], [135.98, -34.73], [136.0, -34.73], [136.01, -34.74], [136.01, -34.76], [136.0, -34.79], [136.02, -34.79], [136.0, -34.8], [136.01, -34.81], [135.99, -34.83], [135.96, -34.85], [135.96, -34.88], [135.99, -34.93], [135.99, -34.94], [135.99, -34.96], [136.0, -34.96], [136.0, -34.98], [136.0, -34.99], [135.99, -34.98], [135.98, -34.99], [135.96, -34.99], [135.96, -35.0], [135.95, -35.01], [135.94, -35.0], [135.94, -34.99], [135.95, -34.98], [135.93, -34.97], [135.93, -34.95], [135.87, -34.92], [135.86, -34.93], [135.85, -34.89], [135.79, -34.86], [135.75, -34.86], [135.71, -34.87], [135.71, -34.91], [135.68, -34.91], [135.69, -34.92], [135.69, -34.94], [135.67, -34.95], [135.65, -34.94], [135.62, -34.94], [135.62, -34.92], [135.61, -34.92], [135.62, -34.91], [135.6, -34.89], [135.6, -34.88], [135.54, -34.81], [135.5, -34.78], [135.49, -34.77], [135.47, -34.74], [135.38, -34.69], [135.35, -34.68], [135.33, -34.69], [135.32, -34.68], [135.33, -34.67], [135.35, -34.67], [135.34, -34.63], [135.32, -34.61], [135.3, -34.6], [135.28, -34.58], [135.25, -34.55], [135.23, -34.54], [135.21, -34.55], [135.21, -34.56], [135.17, -34.56], [135.15, -34.57], [135.14, -34.59], [135.11, -34.59], [135.13, -34.58], [135.12, -34.56], [135.13, -34.54], [135.13, -34.53], [135.14, -34.52], [135.14, -34.5], [135.16, -34.49], [135.17, -34.46], [135.19, -34.46], [135.19, -34.43], [135.21, -34.43], [135.22, -34.43], [135.21, -34.44], [135.21, -34.48], [135.22, -34.5], [135.35, -34.52], [135.32, -34.52], [135.3, -34.55], [135.31, -34.56], [135.35, -34.58], [135.35, -34.6], [135.36, -34.62], [135.39, -34.62], [135.4, -34.63], [135.39, -34.64], [135.39, -34.63], [135.37, -34.63], [135.38, -34.64], [135.36, -34.64], [135.37, -34.64], [135.44, -34.63], [135.45, -34.63], [135.45, -34.61], [135.47, -34.62], [135.49, -34.61], [135.51, -34.62], [135.52, -34.61], [135.51, -34.59], [135.48, -34.6], [135.46, -34.59], [135.44, -34.6], [135.47, -34.62], [135.43, -34.6], [135.44, -34.57], [135.44, -34.54], [135.45, -34.54], [135.43, -34.53], [135.42, -34.54], [135.41, -34.54], [135.41, -34.52], [135.41, -34.51], [135.4, -34.52], [135.4, -34.53], [135.39, -34.53], [135.42, -34.55], [135.41, -34.56], [135.41, -34.59], [135.4, -34.59], [135.42, -34.6], [135.39, -34.6], [135.4, -34.56], [135.38, -34.52], [135.4, -34.5], [135.39, -34.44], [135.36, -34.42], [135.37, -34.38], [135.35, -34.37], [135.36, -34.37], [135.36, -34.34], [135.35, -34.27], [135.3, -34.18], [135.28, -34.17], [135.27, -34.18], [135.26, -34.16], [135.24, -34.15], [135.24, -34.14], [135.28, -34.12], [135.27, -34.09], [135.28, -34.07], [135.26, -34.03], [135.27, -34.02], [135.25, -33.98], [135.19, -33.92], [135.18, -33.88], [135.17, -33.87], [135.16, -33.88], [135.15, -33.85], [135.08, -33.8], [135.04, -33.76], [134.88, -33.65], [134.89, -33.64], [134.88, -33.64], [134.86, -33.64], [134.83, -33.63], [134.84, -33.62], [134.84, -33.59], [134.86, -33.55], [134.85, -33.44], [134.8, -33.33], [134.76, -33.31], [134.74, -33.27], [134.72, -33.26], [134.7, -33.26], [134.69, -33.25], [134.66, -33.23], [134.69, -33.23], [134.7, -33.22], [134.71, -33.23], [134.72, -33.23], [134.72, -33.22], [134.71, -33.21], [134.72, -33.21], [134.72, -33.2], [134.7, -33.17], [134.67, -33.16], [134.63, -33.16], [134.6, -33.14], [134.56, -33.16], [134.58, -33.19], [134.6, -33.2], [134.61, -33.19], [134.63, -33.2], [134.64, -33.18], [134.65, -33.2], [134.62, -33.2], [134.63, -33.21], [134.66, -33.22], [134.64, -33.22], [134.63, -33.25], [134.6, -33.2], [134.55, -33.19], [134.51, -33.16], [134.45, -33.14], [134.42, -33.15], [134.39, -33.17], [134.39, -33.18], [134.37, -33.18], [134.36, -33.13], [134.32, -33.09], [134.31, -33.09], [134.29, -33.08], [134.29, -33.06], [134.3, -33.05], [134.29, -33.04], [134.28, -33.04], [134.28, -33.03], [134.28, -33.02], [134.26, -33.03], [134.28, -33.04], [134.27, -33.04], [134.28, -33.05], [134.26, -33.06], [134.26, -33.07], [134.27, -33.09], [134.28, -33.1], [134.28, -33.11], [134.29, -33.12], [134.31, -33.11], [134.32, -33.12], [134.32, -33.13], [134.36, -33.15], [134.34, -33.16], [134.35, -33.16], [134.34, -33.16], [134.35, -33.19], [134.33, -33.2], [134.26, -33.15], [134.27, -33.14], [134.26, -33.1], [134.25, -33.09], [134.23, -33.04], [134.19, -33.04], [134.17, -33.06], [134.17, -33.04], [134.14, -33.02], [134.17, -33.01], [134.19, -33.01], [134.2, -33.0], [134.2, -32.96], [134.19, -32.94], [134.17, -32.93], [134.14, -32.93], [134.14, -32.94], [134.12, -32.93], [134.13, -32.93], [134.12, -32.91], [134.11, -32.91], [134.08, -32.93], [134.08, -32.92], [134.06, -32.91], [134.07, -32.91], [134.08, -32.9], [134.07, -32.88], [134.1, -32.88], [134.1, -32.87], [134.12, -32.87], [134.14, -32.84], [134.12, -32.78], [134.06, -32.72], [134.08, -32.71], [134.11, -32.72], [134.17, -32.72], [134.2, -32.73], [134.22, -32.73], [134.15, -32.72], [134.16, -32.74], [134.2, -32.75], [134.19, -32.77], [134.2, -32.8], [134.22, -32.79], [134.24, -32.75], [134.26, -32.73], [134.29, -32.69], [134.28, -32.68], [134.29, -32.66], [134.28, -32.65], [134.28, -32.61], [134.27, -32.57], [134.21, -32.51], [134.16, -32.47], [134.12, -32.45], [134.09, -32.46], [134.1, -32.45], [134.08, -32.46], [134.08, -32.47], [134.07, -32.46], [134.08, -32.46], [134.06, -32.46], [134.06, -32.44], [134.06, -32.46], [134.09, -32.47], [134.04, -32.46], [134.0, -32.48], [133.99, -32.51], [133.95, -32.49], [133.92, -32.49], [133.91, -32.51], [133.91, -32.52], [133.9, -32.52], [133.89, -32.54], [133.86, -32.53], [133.85, -32.54], [133.86, -32.52], [133.85, -32.5], [133.86, -32.48], [133.85, -32.46], [133.87, -32.42], [133.87, -32.4], [133.9, -32.4], [133.89, -32.4], [133.89, -32.41], [133.91, -32.41], [133.89, -32.42], [133.92, -32.43], [133.95, -32.41], [133.95, -32.39], [133.93, -32.38], [133.93, -32.36], [133.9, -32.32], [133.88, -32.31], [133.87, -32.28], [133.84, -32.26], [133.82, -32.25], [133.83, -32.24], [133.82, -32.23], [133.81, -32.23], [133.81, -32.24], [133.77, -32.26], [133.76, -32.24], [133.76, -32.22], [133.76, -32.21], [133.75, -32.2], [133.74, -32.21], [133.73, -32.2], [133.71, -32.19], [133.68, -32.2], [133.69, -32.16], [133.67, -32.14], [133.65, -32.15], [133.64, -32.14], [133.67, -32.13], [133.67, -32.1], [133.64, -32.1], [133.63, -32.1], [133.63, -32.09], [133.61, -32.09], [133.59, -32.09], [133.57, -32.12], [133.58, -32.14], [133.56, -32.16], [133.55, -32.17], [133.52, -32.16], [133.53, -32.14], [133.52, -32.14], [133.53, -32.13], [133.5, -32.14], [133.52, -32.14], [133.51, -32.15], [133.5, -32.15], [133.5, -32.13], [133.48, -32.13], [133.48, -32.12], [133.49, -32.11], [133.47, -32.1], [133.45, -32.11], [133.45, -32.14], [133.44, -32.12], [133.4, -32.14], [133.4, -32.16], [133.39, -32.16], [133.4, -32.17], [133.41, -32.17], [133.41, -32.18], [133.46, -32.17], [133.49, -32.2], [133.49, -32.21], [133.49, -32.2], [133.45, -32.18], [133.43, -32.18], [133.42, -32.2], [133.39, -32.2], [133.37, -32.19], [133.32, -32.18], [133.28, -32.18], [133.28, -32.19], [133.25, -32.21], [133.23, -32.19], [133.16, -32.17], [133.15, -32.17], [133.15, -32.19], [133.13, -32.21], [133.14, -32.17], [133.09, -32.13], [133.01, -32.08], [132.98, -32.11], [132.98, -32.08], [132.96, -32.07], [132.9, -32.04], [132.83, -31.98], [132.75, -31.95], [132.73, -31.96], [132.69, -31.95], [132.66, -31.96], [132.66, -31.95], [132.6, -31.93], [132.53, -31.93], [132.48, -31.95], [132.45, -31.97], [132.44, -32.0], [132.46, -32.01], [132.47, -32.03], [132.42, -32.0], [132.39, -32.0], [132.38, -32.02], [132.38, -32.01], [132.34, -32.01], [132.34, -32.03], [132.29, -32.02], [132.27, -32.03], [132.2, -32.03], [132.18, -32.02], [132.17, -32.0], [132.15, -32.0], [132.11, -31.95], [132.07, -31.92], [131.76, -31.72], [131.44, -31.57], [131.24, -31.49], [131.15, -31.46], [131.13, -31.46], [131.08, -31.49], [131.06, -31.52], [131.03, -31.54], [130.81, -31.61], [130.73, -31.61], [130.57, -31.59], [130.49, -31.59], [130.28, -31.57], [130.15, -31.58], [130.12, -31.59], [129.92, -31.59], [129.84, -31.61], [129.53, -31.62], [129.05, -31.67], [129.0, -31.69], [129.0, -26.0], [141.0, -26.0], [141.0, -34.0], [141.0, -34.02], [140.99, -34.03], [140.98, -34.02], [140.99, -34.01], [140.98, -34.01], [140.98, -34.0], [140.97, -34.0], [140.96, -33.98], [140.96, -35.75], [140.97, -37.46], [140.97, -38.06], [140.87, -38.05], [140.84, -38.04], [140.81, -38.05], [140.78, -38.05], [140.77, -38.06], [140.72, -38.05], [140.66, -38.06], [140.64, -38.04], [140.62, -38.04], [140.61, -38.03], [140.59, -38.02], [140.58, -38.03], [140.57, -38.01], [140.52, -37.99], [140.49, -37.96], [140.45, -37.94], [140.4, -37.92], [140.39, -37.9], [140.38, -37.9], [140.35, -37.85], [140.33, -37.82], [140.32, -37.79], [140.25, -37.69], [140.18, -37.62], [140.11, -37.58], [140.11, -37.57], [140.12, -37.57], [140.13, -37.56], [140.12, -37.53], [140.05, -37.48], [140.02, -37.48], [140.01, -37.49], [139.99, -37.49], [140.0, -37.48], [139.96, -37.44], [139.95, -37.44], [139.95, -37.43], [139.89, -37.38], [139.87, -37.34], [139.84, -37.32], [139.76, -37.2], [139.74, -37.18], [139.74, -37.16], [139.78, -37.17], [139.79, -37.16], [139.8, -37.14], [139.79, -37.11], [139.77, -37.08], [139.74, -37.07], [139.74, -37.02], [139.67, -36.96], [139.68, -36.94], [139.7, -36.94], [139.73, -36.92], [139.79, -36.89], [139.84, -36.84], [139.86, -36.75], [139.86, -36.69], [139.85, -36.65], [139.78, -36.46], [139.66, -36.22], [139.52, -36.04], [139.38, -35.89], [139.21, -35.75], [139.06, -35.65], [138.88, -35.56], [138.76, -35.52], [138.71, -35.51], [138.69, -35.52], [138.68, -35.54], [138.63, -35.54], [138.63, -35.56], [138.6, -35.58], [138.6, -35.59], [138.57, -35.61], [138.52, -35.64], [138.49, -35.63], [138.43, -35.63], [138.41, -35.64], [138.28, -35.64], [138.23, -35.66], [138.19, -35.67], [138.16, -35.66], [138.1, -35.63], [138.09, -35.6], [138.11, -35.59], [138.13, -35.56], [138.17, -35.52], [138.19, -35.52], [138.24, -35.5], [138.29, -35.47], [138.34, -35.39], [138.44, -35.35], [138.45, -35.32], [138.44, -35.27], [138.46, -35.26], [138.47, -35.24], [138.47, -35.11], [138.49, -35.08], [138.52, -35.03], [138.51, -34.97], [138.48, -34.86], [138.49, -34.81], [138.48, -34.78], [138.5, -34.76], [138.52, -34.77], [138.51, -34.82], [138.5, -34.84]]], [[[138.13, -35.84], [138.11, -35.85], [138.04, -35.9], [137.91, -35.86], [137.87, -35.87], [137.86, -35.86], [137.8, -35.85], [137.74, -35.85], [137.73, -35.88], [137.66, -35.88], [137.61, -35.91], [137.6, -35.94], [137.61, -35.96], [137.62, -35.98], [137.6, -36.01], [137.59, -36.02], [137.54, -36.03], [137.5, -36.06], [137.49, -36.06], [137.48, -36.07], [137.46, -36.07], [137.42, -36.04], [137.41, -36.04], [137.41, -36.03], [137.38, -36.01], [137.37, -36.0], [137.28, -35.99], [137.26, -35.98], [137.21, -35.97], [137.18, -35.98], [137.18, -35.99], [137.19, -36.0], [137.16, -36.02], [137.15, -36.02], [137.13, -36.03], [137.1, -36.02], [137.09, -36.03], [137.06, -36.02], [137.04, -36.03], [137.0, -36.02], [136.94, -36.03], [136.92, -36.04], [136.85, -36.02], [136.83, -36.02], [136.82, -36.04], [136.78, -36.03], [136.77, -36.04], [136.76, -36.05], [136.73, -36.05], [136.71, -36.06], [136.7, -36.05], [136.71, -36.05], [136.71, -36.04], [136.67, -35.98], [136.63, -35.95], [136.6, -35.96], [136.58, -35.95], [136.58, -35.93], [136.55, -35.9], [136.54, -35.9], [136.55, -35.89], [136.53, -35.89], [136.53, -35.88], [136.54, -35.86], [136.56, -35.85], [136.56, -35.83], [136.58, -35.79], [136.57, -35.77], [136.59, -35.75], [136.7, -35.74], [136.72, -35.72], [136.76, -35.72], [136.78, -35.71], [136.78, -35.7], [136.86, -35.69], [136.95, -35.67], [137.07, -35.67], [137.12, -35.65], [137.14, -35.63], [137.16, -35.63], [137.18, -35.62], [137.2, -35.62], [137.24, -35.6], [137.29, -35.6], [137.31, -35.58], [137.45, -35.6], [137.49, -35.58], [137.52, -35.6], [137.55, -35.59], [137.56, -35.57], [137.59, -35.56], [137.61, -35.57], [137.62, -35.56], [137.63, -35.57], [137.63, -35.6], [137.62, -35.59], [137.6, -35.6], [137.57, -35.62], [137.57, -35.63], [137.59, -35.64], [137.64, -35.64], [137.64, -35.65], [137.61, -35.68], [137.6, -35.69], [137.58, -35.71], [137.58, -35.73], [137.6, -35.74], [137.63, -35.73], [137.7, -35.74], [137.78, -35.72], [137.8, -35.76], [137.77, -35.78], [137.77, -35.79], [137.75, -35.8], [137.75, -35.84], [137.76, -35.84], [137.75, -35.83], [137.77, -35.82], [137.8, -35.83], [137.81, -35.82], [137.8, -35.81], [137.77, -35.81], [137.76, -35.81], [137.76, -35.8], [137.78, -35.8], [137.78, -35.78], [137.82, -35.8], [137.85, -35.79], [137.89, -35.76], [137.89, -35.73], [137.9, -35.72], [137.94, -35.72], [138.01, -35.73], [138.05, -35.74], [138.07, -35.76], [138.07, -35.78], [138.08, -35.8], [138.11, -35.81], [138.13, -35.8], [138.12, -35.82], [138.12, -35.83], [138.13, -35.84]]], [[[137.38, -34.5], [137.37, -34.51], [137.37, -34.53], [137.35, -34.53], [137.34, -34.53], [137.34, -34.49], [137.36, -34.46], [137.37, -34.47], [137.38, -34.5]]], [[[136.31, -34.51], [136.28, -34.52], [136.29, -34.53], [136.28, -34.54], [136.29, -34.55], [136.27, -34.55], [136.27, -34.54], [136.28, -34.5], [136.31, -34.51]]], [[[136.2, -35.05], [136.2, -35.07], [136.19, -35.05], [136.18, -35.06], [136.16, -35.06], [136.15, -35.03], [136.16, -35.02], [136.16, -35.01], [136.11, -34.98], [136.11, -34.97], [136.08, -34.97], [136.09, -34.96], [136.08, -34.95], [136.11, -34.93], [136.13, -34.95], [136.15, -34.99], [136.18, -35.01], [136.19, -35.0], [136.19, -35.04], [136.2, -35.05]]], [[[135.95, -34.72], [135.94, -34.72], [135.93, -34.73], [135.92, -34.7], [135.91, -34.7], [135.92, -34.67], [135.92, -34.68], [135.94, -34.69], [135.94, -34.71], [135.95, -34.72]]], [[[134.55, -33.72], [134.51, -33.72], [134.5, -33.75], [134.45, -33.77], [134.46, -33.75], [134.45, -33.74], [134.47, -33.73], [134.47, -33.69], [134.48, -33.69], [134.53, -33.68], [134.54, -33.71], [134.55, -33.72]]], [[[133.67, -32.23], [133.64, -32.24], [133.61, -32.26], [133.62, -32.27], [133.63, -32.27], [133.61, -32.28], [133.6, -32.31], [133.58, -32.31], [133.57, -32.32], [133.55, -32.31], [133.54, -32.28], [133.55, -32.27], [133.55, -32.26], [133.57, -32.27], [133.59, -32.25], [133.58, -32.26], [133.58, -32.27], [133.62, -32.24], [133.67, -32.23]]], [[[133.31, -32.51], [133.3, -32.52], [133.29, -32.53], [133.29, -32.52], [133.28, -32.52], [133.28, -32.51], [133.27, -32.5], [133.29, -32.49], [133.29, -32.5], [133.31, -32.5], [133.31, -32.51]]]]}}, {"type": "Feature", "properties": {"state": "Western Australia", "code": "WA", "city": "Perth", "grocery_index": 98.2, "weekly": 59.89}, "geometry": {"type": "MultiPolygon", "coordinates": [[[[113.39, -26.39], [113.38, -26.39], [113.38, -26.36], [113.37, -26.36], [113.35, -26.3], [113.34, -26.3], [113.35, -26.28], [113.36, -26.25], [113.37, -26.24], [113.36, -26.21], [113.38, -26.21], [113.39, -26.21], [113.38, -26.17], [113.38, -26.12], [113.39, -26.11], [113.37, -26.1], [113.38, -26.08], [113.36, -26.07], [113.37, -26.05], [113.36, -26.03], [113.36, -26.02], [113.39, -26.06], [113.39, -26.09], [113.4, -26.11], [113.43, -26.14], [113.42, -26.16], [113.44, -26.17], [113.44, -26.16], [113.45, -26.21], [113.46, -26.22], [113.46, -26.25], [113.48, -26.27], [113.48, -26.32], [113.5, -26.34], [113.49, -26.36], [113.51, -26.36], [113.5, -26.4], [113.5, -26.38], [113.48, -26.38], [113.5, -26.42], [113.49, -26.43], [113.48, -26.48], [113.49, -26.48], [113.5, -26.47], [113.51, -26.41], [113.53, -26.36], [113.51, -26.34], [113.52, -26.32], [113.51, -26.32], [113.49, -26.31], [113.51, -26.3], [113.52, -26.28], [113.51, -26.28], [113.53, -26.28], [113.54, -26.28], [113.55, -26.3], [113.54, -26.32], [113.56, -26.35], [113.55, -26.38], [113.57, -26.43], [113.56, -26.46], [113.55, -26.47], [113.56, -26.49], [113.58, -26.5], [113.56, -26.55], [113.56, -26.57], [113.57, -26.58], [113.58, -26.6], [113.6, -26.6], [113.6, -26.61], [113.61, -26.61], [113.59, -26.59], [113.59, -26.56], [113.6, -26.54], [113.59, -26.51], [113.61, -26.51], [113.61, -26.49], [113.62, -26.52], [113.62, -26.49], [113.63, -26.46], [113.64, -26.5], [113.63, -26.54], [113.63, -26.56], [113.63, -26.57], [113.64, -26.62], [113.65, -26.59], [113.66, -26.6], [113.66, -26.62], [113.67, -26.63], [113.66, -26.65], [113.66, -26.67], [113.68, -26.66], [113.7, -26.66], [113.69, -26.65], [113.7, -26.64], [113.7, -26.63], [113.69, -26.64], [113.7, -26.62], [113.69, -26.6], [113.7, -26.61], [113.71, -26.61], [113.74, -26.62], [113.77, -26.59], [113.79, -26.61], [113.81, -26.61], [113.81, -26.6], [113.81, -26.58], [113.83, -26.55], [113.86, -26.54], [113.88, -26.51], [113.89, -26.45], [113.87, -26.39], [113.89, -26.37], [113.88, -26.34], [113.84, -26.28], [113.8, -26.25], [113.69, -26.22], [113.69, -26.19], [113.66, -26.17], [113.64, -26.12], [113.61, -26.11], [113.62, -26.1], [113.58, -26.1], [113.57, -26.09], [113.59, -26.07], [113.58, -26.07], [113.57, -26.04], [113.58, -26.01], [113.56, -26.0], [113.56, -25.95], [113.52, -25.92], [113.53, -25.88], [113.51, -25.85], [113.46, -25.81], [113.48, -25.78], [113.47, -25.77], [113.48, -25.76], [113.46, -25.73], [113.47, -25.73], [113.47, -25.72], [113.46, -25.72], [113.47, -25.71], [113.46, -25.7], [113.44, -25.71], [113.46, -25.71], [113.45, -25.72], [113.46, -25.74], [113.46, -25.75], [113.45, -25.76], [113.46, -25.75], [113.45, -25.76], [113.47, -25.77], [113.47, -25.79], [113.41, -25.72], [113.42, -25.68], [113.43, -25.63], [113.45, -25.61], [113.47, -25.56], [113.49, -25.55], [113.5, -25.51], [113.51, -25.5], [113.53, -25.61], [113.54, -25.63], [113.56, -25.64], [113.57, -25.64], [113.58, -25.62], [113.59, -25.68], [113.61, -25.71], [113.63, -25.73], [113.66, -25.75], [113.69, -25.79], [113.72, -25.79], [113.72, -25.87], [113.76, -25.88], [113.76, -25.91], [113.73, -25.95], [113.73, -26.0], [113.74, -26.0], [113.73, -26.01], [113.7, -26.04], [113.71, -26.06], [113.7, -26.1], [113.71, -26.11], [113.7, -26.12], [113.7, -26.1], [113.7, -26.13], [113.73, -26.19], [113.72, -26.19], [113.7, -26.2], [113.72, -26.2], [113.73, -26.21], [113.74, -26.21], [113.75, -26.2], [113.75, -26.19], [113.76, -26.21], [113.77, -26.21], [113.79, -26.21], [113.81, -26.18], [113.84, -26.14], [113.84, -26.12], [113.85, -26.11], [113.84, -26.12], [113.84, -26.14], [113.88, -26.06], [113.88, -26.07], [113.89, -26.03], [113.87, -25.96], [113.88, -25.95], [113.89, -25.96], [113.91, -25.96], [113.91, -25.98], [113.9, -26.0], [113.89, -26.04], [113.91, -26.05], [113.9, -26.09], [113.91, -26.12], [113.92, -26.13], [113.94, -26.13], [113.95, -26.14], [113.93, -26.2], [113.96, -26.24], [113.95, -26.27], [113.97, -26.29], [113.97, -26.34], [114.05, -26.42], [114.08, -26.45], [114.07, -26.45], [114.08, -26.46], [114.07, -26.45], [114.08, -26.47], [114.09, -26.47], [114.09, -26.46], [114.16, -26.41], [114.17, -26.39], [114.21, -26.37], [114.22, -26.36], [114.22, -26.34], [114.24, -26.31], [114.23, -26.3], [114.24, -26.28], [114.2, -26.24], [114.21, -26.22], [114.19, -26.2], [114.19, -26.18], [114.19, -26.17], [114.21, -26.16], [114.22, -26.12], [114.23, -26.12], [114.22, -26.14], [114.23, -26.17], [114.24, -26.17], [114.25, -26.14], [114.24, -26.12], [114.24, -26.07], [114.21, -26.03], [114.19, -25.98], [114.22, -25.97], [114.23, -25.97], [114.22, -25.99], [114.25, -25.99], [114.27, -25.98], [114.26, -25.98], [114.25, -25.97], [114.25, -25.94], [114.27, -25.89], [114.23, -25.88], [114.23, -25.86], [114.21, -25.85], [114.2, -25.84], [114.17, -25.81], [114.18, -25.81], [114.17, -25.81], [114.13, -25.78], [114.13, -25.77], [114.15, -25.78], [114.12, -25.76], [114.11, -25.74], [114.12, -25.74], [114.11, -25.73], [114.12, -25.73], [114.09, -25.7], [114.04, -25.66], [114.05, -25.67], [114.02, -25.62], [114.02, -25.63], [114.0, -25.62], [114.02, -25.62], [113.99, -25.59], [113.98, -25.56], [113.99, -25.58], [113.99, -25.56], [113.95, -25.49], [113.93, -25.48], [113.94, -25.47], [113.94, -25.48], [113.94, -25.47], [113.95, -25.48], [113.94, -25.46], [113.9, -25.41], [113.91, -25.41], [113.91, -25.4], [113.89, -25.37], [113.9, -25.36], [113.89, -25.34], [113.86, -25.29], [113.87, -25.3], [113.86, -25.29], [113.87, -25.29], [113.84, -25.26], [113.85, -25.26], [113.84, -25.22], [113.82, -25.17], [113.8, -25.16], [113.74, -25.13], [113.71, -25.1], [113.67, -25.02], [113.66, -24.96], [113.68, -24.93], [113.69, -24.93], [113.68, -24.92], [113.67, -24.9], [113.65, -24.91], [113.65, -24.9], [113.66, -24.88], [113.64, -24.88], [113.67, -24.86], [113.71, -24.85], [113.68, -24.85], [113.65, -24.86], [113.62, -24.86], [113.62, -24.84], [113.62, -24.83], [113.62, -24.85], [113.63, -24.8], [113.62, -24.75], [113.49, -24.58], [113.43, -24.52], [113.42, -24.49], [113.41, -24.48], [113.4, -24.41], [113.41, -24.3], [113.39, -24.22], [113.41, -24.22], [113.44, -24.18], [113.44, -24.14], [113.42, -24.09], [113.43, -24.08], [113.42, -24.04], [113.43, -24.03], [113.45, -24.03], [113.46, -24.01], [113.47, -23.97], [113.46, -23.93], [113.47, -23.9], [113.51, -23.85], [113.52, -23.8], [113.53, -23.77], [113.57, -23.75], [113.59, -23.7], [113.6, -23.66], [113.61, -23.65], [113.61, -23.63], [113.64, -23.62], [113.65, -23.6], [113.7, -23.58], [113.73, -23.55], [113.75, -23.53], [113.78, -23.48], [113.78, -23.42], [113.78, -23.38], [113.79, -23.37], [113.79, -23.3], [113.77, -23.22], [113.77, -23.19], [113.76, -23.18], [113.77, -23.13], [113.76, -23.12], [113.79, -23.11], [113.81, -23.08], [113.83, -23.03], [113.83, -22.99], [113.82, -22.98], [113.83, -22.96], [113.82, -22.91], [113.8, -22.89], [113.79, -22.84], [113.76, -22.76], [113.71, -22.72], [113.68, -22.72], [113.67, -22.72], [113.69, -22.66], [113.67, -22.63], [113.67, -22.6], [113.65, -22.58], [113.67, -22.55], [113.69, -22.54], [113.71, -22.52], [113.71, -22.5], [113.72, -22.5], [113.74, -22.47], [113.75, -22.41], [113.77, -22.38], [113.78, -22.38], [113.82, -22.31], [113.87, -22.15], [113.93, -22.0], [113.93, -21.97], [113.96, -21.94], [114.0, -21.88], [114.02, -21.85], [114.07, -21.83], [114.08, -21.82], [114.11, -21.8], [114.13, -21.81], [114.17, -21.79], [114.19, -21.81], [114.15, -21.87], [114.14, -21.96], [114.08, -22.15], [114.08, -22.19], [114.13, -22.26], [114.12, -22.28], [114.13, -22.31], [114.12, -22.31], [114.12, -22.33], [114.15, -22.3], [114.18, -22.31], [114.18, -22.35], [114.14, -22.39], [114.14, -22.4], [114.13, -22.4], [114.15, -22.4], [114.14, -22.41], [114.13, -22.41], [114.12, -22.42], [114.13, -22.44], [114.12, -22.47], [114.14, -22.5], [114.14, -22.51], [114.14, -22.54], [114.15, -22.52], [114.16, -22.53], [114.16, -22.52], [114.19, -22.52], [114.22, -22.5], [114.22, -22.49], [114.23, -22.47], [114.23, -22.46], [114.24, -22.46], [114.28, -22.43], [114.32, -22.44], [114.32, -22.5], [114.32, -22.48], [114.33, -22.49], [114.34, -22.49], [114.34, -22.52], [114.35, -22.49], [114.35, -22.5], [114.36, -22.49], [114.36, -22.5], [114.36, -22.49], [114.37, -22.5], [114.38, -22.5], [114.36, -22.49], [114.38, -22.49], [114.37, -22.48], [114.39, -22.48], [114.38, -22.48], [114.38, -22.46], [114.4, -22.47], [114.39, -22.46], [114.38, -22.44], [114.39, -22.45], [114.39, -22.44], [114.41, -22.44], [114.39, -22.43], [114.41, -22.43], [114.39, -22.42], [114.39, -22.4], [114.4, -22.4], [114.39, -22.4], [114.39, -22.39], [114.42, -22.4], [114.4, -22.38], [114.4, -22.36], [114.41, -22.36], [114.41, -22.35], [114.42, -22.35], [114.44, -22.37], [114.45, -22.36], [114.44, -22.36], [114.45, -22.36], [114.43, -22.35], [114.44, -22.34], [114.42, -22.35], [114.41, -22.33], [114.41, -22.32], [114.43, -22.32], [114.42, -22.31], [114.42, -22.3], [114.44, -22.3], [114.43, -22.29], [114.46, -22.33], [114.45, -22.3], [114.46, -22.29], [114.44, -22.29], [114.43, -22.28], [114.44, -22.26], [114.46, -22.27], [114.45, -22.26], [114.47, -22.26], [114.45, -22.25], [114.44, -22.24], [114.45, -22.24], [114.46, -22.24], [114.46, -22.25], [114.48, -22.25], [114.45, -22.24], [114.45, -22.21], [114.47, -22.22], [114.47, -22.2], [114.48, -22.2], [114.49, -22.22], [114.5, -22.22], [114.47, -22.19], [114.48, -22.19], [114.45, -22.17], [114.46, -22.16], [114.49, -22.16], [114.49, -22.17], [114.5, -22.16], [114.51, -22.18], [114.5, -22.15], [114.51, -22.16], [114.51, -22.15], [114.51, -22.16], [114.5, -22.13], [114.52, -22.12], [114.53, -22.14], [114.52, -22.11], [114.53, -22.1], [114.52, -22.09], [114.54, -22.08], [114.52, -22.08], [114.52, -22.07], [114.54, -22.06], [114.55, -22.07], [114.55, -22.05], [114.56, -22.02], [114.57, -22.04], [114.56, -22.03], [114.58, -22.02], [114.57, -22.0], [114.59, -22.0], [114.59, -22.02], [114.59, -22.0], [114.6, -21.99], [114.61, -22.01], [114.6, -21.99], [114.62, -21.98], [114.61, -21.96], [114.63, -21.97], [114.62, -21.95], [114.64, -21.94], [114.62, -21.94], [114.64, -21.92], [114.65, -21.92], [114.66, -21.91], [114.65, -21.92], [114.64, -21.91], [114.65, -21.84], [114.68, -21.83], [114.69, -21.83], [114.69, -21.84], [114.69, -21.87], [114.7, -21.84], [114.69, -21.83], [114.68, -21.83], [114.7, -21.81], [114.72, -21.8], [114.78, -21.79], [114.86, -21.73], [114.86, -21.74], [114.86, -21.73], [114.9, -21.71], [114.91, -21.69], [114.94, -21.69], [114.97, -21.67], [114.99, -21.67], [114.97, -21.67], [114.95, -21.69], [114.96, -21.69], [114.96, -21.68], [114.97, -21.68], [114.97, -21.67], [114.98, -21.68], [115.03, -21.68], [115.02, -21.69], [115.03, -21.69], [115.04, -21.69], [115.04, -21.68], [115.03, -21.69], [115.05, -21.68], [115.06, -21.69], [115.06, -21.68], [115.11, -21.63], [115.13, -21.64], [115.13, -21.66], [115.14, -21.66], [115.13, -21.64], [115.16, -21.63], [115.18, -21.64], [115.16, -21.63], [115.18, -21.61], [115.19, -21.63], [115.19, -21.62], [115.21, -21.63], [115.19, -21.61], [115.21, -21.6], [115.22, -21.62], [115.22, -21.6], [115.23, -21.6], [115.23, -21.59], [115.24, -21.58], [115.25, -21.59], [115.24, -21.59], [115.25, -21.6], [115.24, -21.59], [115.3, -21.59], [115.33, -21.58], [115.38, -21.55], [115.4, -21.56], [115.4, -21.55], [115.42, -21.54], [115.41, -21.53], [115.38, -21.54], [115.4, -21.53], [115.42, -21.53], [115.41, -21.53], [115.41, -21.52], [115.43, -21.53], [115.43, -21.55], [115.44, -21.53], [115.44, -21.54], [115.44, -21.53], [115.46, -21.51], [115.46, -21.53], [115.44, -21.53], [115.45, -21.54], [115.44, -21.54], [115.45, -21.54], [115.46, -21.55], [115.46, -21.54], [115.45, -21.53], [115.46, -21.53], [115.46, -21.55], [115.46, -21.53], [115.47, -21.51], [115.48, -21.53], [115.48, -21.55], [115.48, -21.53], [115.49, -21.54], [115.49, -21.55], [115.5, -21.54], [115.49, -21.53], [115.48, -21.53], [115.48, -21.51], [115.5, -21.51], [115.5, -21.52], [115.5, -21.51], [115.51, -21.51], [115.51, -21.52], [115.52, -21.51], [115.5, -21.5], [115.49, -21.5], [115.49, -21.49], [115.51, -21.48], [115.52, -21.48], [115.53, -21.46], [115.52, -21.48], [115.51, -21.48], [115.53, -21.46], [115.51, -21.47], [115.51, -21.46], [115.52, -21.45], [115.52, -21.46], [115.52, -21.45], [115.55, -21.43], [115.56, -21.44], [115.57, -21.46], [115.56, -21.44], [115.57, -21.45], [115.56, -21.44], [115.57, -21.43], [115.56, -21.44], [115.55, -21.41], [115.58, -21.38], [115.59, -21.4], [115.58, -21.4], [115.59, -21.41], [115.59, -21.4], [115.6, -21.41], [115.59, -21.39], [115.61, -21.38], [115.6, -21.38], [115.6, -21.39], [115.59, -21.38], [115.61, -21.36], [115.62, -21.38], [115.62, -21.37], [115.61, -21.36], [115.62, -21.35], [115.63, -21.36], [115.64, -21.35], [115.63, -21.35], [115.62, -21.35], [115.64, -21.33], [115.65, -21.35], [115.65, -21.34], [115.66, -21.34], [115.65, -21.34], [115.67, -21.33], [115.65, -21.33], [115.65, -21.32], [115.68, -21.32], [115.68, -21.31], [115.7, -21.28], [115.71, -21.3], [115.72, -21.28], [115.72, -21.29], [115.74, -21.28], [115.74, -21.27], [115.74, -21.28], [115.76, -21.25], [115.75, -21.28], [115.76, -21.27], [115.77, -21.28], [115.76, -21.27], [115.77, -21.27], [115.77, -21.25], [115.78, -21.26], [115.78, -21.29], [115.79, -21.27], [115.79, -21.26], [115.79, -21.25], [115.8, -21.25], [115.82, -21.27], [115.81, -21.25], [115.83, -21.25], [115.82, -21.25], [115.83, -21.24], [115.83, -21.23], [115.84, -21.23], [115.83, -21.21], [115.85, -21.19], [115.86, -21.19], [115.85, -21.18], [115.87, -21.16], [115.88, -21.16], [115.87, -21.15], [115.88, -21.14], [115.89, -21.14], [115.88, -21.12], [115.89, -21.12], [115.89, -21.11], [115.92, -21.08], [115.93, -21.08], [115.92, -21.09], [115.92, -21.1], [115.93, -21.08], [115.99, -21.04], [116.07, -21.02], [116.1, -21.0], [116.09, -21.02], [116.11, -21.04], [116.1, -21.02], [116.1, -21.0], [116.13, -21.0], [116.15, -21.01], [116.14, -20.99], [116.16, -20.97], [116.18, -20.98], [116.19, -20.97], [116.19, -20.9], [116.23, -20.88], [116.21, -20.89], [116.21, -20.88], [116.21, -20.89], [116.19, -20.89], [116.2, -20.83], [116.24, -20.86], [116.26, -20.86], [116.24, -20.87], [116.25, -20.87], [116.24, -20.88], [116.25, -20.87], [116.26, -20.87], [116.26, -20.88], [116.27, -20.87], [116.29, -20.88], [116.3, -20.88], [116.33, -20.87], [116.35, -20.84], [116.37, -20.84], [116.4, -20.82], [116.4, -20.83], [116.44, -20.83], [116.45, -20.84], [116.46, -20.84], [116.45, -20.84], [116.44, -20.82], [116.46, -20.82], [116.46, -20.83], [116.47, -20.81], [116.48, -20.81], [116.49, -20.82], [116.48, -20.8], [116.49, -20.8], [116.5, -20.81], [116.5, -20.8], [116.49, -20.8], [116.51, -20.78], [116.53, -20.78], [116.53, -20.79], [116.54, -20.79], [116.51, -20.77], [116.52, -20.76], [116.53, -20.77], [116.54, -20.77], [116.53, -20.77], [116.53, -20.75], [116.55, -20.75], [116.55, -20.76], [116.55, -20.75], [116.58, -20.74], [116.56, -20.75], [116.58, -20.75], [116.59, -20.74], [116.59, -20.75], [116.6, -20.75], [116.61, -20.75], [116.59, -20.73], [116.6, -20.73], [116.57, -20.73], [116.59, -20.72], [116.57, -20.71], [116.58, -20.69], [116.59, -20.68], [116.59, -20.71], [116.61, -20.69], [116.63, -20.68], [116.64, -20.67], [116.65, -20.68], [116.6, -20.73], [116.62, -20.72], [116.62, -20.73], [116.63, -20.71], [116.64, -20.73], [116.63, -20.73], [116.64, -20.73], [116.65, -20.73], [116.65, -20.74], [116.66, -20.73], [116.66, -20.74], [116.66, -20.73], [116.64, -20.72], [116.67, -20.73], [116.68, -20.71], [116.68, -20.72], [116.69, -20.71], [116.67, -20.72], [116.66, -20.72], [116.66, -20.71], [116.65, -20.72], [116.67, -20.71], [116.64, -20.71], [116.64, -20.7], [116.67, -20.68], [116.7, -20.68], [116.69, -20.68], [116.72, -20.65], [116.72, -20.64], [116.74, -20.64], [116.77, -20.63], [116.75, -20.62], [116.77, -20.59], [116.78, -20.58], [116.78, -20.59], [116.8, -20.58], [116.78, -20.58], [116.79, -20.56], [116.81, -20.55], [116.82, -20.54], [116.8, -20.54], [116.81, -20.53], [116.87, -20.53], [116.82, -20.58], [116.82, -20.6], [116.82, -20.61], [116.81, -20.61], [116.8, -20.63], [116.8, -20.64], [116.79, -20.67], [116.79, -20.68], [116.79, -20.69], [116.8, -20.67], [116.8, -20.68], [116.83, -20.71], [116.9, -20.72], [116.92, -20.71], [116.93, -20.73], [116.92, -20.74], [116.93, -20.73], [116.93, -20.72], [116.95, -20.72], [116.93, -20.71], [116.96, -20.7], [116.95, -20.7], [116.96, -20.68], [116.97, -20.68], [116.97, -20.67], [116.98, -20.69], [116.98, -20.67], [116.99, -20.66], [117.04, -20.65], [117.03, -20.66], [117.04, -20.66], [117.04, -20.67], [117.07, -20.64], [117.08, -20.64], [117.09, -20.62], [117.11, -20.65], [117.13, -20.65], [117.14, -20.63], [117.17, -20.59], [117.18, -20.59], [117.18, -20.61], [117.18, -20.62], [117.19, -20.61], [117.2, -20.63], [117.19, -20.64], [117.18, -20.63], [117.18, -20.64], [117.16, -20.66], [117.18, -20.65], [117.18, -20.66], [117.19, -20.67], [117.2, -20.67], [117.17, -20.7], [117.18, -20.69], [117.19, -20.7], [117.2, -20.68], [117.21, -20.71], [117.23, -20.71], [117.22, -20.71], [117.22, -20.72], [117.23, -20.71], [117.21, -20.7], [117.22, -20.7], [117.24, -20.7], [117.25, -20.71], [117.24, -20.7], [117.28, -20.72], [117.28, -20.74], [117.29, -20.72], [117.29, -20.73], [117.3, -20.73], [117.3, -20.74], [117.3, -20.73], [117.35, -20.74], [117.36, -20.74], [117.35, -20.76], [117.34, -20.76], [117.34, -20.77], [117.34, -20.76], [117.35, -20.76], [117.35, -20.78], [117.36, -20.78], [117.35, -20.77], [117.35, -20.76], [117.37, -20.75], [117.36, -20.73], [117.37, -20.73], [117.38, -20.75], [117.38, -20.76], [117.38, -20.78], [117.39, -20.76], [117.4, -20.77], [117.4, -20.76], [117.39, -20.76], [117.39, -20.75], [117.4, -20.76], [117.39, -20.74], [117.4, -20.73], [117.43, -20.73], [117.44, -20.75], [117.43, -20.76], [117.44, -20.75], [117.46, -20.76], [117.46, -20.75], [117.43, -20.74], [117.44, -20.73], [117.54, -20.71], [117.55, -20.71], [117.55, -20.7], [117.57, -20.69], [117.59, -20.7], [117.59, -20.69], [117.6, -20.69], [117.59, -20.68], [117.63, -20.66], [117.65, -20.66], [117.62, -20.68], [117.62, -20.69], [117.63, -20.68], [117.64, -20.68], [117.64, -20.69], [117.65, -20.69], [117.65, -20.7], [117.63, -20.71], [117.64, -20.71], [117.65, -20.7], [117.66, -20.72], [117.65, -20.69], [117.67, -20.67], [117.66, -20.68], [117.68, -20.7], [117.67, -20.68], [117.68, -20.67], [117.69, -20.67], [117.69, -20.68], [117.7, -20.69], [117.69, -20.69], [117.7, -20.69], [117.71, -20.68], [117.74, -20.68], [117.74, -20.69], [117.74, -20.68], [117.75, -20.68], [117.75, -20.67], [117.77, -20.67], [117.77, -20.68], [117.77, -20.67], [117.79, -20.68], [117.81, -20.67], [117.79, -20.68], [117.77, -20.66], [117.78, -20.65], [117.79, -20.66], [117.81, -20.63], [117.85, -20.61], [117.86, -20.61], [117.86, -20.6], [117.87, -20.58], [117.9, -20.59], [117.88, -20.58], [117.89, -20.57], [117.88, -20.58], [117.87, -20.57], [117.88, -20.55], [117.9, -20.55], [117.89, -20.56], [117.9, -20.55], [117.9, -20.56], [117.92, -20.57], [117.91, -20.58], [117.92, -20.57], [117.93, -20.57], [117.91, -20.56], [117.92, -20.56], [117.91, -20.56], [117.92, -20.54], [117.94, -20.55], [117.94, -20.56], [117.93, -20.56], [117.94, -20.57], [117.95, -20.55], [117.96, -20.55], [117.96, -20.56], [117.96, -20.55], [117.97, -20.54], [117.98, -20.55], [117.97, -20.54], [117.96, -20.55], [117.97, -20.53], [117.96, -20.55], [117.94, -20.54], [117.96, -20.52], [117.95, -20.52], [117.95, -20.51], [117.96, -20.51], [117.95, -20.51], [117.94, -20.53], [117.93, -20.53], [117.94, -20.51], [117.94, -20.48], [117.97, -20.49], [117.95, -20.48], [117.99, -20.47], [118.02, -20.46], [118.05, -20.42], [118.1, -20.39], [118.11, -20.4], [118.11, -20.39], [118.16, -20.36], [118.18, -20.34], [118.2, -20.34], [118.2, -20.36], [118.18, -20.35], [118.17, -20.35], [118.17, -20.36], [118.18, -20.36], [118.18, -20.35], [118.18, -20.36], [118.2, -20.37], [118.18, -20.36], [118.2, -20.37], [118.17, -20.37], [118.17, -20.38], [118.21, -20.38], [118.2, -20.4], [118.21, -20.37], [118.22, -20.37], [118.23, -20.37], [118.24, -20.37], [118.24, -20.38], [118.24, -20.37], [118.26, -20.38], [118.26, -20.36], [118.28, -20.35], [118.28, -20.37], [118.3, -20.35], [118.31, -20.36], [118.32, -20.37], [118.32, -20.35], [118.29, -20.35], [118.35, -20.33], [118.35, -20.36], [118.34, -20.36], [118.36, -20.36], [118.36, -20.37], [118.37, -20.35], [118.38, -20.37], [118.38, -20.35], [118.4, -20.35], [118.41, -20.36], [118.4, -20.36], [118.41, -20.36], [118.41, -20.35], [118.42, -20.34], [118.44, -20.34], [118.43, -20.34], [118.45, -20.35], [118.45, -20.34], [118.46, -20.34], [118.48, -20.35], [118.49, -20.34], [118.49, -20.35], [118.5, -20.34], [118.48, -20.33], [118.49, -20.33], [118.51, -20.33], [118.51, -20.35], [118.52, -20.33], [118.51, -20.33], [118.54, -20.31], [118.54, -20.32], [118.53, -20.32], [118.54, -20.33], [118.54, -20.32], [118.55, -20.31], [118.56, -20.31], [118.55, -20.3], [118.53, -20.31], [118.56, -20.29], [118.57, -20.3], [118.56, -20.31], [118.57, -20.32], [118.57, -20.33], [118.56, -20.32], [118.56, -20.33], [118.55, -20.35], [118.56, -20.35], [118.57, -20.33], [118.57, -20.35], [118.58, -20.34], [118.58, -20.36], [118.58, -20.34], [118.6, -20.35], [118.6, -20.34], [118.6, -20.35], [118.61, -20.35], [118.6, -20.35], [118.59, -20.34], [118.61, -20.33], [118.62, -20.34], [118.61, -20.33], [118.63, -20.33], [118.61, -20.32], [118.59, -20.33], [118.57, -20.32], [118.59, -20.31], [118.6, -20.29], [118.6, -20.31], [118.64, -20.3], [118.64, -20.31], [118.67, -20.33], [118.66, -20.33], [118.67, -20.33], [118.67, -20.34], [118.68, -20.34], [118.68, -20.33], [118.69, -20.33], [118.68, -20.33], [118.69, -20.32], [118.77, -20.28], [118.8, -20.28], [118.81, -20.29], [118.81, -20.28], [118.82, -20.28], [118.82, -20.29], [118.82, -20.28], [118.85, -20.29], [118.83, -20.27], [118.83, -20.26], [118.85, -20.26], [118.83, -20.26], [118.84, -20.23], [118.85, -20.23], [118.87, -20.24], [118.87, -20.25], [118.88, -20.26], [118.87, -20.25], [118.88, -20.24], [118.86, -20.23], [118.9, -20.17], [118.96, -20.13], [118.99, -20.04], [119.07, -20.02], [119.09, -19.99], [119.09, -19.97], [119.1, -19.96], [119.15, -19.98], [119.16, -20.01], [119.16, -20.0], [119.17, -20.02], [119.21, -20.02], [119.17, -20.01], [119.17, -19.96], [119.22, -19.95], [119.24, -19.96], [119.24, -19.97], [119.25, -19.97], [119.24, -19.97], [119.24, -19.96], [119.32, -19.99], [119.37, -19.99], [119.38, -20.0], [119.37, -20.01], [119.42, -19.99], [119.44, -20.02], [119.47, -20.01], [119.51, -20.05], [119.57, -20.07], [119.57, -20.08], [119.56, -20.08], [119.57, -20.08], [119.66, -20.05], [119.67, -20.03], [119.68, -20.0], [119.7, -20.0], [119.71, -20.02], [119.7, -20.04], [119.7, -20.03], [119.71, -20.02], [119.72, -20.03], [119.73, -20.01], [119.75, -20.01], [119.74, -20.01], [119.75, -20.0], [119.74, -19.98], [119.75, -19.98], [119.73, -19.98], [119.76, -19.96], [119.76, -19.97], [119.77, -19.98], [119.77, -19.97], [119.76, -19.96], [119.79, -19.97], [119.86, -19.96], [119.87, -19.97], [119.88, -19.96], [119.97, -19.93], [120.08, -19.93], [120.09, -19.93], [120.08, -19.92], [120.13, -19.91], [120.2, -19.91], [120.63, -19.77], [120.98, -19.62], [121.11, -19.54], [121.21, -19.47], [121.33, -19.34], [121.41, -19.24], [121.51, -19.09], [121.53, -19.05], [121.52, -19.04], [121.54, -19.02], [121.56, -18.97], [121.55, -18.94], [121.58, -18.95], [121.6, -18.94], [121.58, -18.95], [121.6, -18.9], [121.6, -18.87], [121.62, -18.86], [121.63, -18.84], [121.64, -18.85], [121.63, -18.84], [121.64, -18.82], [121.65, -18.82], [121.65, -18.84], [121.65, -18.81], [121.65, -18.8], [121.66, -18.77], [121.63, -18.74], [121.62, -18.74], [121.62, -18.71], [121.63, -18.7], [121.63, -18.72], [121.64, -18.7], [121.64, -18.71], [121.66, -18.71], [121.67, -18.72], [121.68, -18.72], [121.7, -18.7], [121.72, -18.71], [121.74, -18.7], [121.75, -18.67], [121.77, -18.67], [121.79, -18.65], [121.79, -18.66], [121.78, -18.61], [121.79, -18.61], [121.73, -18.58], [121.76, -18.55], [121.79, -18.5], [121.8, -18.51], [121.8, -18.52], [121.82, -18.49], [121.81, -18.48], [121.8, -18.51], [121.79, -18.48], [121.82, -18.45], [121.84, -18.44], [121.85, -18.46], [121.87, -18.47], [121.9, -18.46], [121.95, -18.44], [121.98, -18.4], [122.02, -18.39], [122.06, -18.33], [122.08, -18.33], [122.13, -18.31], [122.17, -18.27], [122.18, -18.27], [122.17, -18.26], [122.18, -18.24], [122.2, -18.23], [122.2, -18.24], [122.19, -18.24], [122.2, -18.24], [122.19, -18.25], [122.2, -18.25], [122.21, -18.23], [122.2, -18.22], [122.21, -18.2], [122.32, -18.17], [122.37, -18.12], [122.38, -18.07], [122.37, -17.99], [122.38, -17.99], [122.35, -17.98], [122.34, -17.98], [122.3, -17.97], [122.25, -17.95], [122.21, -17.99], [122.21, -18.01], [122.18, -17.97], [122.19, -17.97], [122.2, -17.95], [122.21, -17.87], [122.2, -17.77], [122.2, -17.68], [122.19, -17.67], [122.18, -17.67], [122.17, -17.6], [122.15, -17.56], [122.15, -17.36], [122.16, -17.34], [122.17, -17.26], [122.19, -17.24], [122.2, -17.25], [122.21, -17.24], [122.21, -17.23], [122.2, -17.24], [122.21, -17.23], [122.23, -17.19], [122.23, -17.18], [122.23, -17.19], [122.23, -17.2], [122.23, -17.19], [122.24, -17.2], [122.24, -17.18], [122.25, -17.17], [122.24, -17.17], [122.25, -17.16], [122.26, -17.16], [122.25, -17.16], [122.26, -17.17], [122.25, -17.16], [122.27, -17.15], [122.28, -17.16], [122.28, -17.15], [122.32, -17.16], [122.32, -17.15], [122.29, -17.14], [122.31, -17.14], [122.32, -17.13], [122.31, -17.13], [122.29, -17.13], [122.29, -17.12], [122.27, -17.14], [122.25, -17.13], [122.25, -17.12], [122.3, -17.07], [122.35, -17.04], [122.37, -17.01], [122.37, -17.0], [122.47, -16.94], [122.46, -16.96], [122.44, -16.97], [122.45, -16.97], [122.44, -16.98], [122.43, -16.98], [122.44, -16.99], [122.47, -16.97], [122.46, -16.98], [122.47, -16.99], [122.47, -16.98], [122.48, -16.98], [122.48, -16.97], [122.49, -16.95], [122.48, -16.96], [122.49, -16.94], [122.48, -16.92], [122.48, -16.89], [122.49, -16.92], [122.5, -16.92], [122.52, -16.93], [122.51, -16.95], [122.53, -16.95], [122.55, -16.96], [122.57, -16.96], [122.59, -16.96], [122.6, -16.97], [122.61, -16.97], [122.6, -16.96], [122.59, -16.95], [122.6, -16.95], [122.59, -16.95], [122.58, -16.93], [122.57, -16.93], [122.57, -16.9], [122.56, -16.9], [122.55, -16.86], [122.54, -16.86], [122.53, -16.84], [122.55, -16.82], [122.55, -16.83], [122.56, -16.84], [122.55, -16.83], [122.56, -16.83], [122.57, -16.84], [122.57, -16.83], [122.57, -16.84], [122.57, -16.82], [122.55, -16.81], [122.57, -16.79], [122.58, -16.78], [122.57, -16.77], [122.58, -16.76], [122.61, -16.77], [122.62, -16.79], [122.64, -16.8], [122.69, -16.78], [122.71, -16.79], [122.73, -16.78], [122.76, -16.75], [122.74, -16.77], [122.76, -16.77], [122.77, -16.75], [122.77, -16.76], [122.77, -16.75], [122.78, -16.76], [122.77, -16.75], [122.79, -16.76], [122.79, -16.77], [122.79, -16.76], [122.78, -16.75], [122.8, -16.76], [122.8, -16.77], [122.81, -16.77], [122.85, -16.79], [122.83, -16.77], [122.82, -16.77], [122.83, -16.76], [122.82, -16.76], [122.84, -16.74], [122.81, -16.75], [122.79, -16.73], [122.78, -16.74], [122.77, -16.7], [122.79, -16.7], [122.78, -16.7], [122.77, -16.69], [122.76, -16.71], [122.74, -16.7], [122.74, -16.68], [122.77, -16.63], [122.78, -16.58], [122.77, -16.59], [122.81, -16.55], [122.82, -16.54], [122.79, -16.57], [122.81, -16.56], [122.83, -16.56], [122.82, -16.56], [122.85, -16.55], [122.86, -16.52], [122.88, -16.53], [122.86, -16.51], [122.85, -16.51], [122.86, -16.5], [122.87, -16.51], [122.88, -16.51], [122.9, -16.49], [122.91, -16.47], [122.9, -16.47], [122.9, -16.45], [122.9, -16.44], [122.91, -16.44], [122.9, -16.43], [122.93, -16.39], [122.96, -16.4], [122.99, -16.38], [122.99, -16.39], [122.98, -16.41], [122.99, -16.39], [122.99, -16.38], [123.04, -16.36], [123.02, -16.38], [123.03, -16.39], [123.03, -16.4], [123.01, -16.41], [123.02, -16.42], [123.03, -16.42], [123.03, -16.43], [123.04, -16.44], [123.08, -16.44], [123.05, -16.46], [123.05, -16.47], [123.04, -16.46], [123.02, -16.46], [123.02, -16.45], [122.98, -16.47], [122.98, -16.48], [123.0, -16.48], [123.0, -16.49], [122.97, -16.52], [123.01, -16.52], [123.01, -16.53], [122.99, -16.53], [122.98, -16.55], [122.99, -16.56], [122.97, -16.56], [122.95, -16.58], [122.96, -16.59], [122.98, -16.59], [122.99, -16.61], [123.0, -16.6], [122.99, -16.63], [123.0, -16.64], [123.02, -16.6], [123.03, -16.62], [123.04, -16.62], [123.04, -16.67], [123.05, -16.69], [123.08, -16.69], [123.08, -16.66], [123.08, -16.7], [123.09, -16.71], [123.13, -16.71], [123.14, -16.69], [123.15, -16.71], [123.13, -16.74], [123.12, -16.73], [123.1, -16.75], [123.11, -16.77], [123.1, -16.78], [123.11, -16.78], [123.11, -16.79], [123.12, -16.79], [123.13, -16.79], [123.16, -16.81], [123.16, -16.82], [123.16, -16.85], [123.17, -16.86], [123.16, -16.86], [123.15, -16.88], [123.15, -16.92], [123.17, -16.92], [123.23, -16.97], [123.26, -17.01], [123.28, -17.04], [123.29, -17.11], [123.34, -17.16], [123.38, -17.24], [123.39, -17.28], [123.39, -17.32], [123.41, -17.33], [123.43, -17.33], [123.44, -17.35], [123.46, -17.35], [123.48, -17.4], [123.51, -17.42], [123.51, -17.44], [123.51, -17.43], [123.52, -17.44], [123.52, -17.43], [123.52, -17.45], [123.54, -17.45], [123.53, -17.48], [123.54, -17.46], [123.55, -17.47], [123.54, -17.5], [123.56, -17.5], [123.58, -17.52], [123.57, -17.56], [123.58, -17.58], [123.59, -17.57], [123.59, -17.55], [123.6, -17.54], [123.59, -17.53], [123.6, -17.52], [123.58, -17.48], [123.58, -17.42], [123.56, -17.41], [123.58, -17.35], [123.59, -17.36], [123.6, -17.34], [123.62, -17.2], [123.64, -17.19], [123.65, -17.18], [123.61, -17.14], [123.59, -17.1], [123.58, -17.03], [123.6, -17.01], [123.65, -17.0], [123.66, -17.01], [123.66, -17.04], [123.68, -17.05], [123.68, -17.06], [123.69, -17.06], [123.7, -17.04], [123.74, -17.07], [123.76, -17.09], [123.77, -17.13], [123.79, -17.14], [123.79, -17.15], [123.83, -17.18], [123.84, -17.19], [123.85, -17.2], [123.86, -17.22], [123.89, -17.22], [123.91, -17.21], [123.89, -17.2], [123.89, -17.19], [123.83, -17.13], [123.83, -17.12], [123.8, -17.0], [123.82, -17.0], [123.8, -16.99], [123.83, -16.96], [123.89, -16.91], [123.9, -16.89], [123.92, -16.89], [123.93, -16.87], [123.95, -16.87], [123.96, -16.85], [123.95, -16.84], [123.95, -16.82], [123.94, -16.82], [123.94, -16.85], [123.92, -16.85], [123.9, -16.86], [123.89, -16.86], [123.88, -16.88], [123.8, -16.91], [123.76, -16.88], [123.76, -16.84], [123.72, -16.78], [123.71, -16.75], [123.68, -16.75], [123.62, -16.68], [123.6, -16.68], [123.59, -16.67], [123.57, -16.67], [123.55, -16.66], [123.52, -16.67], [123.5, -16.66], [123.52, -16.65], [123.51, -16.64], [123.57, -16.63], [123.56, -16.61], [123.57, -16.61], [123.56, -16.6], [123.56, -16.59], [123.58, -16.59], [123.59, -16.58], [123.6, -16.58], [123.59, -16.57], [123.62, -16.57], [123.62, -16.55], [123.59, -16.54], [123.58, -16.55], [123.53, -16.54], [123.52, -16.55], [123.53, -16.55], [123.54, -16.57], [123.52, -16.57], [123.51, -16.6], [123.49, -16.57], [123.5, -16.57], [123.51, -16.57], [123.5, -16.57], [123.49, -16.55], [123.46, -16.53], [123.46, -16.52], [123.47, -16.52], [123.43, -16.51], [123.43, -16.5], [123.44, -16.5], [123.43, -16.5], [123.45, -16.51], [123.5, -16.51], [123.49, -16.5], [123.5, -16.5], [123.5, -16.49], [123.47, -16.48], [123.46, -16.48], [123.47, -16.47], [123.54, -16.5], [123.53, -16.51], [123.55, -16.5], [123.59, -16.53], [123.58, -16.52], [123.64, -16.53], [123.64, -16.52], [123.61, -16.5], [123.59, -16.51], [123.58, -16.5], [123.6, -16.49], [123.63, -16.49], [123.63, -16.5], [123.66, -16.49], [123.65, -16.48], [123.65, -16.47], [123.62, -16.46], [123.6, -16.45], [123.57, -16.45], [123.54, -16.43], [123.51, -16.42], [123.5, -16.41], [123.58, -16.43], [123.55, -16.41], [123.56, -16.41], [123.51, -16.39], [123.52, -16.39], [123.51, -16.38], [123.54, -16.4], [123.57, -16.4], [123.56, -16.4], [123.57, -16.41], [123.57, -16.4], [123.6, -16.41], [123.61, -16.42], [123.59, -16.42], [123.61, -16.43], [123.62, -16.43], [123.63, -16.42], [123.67, -16.44], [123.68, -16.43], [123.67, -16.43], [123.68, -16.43], [123.7, -16.41], [123.68, -16.42], [123.69, -16.4], [123.65, -16.39], [123.63, -16.36], [123.66, -16.36], [123.65, -16.37], [123.66, -16.38], [123.67, -16.38], [123.66, -16.37], [123.68, -16.38], [123.72, -16.37], [123.7, -16.36], [123.71, -16.35], [123.7, -16.35], [123.7, -16.34], [123.68, -16.34], [123.66, -16.31], [123.64, -16.31], [123.63, -16.29], [123.61, -16.29], [123.62, -16.32], [123.59, -16.31], [123.6, -16.32], [123.55, -16.28], [123.55, -16.26], [123.57, -16.28], [123.58, -16.27], [123.58, -16.26], [123.6, -16.26], [123.58, -16.25], [123.62, -16.26], [123.6, -16.25], [123.61, -16.24], [123.59, -16.25], [123.58, -16.24], [123.6, -16.23], [123.59, -16.22], [123.58, -16.23], [123.56, -16.22], [123.6, -16.22], [123.58, -16.21], [123.56, -16.21], [123.57, -16.19], [123.56, -16.18], [123.57, -16.17], [123.57, -16.18], [123.58, -16.16], [123.61, -16.16], [123.64, -16.18], [123.62, -16.16], [123.66, -16.17], [123.66, -16.15], [123.68, -16.16], [123.67, -16.15], [123.68, -16.15], [123.68, -16.16], [123.69, -16.15], [123.7, -16.16], [123.69, -16.16], [123.7, -16.17], [123.7, -16.19], [123.7, -16.17], [123.71, -16.17], [123.7, -16.15], [123.71, -16.15], [123.72, -16.17], [123.71, -16.15], [123.73, -16.16], [123.7, -16.13], [123.73, -16.14], [123.74, -16.16], [123.74, -16.15], [123.75, -16.16], [123.77, -16.17], [123.79, -16.2], [123.8, -16.2], [123.8, -16.21], [123.81, -16.21], [123.81, -16.22], [123.8, -16.22], [123.79, -16.21], [123.79, -16.22], [123.77, -16.22], [123.78, -16.23], [123.79, -16.23], [123.8, -16.24], [123.8, -16.26], [123.79, -16.26], [123.78, -16.24], [123.78, -16.26], [123.78, -16.25], [123.77, -16.26], [123.74, -16.25], [123.74, -16.26], [123.78, -16.29], [123.78, -16.3], [123.78, -16.28], [123.8, -16.3], [123.78, -16.3], [123.8, -16.32], [123.81, -16.32], [123.8, -16.3], [123.83, -16.32], [123.84, -16.33], [123.84, -16.32], [123.87, -16.33], [123.86, -16.33], [123.86, -16.34], [123.86, -16.35], [123.87, -16.35], [123.87, -16.34], [123.88, -16.35], [123.88, -16.36], [123.87, -16.36], [123.88, -16.37], [123.88, -16.38], [123.85, -16.37], [123.84, -16.35], [123.85, -16.38], [123.84, -16.38], [123.85, -16.44], [123.87, -16.45], [123.87, -16.41], [123.88, -16.42], [123.89, -16.41], [123.9, -16.42], [123.89, -16.39], [123.9, -16.39], [123.9, -16.37], [123.88, -16.35], [123.91, -16.36], [123.89, -16.34], [123.92, -16.35], [123.89, -16.33], [123.88, -16.3], [123.9, -16.31], [123.91, -16.34], [123.94, -16.36], [123.98, -16.38], [123.99, -16.37], [123.98, -16.34], [123.96, -16.33], [123.95, -16.3], [123.93, -16.3], [123.96, -16.28], [124.0, -16.29], [123.99, -16.28], [123.96, -16.27], [123.96, -16.26], [123.95, -16.26], [123.96, -16.25], [123.95, -16.26], [123.95, -16.25], [123.94, -16.25], [123.93, -16.23], [123.92, -16.23], [123.91, -16.21], [123.94, -16.23], [123.97, -16.25], [123.98, -16.25], [124.0, -16.26], [124.0, -16.25], [124.0, -16.26], [124.01, -16.26], [124.02, -16.27], [124.01, -16.26], [124.03, -16.26], [124.04, -16.27], [124.04, -16.28], [124.05, -16.27], [124.07, -16.28], [124.06, -16.27], [124.08, -16.27], [124.1, -16.28], [124.1, -16.29], [124.11, -16.28], [124.12, -16.28], [124.12, -16.29], [124.18, -16.31], [124.18, -16.33], [124.19, -16.34], [124.19, -16.35], [124.19, -16.36], [124.19, -16.37], [124.2, -16.36], [124.2, -16.38], [124.2, -16.37], [124.21, -16.38], [124.2, -16.39], [124.21, -16.4], [124.2, -16.4], [124.21, -16.4], [124.22, -16.42], [124.26, -16.41], [124.26, -16.42], [124.28, -16.41], [124.29, -16.42], [124.3, -16.41], [124.31, -16.42], [124.32, -16.41], [124.32, -16.42], [124.33, -16.43], [124.33, -16.44], [124.32, -16.44], [124.32, -16.45], [124.31, -16.46], [124.32, -16.47], [124.33, -16.46], [124.34, -16.47], [124.35, -16.45], [124.36, -16.46], [124.36, -16.45], [124.37, -16.44], [124.39, -16.45], [124.39, -16.46], [124.41, -16.48], [124.39, -16.5], [124.4, -16.5], [124.41, -16.5], [124.4, -16.51], [124.42, -16.51], [124.41, -16.53], [124.39, -16.53], [124.41, -16.53], [124.41, -16.54], [124.43, -16.53], [124.43, -16.52], [124.44, -16.53], [124.43, -16.5], [124.44, -16.5], [124.44, -16.51], [124.44, -16.5], [124.45, -16.51], [124.44, -16.49], [124.45, -16.5], [124.47, -16.5], [124.44, -16.48], [124.42, -16.49], [124.4, -16.47], [124.4, -16.43], [124.39, -16.42], [124.35, -16.42], [124.34, -16.42], [124.35, -16.39], [124.37, -16.38], [124.39, -16.35], [124.4, -16.35], [124.41, -16.37], [124.43, -16.37], [124.43, -16.39], [124.45, -16.39], [124.45, -16.41], [124.49, -16.4], [124.49, -16.41], [124.5, -16.4], [124.51, -16.41], [124.6, -16.41], [124.75, -16.39], [124.84, -16.43], [124.92, -16.42], [124.92, -16.39], [124.95, -16.39], [124.95, -16.37], [124.94, -16.38], [124.92, -16.39], [124.9, -16.42], [124.88, -16.41], [124.87, -16.42], [124.83, -16.41], [124.81, -16.42], [124.79, -16.39], [124.73, -16.37], [124.72, -16.36], [124.69, -16.34], [124.67, -16.35], [124.57, -16.33], [124.51, -16.34], [124.48, -16.36], [124.48, -16.34], [124.46, -16.34], [124.46, -16.35], [124.42, -16.36], [124.41, -16.36], [124.41, -16.33], [124.39, -16.34], [124.41, -16.29], [124.4, -16.3], [124.39, -16.28], [124.4, -16.27], [124.41, -16.25], [124.4, -16.24], [124.38, -16.23], [124.38, -16.22], [124.4, -16.2], [124.39, -16.19], [124.4, -16.18], [124.4, -16.17], [124.43, -16.18], [124.45, -16.12], [124.44, -16.11], [124.45, -16.11], [124.44, -16.07], [124.45, -16.08], [124.46, -16.08], [124.46, -16.07], [124.48, -16.08], [124.48, -16.09], [124.46, -16.1], [124.49, -16.12], [124.51, -16.16], [124.52, -16.17], [124.5, -16.18], [124.5, -16.19], [124.52, -16.18], [124.51, -16.21], [124.52, -16.18], [124.53, -16.19], [124.53, -16.18], [124.54, -16.18], [124.53, -16.16], [124.54, -16.16], [124.56, -16.12], [124.6, -16.13], [124.65, -16.1], [124.63, -16.09], [124.62, -16.1], [124.62, -16.09], [124.61, -16.11], [124.59, -16.12], [124.59, -16.11], [124.58, -16.02], [124.6, -16.03], [124.58, -16.0], [124.59, -16.0], [124.59, -15.97], [124.62, -15.98], [124.62, -16.0], [124.62, -15.98], [124.64, -15.98], [124.63, -16.0], [124.64, -15.99], [124.64, -15.98], [124.61, -15.97], [124.62, -15.96], [124.6, -15.97], [124.6, -15.94], [124.61, -15.94], [124.61, -15.93], [124.63, -15.92], [124.62, -15.91], [124.61, -15.9], [124.61, -15.89], [124.63, -15.88], [124.65, -15.85], [124.67, -15.86], [124.68, -15.89], [124.69, -15.88], [124.68, -15.88], [124.68, -15.86], [124.69, -15.86], [124.68, -15.85], [124.71, -15.84], [124.7, -15.81], [124.74, -15.82], [124.7, -15.78], [124.7, -15.77], [124.72, -15.77], [124.71, -15.76], [124.7, -15.77], [124.7, -15.75], [124.7, -15.76], [124.7, -15.77], [124.69, -15.77], [124.7, -15.77], [124.69, -15.78], [124.68, -15.78], [124.68, -15.77], [124.7, -15.74], [124.69, -15.75], [124.66, -15.78], [124.63, -15.79], [124.63, -15.78], [124.63, -15.79], [124.63, -15.8], [124.61, -15.81], [124.57, -15.86], [124.53, -15.96], [124.52, -15.97], [124.51, -15.97], [124.52, -15.98], [124.5, -16.0], [124.49, -15.99], [124.49, -15.98], [124.5, -15.98], [124.49, -15.96], [124.5, -15.94], [124.51, -15.95], [124.51, -15.93], [124.5, -15.94], [124.5, -15.93], [124.49, -15.94], [124.49, -15.92], [124.48, -15.94], [124.48, -15.9], [124.47, -15.89], [124.48, -15.89], [124.5, -15.89], [124.48, -15.89], [124.49, -15.89], [124.48, -15.87], [124.48, -15.86], [124.46, -15.85], [124.46, -15.82], [124.48, -15.82], [124.46, -15.82], [124.46, -15.8], [124.44, -15.81], [124.46, -15.81], [124.45, -15.83], [124.44, -15.83], [124.44, -15.87], [124.43, -15.87], [124.42, -15.85], [124.42, -15.88], [124.41, -15.86], [124.41, -15.81], [124.39, -15.72], [124.4, -15.73], [124.41, -15.72], [124.42, -15.73], [124.42, -15.72], [124.44, -15.71], [124.42, -15.72], [124.41, -15.72], [124.42, -15.71], [124.41, -15.71], [124.4, -15.73], [124.4, -15.7], [124.39, -15.68], [124.39, -15.67], [124.38, -15.68], [124.37, -15.67], [124.38, -15.66], [124.39, -15.67], [124.39, -15.66], [124.4, -15.69], [124.41, -15.68], [124.41, -15.64], [124.42, -15.67], [124.43, -15.67], [124.43, -15.66], [124.44, -15.67], [124.44, -15.65], [124.46, -15.66], [124.44, -15.64], [124.43, -15.62], [124.45, -15.6], [124.45, -15.62], [124.48, -15.62], [124.5, -15.64], [124.49, -15.62], [124.5, -15.62], [124.45, -15.61], [124.46, -15.61], [124.45, -15.59], [124.45, -15.6], [124.43, -15.61], [124.43, -15.59], [124.41, -15.61], [124.42, -15.62], [124.4, -15.62], [124.43, -15.57], [124.42, -15.56], [124.43, -15.56], [124.42, -15.55], [124.43, -15.54], [124.44, -15.55], [124.45, -15.53], [124.46, -15.54], [124.46, -15.53], [124.47, -15.54], [124.46, -15.51], [124.47, -15.51], [124.47, -15.5], [124.49, -15.5], [124.5, -15.52], [124.51, -15.53], [124.5, -15.52], [124.51, -15.5], [124.5, -15.51], [124.49, -15.49], [124.47, -15.5], [124.46, -15.51], [124.46, -15.5], [124.45, -15.51], [124.48, -15.48], [124.5, -15.47], [124.51, -15.48], [124.51, -15.47], [124.52, -15.47], [124.52, -15.49], [124.53, -15.48], [124.55, -15.49], [124.55, -15.5], [124.58, -15.5], [124.58, -15.52], [124.6, -15.52], [124.6, -15.51], [124.62, -15.5], [124.62, -15.51], [124.61, -15.52], [124.63, -15.53], [124.63, -15.52], [124.62, -15.51], [124.64, -15.5], [124.62, -15.5], [124.63, -15.47], [124.62, -15.47], [124.63, -15.46], [124.63, -15.44], [124.65, -15.42], [124.65, -15.44], [124.65, -15.43], [124.64, -15.46], [124.67, -15.48], [124.68, -15.48], [124.67, -15.5], [124.68, -15.48], [124.69, -15.48], [124.68, -15.47], [124.69, -15.47], [124.69, -15.46], [124.68, -15.46], [124.67, -15.45], [124.67, -15.43], [124.69, -15.41], [124.68, -15.41], [124.68, -15.4], [124.72, -15.38], [124.73, -15.36], [124.74, -15.36], [124.73, -15.36], [124.72, -15.35], [124.7, -15.36], [124.71, -15.34], [124.69, -15.36], [124.67, -15.36], [124.66, -15.35], [124.67, -15.35], [124.66, -15.34], [124.66, -15.32], [124.67, -15.33], [124.67, -15.32], [124.69, -15.33], [124.71, -15.32], [124.69, -15.31], [124.7, -15.3], [124.67, -15.3], [124.68, -15.29], [124.67, -15.28], [124.68, -15.27], [124.67, -15.27], [124.67, -15.26], [124.68, -15.25], [124.68, -15.26], [124.7, -15.28], [124.71, -15.25], [124.77, -15.3], [124.76, -15.33], [124.74, -15.34], [124.75, -15.35], [124.76, -15.33], [124.78, -15.31], [124.78, -15.29], [124.81, -15.31], [124.82, -15.32], [124.83, -15.33], [124.84, -15.32], [124.82, -15.31], [124.85, -15.3], [124.84, -15.32], [124.85, -15.33], [124.85, -15.34], [124.84, -15.34], [124.85, -15.35], [124.86, -15.35], [124.86, -15.36], [124.88, -15.34], [124.89, -15.36], [124.91, -15.36], [124.92, -15.37], [124.93, -15.37], [124.94, -15.39], [124.93, -15.39], [124.95, -15.4], [124.94, -15.38], [124.95, -15.38], [124.97, -15.42], [124.98, -15.41], [124.98, -15.42], [125.0, -15.44], [125.0, -15.45], [124.98, -15.47], [124.95, -15.48], [124.96, -15.48], [124.95, -15.49], [124.96, -15.48], [124.98, -15.48], [124.96, -15.49], [124.97, -15.49], [124.98, -15.48], [124.98, -15.5], [124.98, -15.48], [125.0, -15.48], [125.0, -15.5], [124.99, -15.51], [125.0, -15.5], [125.0, -15.51], [125.0, -15.5], [125.01, -15.5], [125.0, -15.5], [125.0, -15.48], [125.01, -15.47], [125.01, -15.48], [125.02, -15.47], [125.03, -15.49], [125.02, -15.51], [125.02, -15.52], [125.0, -15.52], [125.01, -15.52], [125.0, -15.53], [125.01, -15.53], [125.02, -15.54], [125.01, -15.53], [125.02, -15.52], [125.03, -15.53], [125.02, -15.51], [125.03, -15.51], [125.03, -15.52], [125.03, -15.51], [125.03, -15.52], [125.03, -15.5], [125.04, -15.5], [125.04, -15.51], [125.05, -15.5], [125.04, -15.49], [125.05, -15.47], [125.05, -15.48], [125.05, -15.47], [125.06, -15.46], [125.09, -15.46], [125.12, -15.48], [125.12, -15.49], [125.14, -15.5], [125.14, -15.51], [125.17, -15.53], [125.2, -15.54], [125.23, -15.57], [125.29, -15.6], [125.31, -15.62], [125.42, -15.7], [125.3, -15.61], [125.28, -15.59], [125.29, -15.58], [125.27, -15.59], [125.25, -15.58], [125.23, -15.55], [125.23, -15.54], [125.22, -15.55], [125.19, -15.52], [125.15, -15.5], [125.14, -15.48], [125.1, -15.46], [125.08, -15.45], [125.09, -15.44], [125.07, -15.44], [125.08, -15.41], [125.08, -15.38], [125.1, -15.37], [125.09, -15.37], [125.09, -15.35], [125.11, -15.34], [125.14, -15.34], [125.14, -15.33], [125.14, -15.35], [125.14, -15.33], [125.15, -15.33], [125.14, -15.33], [125.16, -15.32], [125.16, -15.34], [125.16, -15.33], [125.16, -15.32], [125.16, -15.31], [125.15, -15.32], [125.16, -15.31], [125.15, -15.32], [125.15, -15.31], [125.15, -15.32], [125.14, -15.32], [125.13, -15.33], [125.14, -15.32], [125.13, -15.32], [125.12, -15.32], [125.13, -15.33], [125.12, -15.33], [125.12, -15.32], [125.12, -15.33], [125.09, -15.34], [125.1, -15.32], [125.11, -15.32], [125.11, -15.31], [125.1, -15.31], [125.12, -15.3], [125.1, -15.3], [125.11, -15.29], [125.1, -15.3], [125.1, -15.29], [125.11, -15.26], [125.12, -15.26], [125.11, -15.26], [125.1, -15.29], [125.09, -15.27], [125.09, -15.25], [125.09, -15.26], [125.08, -15.25], [125.07, -15.25], [125.08, -15.26], [125.1, -15.28], [125.09, -15.29], [125.09, -15.28], [125.09, -15.29], [125.08, -15.29], [125.09, -15.29], [125.08, -15.31], [125.07, -15.32], [125.05, -15.3], [125.04, -15.3], [125.04, -15.28], [125.03, -15.29], [125.03, -15.27], [125.03, -15.3], [124.98, -15.32], [124.98, -15.33], [124.92, -15.36], [124.9, -15.34], [124.9, -15.33], [124.91, -15.34], [124.9, -15.33], [124.91, -15.32], [124.89, -15.33], [124.88, -15.32], [124.9, -15.31], [124.88, -15.31], [124.88, -15.3], [124.89, -15.27], [124.9, -15.27], [124.9, -15.28], [124.9, -15.26], [124.91, -15.26], [124.91, -15.27], [124.92, -15.27], [124.92, -15.25], [124.93, -15.25], [124.92, -15.25], [124.93, -15.23], [124.95, -15.23], [124.97, -15.21], [124.98, -15.22], [124.97, -15.23], [124.98, -15.22], [125.01, -15.24], [125.0, -15.22], [125.02, -15.21], [125.02, -15.22], [125.03, -15.2], [125.05, -15.19], [125.04, -15.18], [125.06, -15.18], [125.06, -15.16], [125.05, -15.17], [125.05, -15.16], [125.02, -15.17], [125.02, -15.16], [125.01, -15.15], [125.01, -15.16], [125.01, -15.18], [124.99, -15.2], [124.98, -15.19], [124.99, -15.16], [124.98, -15.18], [124.99, -15.17], [124.98, -15.18], [124.98, -15.17], [124.97, -15.16], [124.97, -15.18], [124.96, -15.2], [124.97, -15.21], [124.94, -15.2], [124.94, -15.19], [124.94, -15.21], [124.92, -15.23], [124.92, -15.22], [124.92, -15.23], [124.9, -15.24], [124.91, -15.24], [124.91, -15.25], [124.88, -15.26], [124.89, -15.23], [124.87, -15.24], [124.87, -15.22], [124.88, -15.21], [124.87, -15.2], [124.86, -15.19], [124.9, -15.17], [124.85, -15.18], [124.86, -15.17], [124.85, -15.18], [124.84, -15.17], [124.84, -15.18], [124.85, -15.16], [124.83, -15.16], [124.87, -15.14], [124.87, -15.13], [124.88, -15.13], [124.89, -15.11], [124.91, -15.12], [124.91, -15.11], [124.92, -15.12], [124.93, -15.11], [124.94, -15.13], [124.95, -15.11], [124.95, -15.12], [124.96, -15.12], [124.97, -15.14], [124.98, -15.13], [124.99, -15.13], [124.99, -15.11], [125.0, -15.12], [125.0, -15.1], [125.01, -15.1], [125.01, -15.09], [125.03, -15.11], [125.05, -15.08], [125.03, -15.07], [125.04, -15.05], [125.02, -15.05], [125.03, -15.03], [125.01, -15.04], [125.02, -15.02], [125.02, -15.01], [125.03, -14.99], [125.01, -14.98], [125.03, -14.98], [125.03, -15.0], [125.04, -14.98], [125.06, -15.0], [125.05, -14.99], [125.07, -14.98], [125.09, -14.99], [125.06, -15.03], [125.07, -15.04], [125.08, -15.04], [125.07, -15.06], [125.1, -15.06], [125.11, -15.03], [125.13, -15.04], [125.13, -15.06], [125.12, -15.09], [125.14, -15.1], [125.15, -15.13], [125.16, -15.15], [125.17, -15.13], [125.22, -15.12], [125.21, -15.12], [125.22, -15.11], [125.23, -15.11], [125.23, -15.1], [125.24, -15.1], [125.24, -15.11], [125.24, -15.1], [125.27, -15.1], [125.27, -15.11], [125.28, -15.1], [125.29, -15.1], [125.28, -15.14], [125.31, -15.14], [125.31, -15.15], [125.33, -15.15], [125.33, -15.16], [125.33, -15.15], [125.35, -15.14], [125.37, -15.16], [125.38, -15.14], [125.41, -15.16], [125.44, -15.15], [125.48, -15.15], [125.48, -15.14], [125.48, -15.15], [125.45, -15.14], [125.48, -15.14], [125.48, -15.13], [125.4, -15.13], [125.38, -15.12], [125.38, -15.11], [125.36, -15.11], [125.38, -15.11], [125.37, -15.1], [125.4, -15.08], [125.4, -15.06], [125.37, -15.07], [125.37, -15.06], [125.38, -15.05], [125.39, -15.06], [125.4, -15.04], [125.41, -15.05], [125.43, -15.03], [125.46, -15.01], [125.46, -15.0], [125.47, -15.0], [125.48, -15.0], [125.47, -14.99], [125.45, -15.0], [125.45, -15.01], [125.44, -15.0], [125.44, -15.01], [125.42, -15.02], [125.41, -15.0], [125.41, -15.03], [125.39, -15.03], [125.37, -14.99], [125.36, -15.01], [125.35, -15.01], [125.35, -15.0], [125.34, -15.0], [125.34, -14.99], [125.32, -15.01], [125.3, -15.0], [125.29, -15.0], [125.28, -14.98], [125.3, -14.98], [125.3, -14.96], [125.29, -14.97], [125.27, -14.96], [125.27, -14.98], [125.25, -14.98], [125.25, -14.97], [125.26, -14.95], [125.26, -14.94], [125.24, -14.94], [125.23, -14.97], [125.23, -14.96], [125.23, -14.97], [125.22, -14.96], [125.22, -14.97], [125.21, -14.97], [125.21, -14.95], [125.21, -14.94], [125.22, -14.95], [125.22, -14.93], [125.23, -14.92], [125.23, -14.93], [125.23, -14.92], [125.24, -14.92], [125.24, -14.91], [125.26, -14.93], [125.26, -14.9], [125.27, -14.93], [125.29, -14.93], [125.29, -14.94], [125.31, -14.92], [125.29, -14.9], [125.3, -14.9], [125.31, -14.91], [125.31, -14.89], [125.31, -14.9], [125.32, -14.9], [125.32, -14.89], [125.33, -14.88], [125.31, -14.88], [125.31, -14.87], [125.3, -14.88], [125.29, -14.85], [125.27, -14.87], [125.27, -14.85], [125.26, -14.87], [125.25, -14.85], [125.25, -14.87], [125.24, -14.87], [125.25, -14.83], [125.24, -14.83], [125.23, -14.85], [125.22, -14.85], [125.22, -14.87], [125.21, -14.86], [125.21, -14.84], [125.2, -14.84], [125.2, -14.83], [125.19, -14.84], [125.18, -14.83], [125.2, -14.83], [125.19, -14.8], [125.21, -14.79], [125.2, -14.79], [125.19, -14.79], [125.2, -14.78], [125.19, -14.78], [125.17, -14.79], [125.17, -14.78], [125.15, -14.77], [125.15, -14.78], [125.14, -14.75], [125.15, -14.75], [125.16, -14.73], [125.19, -14.75], [125.19, -14.74], [125.2, -14.74], [125.18, -14.73], [125.18, -14.71], [125.2, -14.71], [125.2, -14.7], [125.21, -14.72], [125.22, -14.71], [125.21, -14.69], [125.21, -14.67], [125.22, -14.67], [125.22, -14.68], [125.23, -14.66], [125.25, -14.68], [125.26, -14.69], [125.27, -14.69], [125.25, -14.67], [125.26, -14.67], [125.26, -14.66], [125.27, -14.66], [125.28, -14.65], [125.31, -14.65], [125.29, -14.62], [125.28, -14.64], [125.26, -14.63], [125.27, -14.64], [125.25, -14.65], [125.24, -14.63], [125.23, -14.66], [125.2, -14.65], [125.22, -14.64], [125.23, -14.64], [125.23, -14.63], [125.23, -14.62], [125.24, -14.61], [125.26, -14.63], [125.25, -14.61], [125.26, -14.62], [125.26, -14.6], [125.27, -14.59], [125.27, -14.6], [125.28, -14.58], [125.3, -14.58], [125.3, -14.56], [125.33, -14.58], [125.33, -14.56], [125.34, -14.56], [125.35, -14.56], [125.35, -14.54], [125.34, -14.54], [125.34, -14.52], [125.36, -14.51], [125.36, -14.55], [125.37, -14.56], [125.35, -14.58], [125.37, -14.59], [125.37, -14.58], [125.39, -14.57], [125.39, -14.58], [125.39, -14.57], [125.4, -14.57], [125.4, -14.55], [125.41, -14.55], [125.41, -14.57], [125.42, -14.56], [125.42, -14.58], [125.42, -14.59], [125.41, -14.6], [125.43, -14.6], [125.44, -14.61], [125.43, -14.63], [125.43, -14.64], [125.45, -14.62], [125.44, -14.59], [125.46, -14.61], [125.45, -14.58], [125.47, -14.58], [125.47, -14.56], [125.48, -14.57], [125.47, -14.56], [125.47, -14.54], [125.48, -14.53], [125.49, -14.56], [125.5, -14.53], [125.49, -14.52], [125.52, -14.51], [125.52, -14.5], [125.53, -14.5], [125.52, -14.51], [125.53, -14.51], [125.53, -14.52], [125.54, -14.51], [125.56, -14.51], [125.56, -14.53], [125.54, -14.53], [125.55, -14.55], [125.53, -14.55], [125.53, -14.56], [125.55, -14.56], [125.56, -14.57], [125.57, -14.56], [125.6, -14.56], [125.57, -14.55], [125.58, -14.53], [125.6, -14.54], [125.6, -14.52], [125.61, -14.51], [125.6, -14.5], [125.59, -14.51], [125.6, -14.5], [125.59, -14.49], [125.6, -14.49], [125.59, -14.46], [125.6, -14.46], [125.6, -14.43], [125.62, -14.41], [125.62, -14.4], [125.62, -14.39], [125.61, -14.39], [125.61, -14.37], [125.59, -14.37], [125.59, -14.36], [125.6, -14.34], [125.58, -14.32], [125.58, -14.31], [125.6, -14.27], [125.58, -14.26], [125.57, -14.26], [125.59, -14.24], [125.61, -14.26], [125.61, -14.24], [125.6, -14.24], [125.61, -14.24], [125.63, -14.23], [125.63, -14.24], [125.64, -14.25], [125.64, -14.27], [125.65, -14.26], [125.65, -14.24], [125.66, -14.27], [125.67, -14.26], [125.67, -14.29], [125.7, -14.29], [125.7, -14.3], [125.72, -14.29], [125.72, -14.28], [125.73, -14.28], [125.71, -14.3], [125.72, -14.3], [125.72, -14.31], [125.71, -14.32], [125.71, -14.33], [125.7, -14.33], [125.73, -14.32], [125.72, -14.33], [125.73, -14.34], [125.71, -14.34], [125.7, -14.35], [125.7, -14.34], [125.69, -14.35], [125.67, -14.33], [125.66, -14.34], [125.67, -14.35], [125.67, -14.36], [125.67, -14.35], [125.68, -14.36], [125.67, -14.37], [125.67, -14.38], [125.66, -14.38], [125.65, -14.39], [125.67, -14.42], [125.66, -14.42], [125.66, -14.44], [125.68, -14.45], [125.67, -14.47], [125.68, -14.47], [125.69, -14.5], [125.68, -14.52], [125.68, -14.56], [125.65, -14.6], [125.65, -14.65], [125.67, -14.61], [125.71, -14.49], [125.73, -14.48], [125.75, -14.48], [125.77, -14.47], [125.77, -14.48], [125.78, -14.47], [125.79, -14.47], [125.8, -14.45], [125.81, -14.44], [125.82, -14.45], [125.8, -14.48], [125.85, -14.46], [125.86, -14.47], [125.83, -14.48], [125.82, -14.5], [125.85, -14.54], [125.83, -14.54], [125.85, -14.56], [125.84, -14.57], [125.83, -14.59], [125.85, -14.59], [125.85, -14.61], [125.88, -14.61], [125.88, -14.62], [125.89, -14.62], [125.91, -14.66], [125.92, -14.64], [125.93, -14.65], [125.92, -14.65], [125.93, -14.65], [125.93, -14.64], [125.93, -14.65], [125.94, -14.64], [125.93, -14.63], [125.93, -14.61], [125.92, -14.58], [125.9, -14.58], [125.9, -14.56], [125.92, -14.55], [125.92, -14.54], [125.93, -14.53], [125.95, -14.54], [125.95, -14.52], [125.96, -14.53], [125.96, -14.52], [125.97, -14.55], [125.98, -14.54], [126.0, -14.55], [126.01, -14.53], [126.02, -14.52], [126.04, -14.54], [126.05, -14.53], [126.04, -14.51], [126.05, -14.5], [126.04, -14.49], [126.05, -14.47], [126.03, -14.47], [126.02, -14.46], [126.02, -14.41], [125.99, -14.42], [125.98, -14.39], [125.99, -14.4], [126.0, -14.4], [126.01, -14.4], [126.01, -14.39], [126.02, -14.38], [126.03, -14.38], [126.05, -14.36], [126.07, -14.36], [126.08, -14.35], [126.08, -14.36], [126.09, -14.35], [126.08, -14.34], [126.07, -14.34], [126.07, -14.33], [126.09, -14.33], [126.09, -14.32], [126.08, -14.32], [126.08, -14.3], [126.07, -14.3], [126.05, -14.25], [126.08, -14.23], [126.1, -14.24], [126.09, -14.24], [126.13, -14.23], [126.14, -14.22], [126.14, -14.2], [126.15, -14.21], [126.16, -14.18], [126.14, -14.16], [126.17, -14.15], [126.15, -14.14], [126.15, -14.13], [126.13, -14.12], [126.13, -14.1], [126.1, -14.08], [126.09, -14.09], [126.06, -14.07], [126.03, -14.1], [126.0, -14.07], [125.99, -14.07], [125.99, -14.05], [125.98, -14.04], [125.98, -14.02], [125.97, -14.0], [125.98, -13.99], [125.98, -14.01], [126.01, -14.03], [126.01, -14.04], [126.01, -14.07], [126.03, -14.03], [126.03, -14.02], [126.04, -14.03], [126.03, -14.04], [126.06, -14.03], [126.04, -14.0], [126.02, -14.0], [126.03, -13.99], [126.04, -13.99], [126.04, -13.98], [126.07, -13.99], [126.07, -14.04], [126.08, -14.03], [126.1, -14.04], [126.09, -14.02], [126.1, -14.01], [126.09, -14.01], [126.1, -14.0], [126.09, -13.99], [126.11, -13.98], [126.1, -13.97], [126.08, -13.98], [126.08, -13.97], [126.05, -13.95], [126.04, -13.94], [126.03, -13.93], [126.02, -13.94], [126.01, -13.93], [126.04, -13.92], [126.05, -13.94], [126.06, -13.94], [126.07, -13.93], [126.09, -13.9], [126.1, -13.9], [126.09, -13.92], [126.11, -13.92], [126.09, -13.95], [126.1, -13.93], [126.13, -13.94], [126.13, -13.92], [126.16, -13.92], [126.15, -13.93], [126.16, -13.92], [126.15, -13.95], [126.14, -13.95], [126.13, -13.96], [126.14, -13.96], [126.16, -13.97], [126.13, -13.99], [126.14, -13.99], [126.13, -14.0], [126.11, -14.01], [126.11, -14.03], [126.13, -14.03], [126.12, -14.02], [126.19, -13.97], [126.22, -13.97], [126.22, -13.99], [126.19, -13.98], [126.16, -14.0], [126.14, -14.01], [126.15, -14.02], [126.17, -14.01], [126.19, -14.02], [126.2, -14.0], [126.2, -14.01], [126.22, -14.02], [126.22, -14.03], [126.22, -14.04], [126.16, -14.06], [126.15, -14.07], [126.15, -14.08], [126.16, -14.07], [126.19, -14.07], [126.17, -14.08], [126.16, -14.1], [126.17, -14.11], [126.18, -14.09], [126.21, -14.08], [126.21, -14.09], [126.22, -14.11], [126.21, -14.12], [126.22, -14.12], [126.18, -14.13], [126.19, -14.14], [126.21, -14.14], [126.19, -14.17], [126.2, -14.18], [126.21, -14.18], [126.2, -14.19], [126.24, -14.18], [126.23, -14.19], [126.25, -14.19], [126.24, -14.2], [126.25, -14.21], [126.23, -14.2], [126.22, -14.24], [126.23, -14.24], [126.24, -14.22], [126.25, -14.24], [126.27, -14.22], [126.27, -14.21], [126.27, -14.24], [126.28, -14.22], [126.3, -14.23], [126.31, -14.2], [126.32, -14.2], [126.32, -14.21], [126.34, -14.19], [126.36, -14.19], [126.35, -14.18], [126.32, -14.16], [126.32, -14.14], [126.31, -14.15], [126.3, -14.14], [126.32, -14.12], [126.31, -14.1], [126.35, -14.1], [126.34, -14.06], [126.33, -14.05], [126.37, -14.05], [126.39, -14.05], [126.39, -14.04], [126.4, -14.01], [126.43, -14.01], [126.44, -13.98], [126.45, -14.0], [126.45, -14.01], [126.49, -14.0], [126.5, -13.98], [126.5, -13.96], [126.51, -13.96], [126.54, -13.93], [126.55, -13.95], [126.57, -13.94], [126.57, -13.95], [126.54, -13.96], [126.51, -14.01], [126.49, -14.01], [126.49, -14.03], [126.5, -14.05], [126.48, -14.05], [126.45, -14.08], [126.45, -14.1], [126.48, -14.11], [126.48, -14.1], [126.49, -14.1], [126.51, -14.09], [126.51, -14.08], [126.53, -14.08], [126.53, -14.09], [126.5, -14.1], [126.5, -14.13], [126.52, -14.15], [126.52, -14.16], [126.54, -14.15], [126.56, -14.15], [126.57, -14.14], [126.57, -14.15], [126.56, -14.17], [126.57, -14.19], [126.56, -14.22], [126.58, -14.23], [126.6, -14.24], [126.61, -14.2], [126.61, -14.18], [126.63, -14.19], [126.65, -14.17], [126.65, -14.14], [126.66, -14.11], [126.64, -14.08], [126.66, -14.08], [126.69, -14.1], [126.69, -14.09], [126.69, -14.13], [126.72, -14.12], [126.72, -14.1], [126.71, -14.1], [126.72, -14.09], [126.73, -14.09], [126.74, -14.07], [126.72, -14.07], [126.76, -14.05], [126.75, -14.03], [126.75, -14.02], [126.75, -14.01], [126.76, -14.02], [126.75, -14.01], [126.74, -14.01], [126.72, -14.03], [126.7, -14.02], [126.7, -14.0], [126.71, -13.97], [126.73, -14.0], [126.75, -13.99], [126.75, -13.97], [126.77, -13.98], [126.79, -13.97], [126.8, -13.97], [126.79, -13.98], [126.8, -13.98], [126.81, -13.99], [126.79, -13.99], [126.8, -13.99], [126.81, -13.98], [126.81, -14.0], [126.82, -13.98], [126.84, -13.97], [126.88, -13.98], [126.88, -14.0], [126.91, -13.99], [126.87, -13.95], [126.84, -13.94], [126.84, -13.93], [126.81, -13.93], [126.81, -13.92], [126.8, -13.88], [126.77, -13.86], [126.76, -13.83], [126.76, -13.81], [126.74, -13.79], [126.77, -13.78], [126.76, -13.79], [126.77, -13.79], [126.76, -13.79], [126.78, -13.78], [126.79, -13.79], [126.79, -13.78], [126.82, -13.77], [126.82, -13.78], [126.83, -13.79], [126.83, -13.81], [126.84, -13.82], [126.85, -13.8], [126.87, -13.8], [126.85, -13.77], [126.85, -13.76], [126.87, -13.76], [126.87, -13.75], [126.88, -13.75], [126.9, -13.76], [126.9, -13.77], [126.92, -13.77], [126.92, -13.78], [126.94, -13.77], [126.91, -13.74], [126.95, -13.75], [126.96, -13.74], [126.97, -13.75], [126.98, -13.75], [126.98, -13.76], [126.99, -13.79], [127.0, -13.79], [127.0, -13.77], [127.0, -13.79], [127.01, -13.8], [127.01, -13.79], [127.03, -13.8], [127.02, -13.8], [127.01, -13.82], [127.03, -13.82], [127.03, -13.83], [127.04, -13.83], [127.05, -13.81], [127.06, -13.83], [127.05, -13.83], [127.04, -13.85], [127.06, -13.85], [127.07, -13.84], [127.08, -13.84], [127.08, -13.85], [127.07, -13.86], [127.08, -13.87], [127.06, -13.91], [127.07, -13.9], [127.1, -13.88], [127.1, -13.9], [127.11, -13.91], [127.1, -13.91], [127.09, -13.93], [127.1, -13.93], [127.11, -13.93], [127.11, -13.94], [127.12, -13.95], [127.11, -13.96], [127.12, -13.97], [127.13, -13.97], [127.14, -13.98], [127.15, -13.97], [127.15, -13.96], [127.16, -13.93], [127.18, -13.93], [127.17, -13.92], [127.17, -13.91], [127.19, -13.9], [127.2, -13.92], [127.19, -13.94], [127.19, -13.96], [127.2, -13.96], [127.2, -13.94], [127.21, -13.97], [127.21, -13.96], [127.21, -13.94], [127.23, -13.94], [127.24, -13.91], [127.25, -13.9], [127.25, -13.91], [127.27, -13.9], [127.28, -13.92], [127.28, -13.94], [127.29, -13.93], [127.32, -13.96], [127.33, -13.96], [127.35, -13.95], [127.35, -13.94], [127.33, -13.93], [127.32, -13.91], [127.35, -13.91], [127.36, -13.91], [127.36, -13.92], [127.38, -13.93], [127.37, -13.94], [127.4, -13.94], [127.41, -13.96], [127.43, -13.94], [127.42, -13.97], [127.44, -13.97], [127.44, -13.98], [127.46, -13.98], [127.45, -13.99], [127.47, -14.0], [127.45, -14.02], [127.46, -14.04], [127.45, -14.06], [127.48, -14.06], [127.48, -14.09], [127.49, -14.06], [127.5, -14.07], [127.52, -14.07], [127.51, -14.07], [127.52, -14.07], [127.51, -14.09], [127.52, -14.09], [127.54, -14.09], [127.52, -14.12], [127.54, -14.1], [127.55, -14.11], [127.56, -14.1], [127.59, -14.14], [127.62, -14.14], [127.62, -14.16], [127.65, -14.17], [127.63, -14.18], [127.67, -14.19], [127.67, -14.21], [127.68, -14.21], [127.67, -14.22], [127.68, -14.21], [127.69, -14.23], [127.69, -14.24], [127.68, -14.24], [127.71, -14.25], [127.72, -14.28], [127.74, -14.28], [127.74, -14.29], [127.76, -14.3], [127.78, -14.33], [127.78, -14.34], [127.77, -14.35], [127.76, -14.37], [127.78, -14.35], [127.79, -14.39], [127.8, -14.39], [127.81, -14.38], [127.81, -14.4], [127.82, -14.4], [127.83, -14.4], [127.82, -14.44], [127.83, -14.45], [127.85, -14.48], [127.88, -14.47], [127.88, -14.48], [127.9, -14.51], [127.93, -14.5], [127.95, -14.52], [127.95, -14.53], [127.94, -14.53], [127.94, -14.54], [127.93, -14.56], [127.95, -14.57], [127.95, -14.59], [127.96, -14.59], [127.98, -14.58], [127.99, -14.56], [128.0, -14.57], [128.03, -14.58], [128.07, -14.62], [128.07, -14.65], [128.09, -14.65], [128.09, -14.64], [128.1, -14.66], [128.13, -14.66], [128.14, -14.68], [128.13, -14.69], [128.15, -14.69], [128.16, -14.71], [128.18, -14.71], [128.2, -14.71], [128.22, -14.72], [128.21, -14.73], [128.23, -14.74], [128.22, -14.75], [128.2, -14.74], [128.18, -14.74], [128.18, -14.79], [128.19, -14.83], [128.19, -14.84], [128.15, -14.84], [128.12, -14.86], [128.12, -14.87], [128.14, -14.87], [128.11, -14.95], [128.11, -14.99], [128.1, -15.01], [128.1, -15.04], [128.09, -15.04], [128.1, -15.06], [128.09, -15.07], [128.07, -15.1], [128.08, -15.15], [128.1, -15.17], [128.09, -15.21], [128.08, -15.23], [128.09, -15.24], [128.08, -15.26], [128.09, -15.28], [128.07, -15.3], [128.04, -15.29], [128.07, -15.31], [128.07, -15.34], [128.09, -15.37], [128.09, -15.39], [128.08, -15.43], [128.05, -15.48], [128.02, -15.49], [128.0, -15.51], [128.0, -15.52], [128.02, -15.5], [128.07, -15.49], [128.1, -15.47], [128.11, -15.43], [128.12, -15.38], [128.13, -15.29], [128.12, -15.26], [128.1, -15.25], [128.12, -15.23], [128.11, -15.21], [128.13, -15.18], [128.19, -15.23], [128.26, -15.31], [128.26, -15.32], [128.28, -15.35], [128.28, -15.39], [128.3, -15.43], [128.29, -15.46], [128.32, -15.49], [128.33, -15.51], [128.34, -15.5], [128.33, -15.5], [128.32, -15.48], [128.3, -15.46], [128.31, -15.41], [128.3, -15.4], [128.29, -15.36], [128.3, -15.32], [128.28, -15.28], [128.24, -15.25], [128.22, -15.2], [128.22, -15.13], [128.19, -15.09], [128.23, -15.0], [128.27, -14.98], [128.29, -14.97], [128.31, -14.99], [128.32, -15.04], [128.33, -15.04], [128.31, -15.0], [128.29, -14.97], [128.3, -14.94], [128.31, -14.93], [128.32, -14.93], [128.33, -14.97], [128.36, -15.07], [128.37, -15.06], [128.36, -15.04], [128.36, -14.99], [128.38, -15.0], [128.41, -15.03], [128.39, -15.0], [128.35, -14.97], [128.36, -14.89], [128.37, -14.89], [128.4, -14.94], [128.42, -14.95], [128.43, -14.98], [128.45, -15.0], [128.46, -15.0], [128.44, -14.97], [128.42, -14.93], [128.42, -14.9], [128.4, -14.88], [128.42, -14.88], [128.47, -14.96], [128.5, -14.98], [128.51, -15.01], [128.52, -15.01], [128.51, -14.97], [128.47, -14.93], [128.48, -14.91], [128.47, -14.89], [128.43, -14.84], [128.4, -14.82], [128.38, -14.82], [128.39, -14.8], [128.42, -14.8], [128.44, -14.81], [128.47, -14.8], [128.48, -14.79], [128.49, -14.79], [128.51, -14.78], [128.54, -14.79], [128.53, -14.78], [128.55, -14.77], [128.55, -14.78], [128.59, -14.8], [128.59, -14.81], [128.6, -14.8], [128.62, -14.8], [128.63, -14.8], [128.61, -14.79], [128.68, -14.8], [128.72, -14.82], [128.72, -14.83], [128.74, -14.84], [128.78, -14.84], [128.77, -14.85], [128.78, -14.85], [128.79, -14.86], [128.79, -14.85], [128.79, -14.86], [128.81, -14.86], [128.82, -14.87], [128.83, -14.86], [128.91, -14.86], [128.91, -14.87], [128.92, -14.86], [128.93, -14.87], [128.95, -14.87], [128.97, -14.88], [129.0, -14.88], [129.0, -31.69], [128.9, -31.72], [128.71, -31.81], [128.64, -31.85], [128.55, -31.88], [128.49, -31.91], [128.31, -31.98], [128.02, -32.07], [127.71, -32.14], [127.59, -32.18], [127.55, -32.19], [127.52, -32.21], [127.45, -32.22], [127.33, -32.26], [127.21, -32.28], [127.09, -32.28], [126.96, -32.3], [126.77, -32.29], [126.73, -32.31], [126.67, -32.31], [126.42, -32.28], [126.2, -32.23], [126.16, -32.24], [126.08, -32.28], [126.04, -32.27], [125.95, -32.29], [125.8, -32.37], [125.53, -32.55], [125.49, -32.56], [125.44, -32.58], [125.32, -32.61], [125.23, -32.64], [125.1, -32.72], [125.03, -32.73], [124.99, -32.76], [124.93, -32.79], [124.89, -32.83], [124.81, -32.87], [124.74, -32.9], [124.39, -32.95], [124.31, -32.98], [124.24, -33.02], [124.15, -33.1], [124.1, -33.18], [124.08, -33.25], [124.0, -33.43], [123.98, -33.56], [123.94, -33.58], [123.93, -33.59], [123.88, -33.6], [123.87, -33.62], [123.88, -33.63], [123.81, -33.66], [123.77, -33.7], [123.76, -33.72], [123.75, -33.77], [123.75, -33.78], [123.76, -33.8], [123.74, -33.81], [123.71, -33.82], [123.69, -33.83], [123.66, -33.85], [123.64, -33.88], [123.57, -33.89], [123.56, -33.91], [123.55, -33.93], [123.53, -33.94], [123.51, -33.94], [123.51, -33.92], [123.47, -33.91], [123.41, -33.89], [123.37, -33.9], [123.33, -33.92], [123.33, -33.93], [123.3, -33.95], [123.3, -33.96], [123.29, -33.98], [123.28, -33.98], [123.25, -34.0], [123.23, -33.99], [123.21, -34.0], [123.16, -34.02], [123.15, -34.01], [123.17, -34.01], [123.17, -33.99], [123.15, -33.98], [123.16, -33.97], [123.16, -33.95], [123.13, -33.92], [123.14, -33.91], [123.13, -33.9], [123.08, -33.87], [123.02, -33.86], [123.0, -33.87], [123.0, -33.89], [122.98, -33.89], [122.98, -33.9], [122.97, -33.89], [122.94, -33.89], [122.83, -33.91], [122.81, -33.89], [122.77, -33.88], [122.75, -33.88], [122.75, -33.9], [122.67, -33.89], [122.65, -33.89], [122.65, -33.9], [122.62, -33.89], [122.6, -33.9], [122.6, -33.91], [122.59, -33.91], [122.58, -33.92], [122.59, -33.93], [122.6, -33.94], [122.58, -33.95], [122.58, -33.96], [122.57, -33.96], [122.58, -33.95], [122.56, -33.94], [122.54, -33.94], [122.51, -33.95], [122.5, -33.94], [122.49, -33.94], [122.44, -33.92], [122.36, -33.91], [122.35, -33.92], [122.35, -33.93], [122.33, -33.93], [122.27, -33.96], [122.27, -33.97], [122.28, -33.99], [122.28, -34.0], [122.26, -34.0], [122.25, -34.0], [122.24, -33.99], [122.23, -33.99], [122.21, -34.01], [122.21, -34.0], [122.2, -34.0], [122.2, -34.01], [122.19, -34.01], [122.19, -34.02], [122.17, -34.01], [122.17, -34.0], [122.16, -34.01], [122.14, -34.01], [122.11, -34.02], [122.11, -34.0], [122.09, -34.0], [122.09, -33.99], [122.11, -33.99], [122.12, -33.98], [122.09, -33.9], [122.03, -33.84], [122.0, -33.83], [121.99, -33.83], [121.98, -33.84], [121.96, -33.83], [121.92, -33.84], [121.89, -33.86], [121.9, -33.87], [121.91, -33.87], [121.9, -33.88], [121.87, -33.88], [121.86, -33.88], [121.86, -33.89], [121.83, -33.89], [121.79, -33.91], [121.76, -33.89], [121.7, -33.86], [121.68, -33.86], [121.67, -33.87], [121.64, -33.9], [121.65, -33.89], [121.63, -33.87], [121.55, -33.83], [121.53, -33.83], [121.5, -33.84], [121.47, -33.82], [121.46, -33.83], [121.44, -33.82], [121.43, -33.83], [121.36, -33.82], [121.35, -33.82], [121.35, -33.83], [121.32, -33.82], [121.3, -33.83], [121.3, -33.84], [121.28, -33.84], [121.27, -33.85], [121.2, -33.84], [121.18, -33.88], [121.17, -33.87], [121.1, -33.85], [121.08, -33.85], [121.08, -33.86], [121.01, -33.86], [121.01, -33.87], [120.94, -33.86], [120.92, -33.87], [120.91, -33.86], [120.87, -33.86], [120.84, -33.87], [120.81, -33.89], [120.78, -33.89], [120.71, -33.89], [120.67, -33.89], [120.64, -33.89], [120.59, -33.89], [120.55, -33.9], [120.56, -33.92], [120.56, -33.93], [120.52, -33.94], [120.49, -33.95], [120.47, -33.96], [120.47, -33.97], [120.45, -33.96], [120.44, -33.97], [120.32, -33.94], [120.23, -33.93], [120.18, -33.93], [120.13, -33.95], [120.04, -33.92], [120.01, -33.94], [119.99, -33.94], [119.98, -33.95], [119.97, -33.96], [119.94, -33.98], [119.92, -33.97], [119.85, -33.97], [119.82, -33.98], [119.79, -34.01], [119.78, -34.03], [119.75, -34.04], [119.73, -34.06], [119.71, -34.06], [119.68, -34.08], [119.65, -34.09], [119.63, -34.1], [119.64, -34.11], [119.6, -34.13], [119.58, -34.16], [119.59, -34.17], [119.53, -34.22], [119.5, -34.29], [119.48, -34.28], [119.46, -34.29], [119.46, -34.3], [119.47, -34.29], [119.49, -34.3], [119.5, -34.29], [119.5, -34.33], [119.51, -34.36], [119.53, -34.36], [119.54, -34.38], [119.57, -34.38], [119.58, -34.39], [119.55, -34.39], [119.5, -34.41], [119.48, -34.4], [119.49, -34.39], [119.48, -34.38], [119.45, -34.38], [119.44, -34.37], [119.42, -34.37], [119.4, -34.39], [119.41, -34.4], [119.39, -34.42], [119.4, -34.43], [119.4, -34.44], [119.4, -34.45], [119.42, -34.46], [119.39, -34.46], [119.38, -34.49], [119.36, -34.47], [119.37, -34.46], [119.35, -34.45], [119.29, -34.45], [119.27, -34.47], [119.28, -34.48], [119.28, -34.49], [119.29, -34.49], [119.28, -34.51], [119.28, -34.52], [119.27, -34.52], [119.26, -34.52], [119.25, -34.53], [119.22, -34.53], [119.24, -34.52], [119.22, -34.5], [119.18, -34.49], [119.17, -34.49], [119.15, -34.49], [119.12, -34.47], [119.07, -34.46], [119.06, -34.46], [118.96, -34.45], [118.91, -34.46], [118.9, -34.48], [118.91, -34.49], [118.91, -34.5], [118.86, -34.5], [118.81, -34.51], [118.76, -34.55], [118.74, -34.57], [118.75, -34.59], [118.78, -34.61], [118.75, -34.62], [118.75, -34.64], [118.72, -34.66], [118.7, -34.65], [118.67, -34.67], [118.65, -34.69], [118.62, -34.69], [118.58, -34.71], [118.56, -34.7], [118.52, -34.72], [118.44, -34.76], [118.4, -34.82], [118.4, -34.88], [118.42, -34.88], [118.43, -34.9], [118.4, -34.91], [118.4, -34.92], [118.39, -34.91], [118.38, -34.9], [118.34, -34.9], [118.33, -34.9], [118.33, -34.89], [118.32, -34.9], [118.3, -34.9], [118.3, -34.91], [118.26, -34.91], [118.25, -34.92], [118.22, -34.92], [118.21, -34.93], [118.21, -34.94], [118.18, -34.94], [118.17, -34.97], [118.18, -34.97], [118.19, -34.97], [118.21, -34.98], [118.21, -34.99], [118.2, -35.0], [118.21, -35.01], [118.19, -35.02], [118.19, -35.01], [118.18, -35.01], [118.17, -35.0], [118.11, -34.99], [118.07, -34.99], [118.03, -35.02], [118.0, -35.02], [118.0, -35.01], [117.96, -35.01], [117.95, -35.0], [117.98, -34.99], [117.97, -34.96], [117.98, -34.95], [117.95, -34.94], [117.95, -34.98], [117.94, -34.99], [117.95, -35.0], [117.92, -35.02], [117.92, -35.04], [117.86, -35.03], [117.85, -35.04], [117.85, -35.06], [117.87, -35.06], [117.89, -35.08], [117.91, -35.08], [117.93, -35.07], [117.93, -35.06], [117.91, -35.05], [117.92, -35.04], [117.92, -35.05], [117.94, -35.06], [117.93, -35.08], [117.94, -35.09], [117.98, -35.1], [118.0, -35.09], [118.02, -35.11], [118.01, -35.1], [117.98, -35.1], [117.97, -35.1], [117.97, -35.11], [117.95, -35.13], [117.94, -35.11], [117.92, -35.12], [117.9, -35.11], [117.9, -35.12], [117.89, -35.11], [117.87, -35.11], [117.84, -35.09], [117.76, -35.05], [117.71, -35.04], [117.7, -35.05], [117.69, -35.04], [117.64, -35.06], [117.65, -35.08], [117.64, -35.09], [117.63, -35.11], [117.64, -35.13], [117.63, -35.13], [117.61, -35.13], [117.61, -35.12], [117.55, -35.08], [117.51, -35.07], [117.51, -35.08], [117.49, -35.09], [117.48, -35.07], [117.4, -35.03], [117.36, -35.02], [117.33, -35.02], [117.36, -35.01], [117.4, -35.0], [117.4, -35.01], [117.43, -35.02], [117.47, -35.02], [117.45, -35.01], [117.47, -35.01], [117.48, -34.99], [117.47, -34.98], [117.46, -34.97], [117.43, -34.99], [117.4, -34.97], [117.37, -34.97], [117.35, -34.99], [117.33, -34.99], [117.34, -35.0], [117.33, -35.02], [117.34, -35.03], [117.33, -35.04], [117.27, -35.02], [117.25, -35.03], [117.2, -35.02], [117.16, -35.03], [117.16, -35.04], [117.15, -35.05], [117.15, -35.06], [117.1, -35.03], [117.07, -35.03], [117.07, -35.04], [117.06, -35.03], [117.03, -35.03], [117.02, -35.04], [116.96, -35.02], [116.93, -35.03], [116.92, -35.06], [116.88, -35.05], [116.87, -35.05], [116.86, -35.06], [116.85, -35.05], [116.84, -35.04], [116.83, -35.04], [116.81, -35.03], [116.77, -35.01], [116.74, -35.02], [116.74, -35.03], [116.75, -35.04], [116.73, -35.04], [116.71, -35.03], [116.66, -35.05], [116.65, -35.05], [116.63, -35.06], [116.63, -35.05], [116.61, -35.03], [116.57, -35.03], [116.57, -35.02], [116.53, -35.0], [116.52, -35.0], [116.5, -35.02], [116.48, -35.02], [116.47, -35.0], [116.38, -34.95], [116.37, -34.93], [116.29, -34.9], [116.26, -34.88], [116.19, -34.86], [116.13, -34.84], [116.1, -34.85], [116.03, -34.84], [116.0, -34.84], [116.0, -34.83], [116.0, -34.81], [115.96, -34.76], [115.96, -34.74], [115.95, -34.72], [115.74, -34.54], [115.67, -34.48], [115.58, -34.42], [115.56, -34.42], [115.54, -34.42], [115.54, -34.41], [115.52, -34.4], [115.48, -34.38], [115.42, -34.34], [115.35, -34.32], [115.26, -34.31], [115.17, -34.32], [115.17, -34.3], [115.2, -34.28], [115.17, -34.28], [115.17, -34.27], [115.18, -34.27], [115.16, -34.28], [115.16, -34.29], [115.14, -34.29], [115.15, -34.3], [115.16, -34.3], [115.16, -34.32], [115.17, -34.32], [115.17, -34.36], [115.16, -34.37], [115.14, -34.37], [115.13, -34.38], [115.14, -34.36], [115.12, -34.36], [115.12, -34.34], [115.05, -34.28], [115.03, -34.27], [115.03, -34.26], [115.02, -34.25], [115.03, -34.24], [115.02, -34.22], [115.04, -34.2], [115.02, -34.14], [114.99, -34.1], [115.0, -34.08], [115.0, -34.07], [115.0, -34.02], [114.98, -33.96], [114.99, -33.95], [114.99, -33.93], [114.98, -33.86], [114.99, -33.86], [114.99, -33.85], [115.0, -33.79], [114.98, -33.7], [114.99, -33.7], [114.99, -33.67], [115.02, -33.66], [115.03, -33.63], [115.0, -33.56], [115.01, -33.56], [115.0, -33.53], [115.05, -33.54], [115.07, -33.56], [115.09, -33.57], [115.1, -33.59], [115.1, -33.61], [115.12, -33.62], [115.21, -33.65], [115.3, -33.65], [115.37, -33.64], [115.43, -33.61], [115.57, -33.45], [115.6, -33.41], [115.64, -33.31], [115.65, -33.3], [115.64, -33.31], [115.65, -33.31], [115.64, -33.32], [115.67, -33.32], [115.66, -33.32], [115.67, -33.31], [115.68, -33.28], [115.69, -33.11], [115.67, -33.0], [115.63, -32.83], [115.61, -32.67], [115.63, -32.6], [115.67, -32.56], [115.7, -32.52], [115.71, -32.52], [115.72, -32.56], [115.67, -32.58], [115.67, -32.59], [115.65, -32.61], [115.64, -32.62], [115.66, -32.67], [115.67, -32.7], [115.67, -32.73], [115.68, -32.75], [115.7, -32.75], [115.69, -32.77], [115.71, -32.79], [115.71, -32.77], [115.73, -32.78], [115.73, -32.75], [115.71, -32.74], [115.71, -32.73], [115.7, -32.69], [115.69, -32.68], [115.68, -32.65], [115.67, -32.63], [115.67, -32.62], [115.68, -32.62], [115.7, -32.64], [115.72, -32.63], [115.75, -32.65], [115.77, -32.64], [115.77, -32.63], [115.78, -32.62], [115.77, -32.62], [115.78, -32.6], [115.76, -32.59], [115.77, -32.58], [115.76, -32.56], [115.72, -32.56], [115.72, -32.53], [115.71, -32.53], [115.72, -32.52], [115.71, -32.52], [115.72, -32.52], [115.74, -32.5], [115.75, -32.44], [115.74, -32.4], [115.71, -32.37], [115.74, -32.36], [115.74, -32.33], [115.73, -32.31], [115.7, -32.31], [115.7, -32.28], [115.68, -32.27], [115.71, -32.28], [115.74, -32.27], [115.76, -32.25], [115.76, -32.22], [115.77, -32.19], [115.77, -32.14], [115.74, -32.13], [115.76, -32.13], [115.76, -32.11], [115.74, -32.06], [115.75, -32.07], [115.74, -32.06], [115.73, -32.06], [115.76, -32.04], [115.76, -32.03], [115.78, -32.03], [115.79, -32.01], [115.81, -32.02], [115.81, -32.03], [115.83, -32.02], [115.83, -32.01], [115.85, -32.0], [115.86, -32.05], [115.86, -32.04], [115.87, -32.03], [115.86, -32.03], [115.85, -31.97], [115.86, -31.97], [115.88, -31.97], [115.89, -31.96], [115.89, -31.94], [115.9, -31.95], [115.91, -31.95], [115.92, -31.94], [115.91, -31.94], [115.94, -31.93], [115.94, -31.92], [115.95, -31.92], [115.96, -31.91], [115.96, -31.9], [115.97, -31.89], [115.96, -31.9], [115.96, -31.91], [115.95, -31.92], [115.94, -31.92], [115.94, -31.93], [115.91, -31.93], [115.91, -31.95], [115.9, -31.95], [115.9, -31.94], [115.88, -31.94], [115.88, -31.97], [115.86, -31.96], [115.84, -31.96], [115.82, -31.98], [115.83, -31.99], [115.8, -32.0], [115.79, -32.0], [115.79, -31.99], [115.77, -31.99], [115.77, -32.01], [115.78, -32.02], [115.76, -32.03], [115.76, -32.04], [115.72, -32.05], [115.75, -32.02], [115.75, -31.85], [115.74, -31.83], [115.73, -31.82], [115.74, -31.82], [115.73, -31.82], [115.73, -31.81], [115.73, -31.77], [115.69, -31.65], [115.64, -31.57], [115.58, -31.5], [115.54, -31.41], [115.44, -31.28], [115.4, -31.18], [115.38, -31.12], [115.33, -31.03], [115.33, -31.01], [115.31, -30.97], [115.22, -30.83], [115.2, -30.82], [115.19, -30.82], [115.18, -30.77], [115.1, -30.6], [115.1, -30.59], [115.09, -30.58], [115.09, -30.55], [115.08, -30.52], [115.06, -30.51], [115.07, -30.48], [115.05, -30.42], [115.04, -30.34], [115.02, -30.32], [115.05, -30.29], [115.04, -30.27], [115.03, -30.24], [114.99, -30.23], [115.0, -30.22], [114.99, -30.18], [115.0, -30.18], [115.01, -30.16], [115.0, -30.13], [114.98, -30.08], [114.96, -30.07], [114.97, -30.05], [114.95, -30.05], [114.97, -30.01], [114.96, -29.97], [114.98, -29.95], [114.98, -29.91], [114.98, -29.85], [114.96, -29.81], [114.96, -29.77], [114.96, -29.68], [114.98, -29.56], [115.0, -29.51], [115.0, -29.49], [114.96, -29.4], [114.95, -29.35], [114.93, -29.31], [114.91, -29.28], [114.92, -29.27], [114.92, -29.26], [114.87, -29.12], [114.83, -29.07], [114.64, -28.88], [114.62, -28.84], [114.63, -28.83], [114.61, -28.8], [114.58, -28.78], [114.59, -28.77], [114.61, -28.77], [114.61, -28.76], [114.62, -28.72], [114.61, -28.69], [114.61, -28.67], [114.6, -28.61], [114.53, -28.49], [114.45, -28.41], [114.47, -28.41], [114.45, -28.41], [114.43, -28.39], [114.41, -28.34], [114.34, -28.27], [114.32, -28.23], [114.24, -28.19], [114.2, -28.13], [114.17, -28.11], [114.14, -27.97], [114.11, -27.85], [114.12, -27.77], [114.15, -27.73], [114.16, -27.71], [114.17, -27.71], [114.18, -27.68], [114.17, -27.67], [114.17, -27.66], [114.17, -27.67], [114.17, -27.69], [114.16, -27.71], [114.1, -27.5], [113.97, -27.23], [113.78, -26.93], [113.58, -26.67], [113.3, -26.4], [113.31, -26.39], [113.29, -26.36], [113.3, -26.34], [113.28, -26.29], [113.24, -26.23], [113.16, -26.15], [113.16, -26.14], [113.2, -26.17], [113.26, -26.19], [113.27, -26.24], [113.28, -26.22], [113.27, -26.18], [113.28, -26.17], [113.29, -26.13], [113.29, -26.09], [113.28, -26.08], [113.29, -26.05], [113.28, -26.04], [113.3, -26.02], [113.32, -26.13], [113.33, -26.2], [113.32, -26.24], [113.33, -26.31], [113.32, -26.32], [113.33, -26.33], [113.33, -26.34], [113.34, -26.35], [113.36, -26.33], [113.37, -26.35], [113.36, -26.37], [113.37, -26.38], [113.37, -26.4], [113.38, -26.4], [113.38, -26.39], [113.39, -26.4], [113.39, -26.39]]], [[[128.2, -15.14], [128.19, -15.17], [128.2, -15.19], [128.13, -15.16], [128.11, -15.12], [128.13, -15.1], [128.12, -15.04], [128.15, -15.05], [128.16, -15.09], [128.2, -15.13], [128.2, -15.14]]], [[[126.88, -13.99], [126.88, -13.98], [126.85, -13.96], [126.82, -13.97], [126.83, -13.96], [126.82, -13.96], [126.82, -13.95], [126.85, -13.96], [126.87, -13.97], [126.87, -13.96], [126.88, -13.97], [126.89, -13.99], [126.88, -13.99]]], [[[126.62, -13.89], [126.61, -13.9], [126.62, -13.91], [126.61, -13.91], [126.59, -13.9], [126.56, -13.9], [126.57, -13.9], [126.56, -13.89], [126.55, -13.89], [126.54, -13.91], [126.53, -13.9], [126.51, -13.91], [126.5, -13.89], [126.5, -13.87], [126.52, -13.87], [126.53, -13.87], [126.55, -13.87], [126.58, -13.89], [126.59, -13.89], [126.6, -13.9], [126.62, -13.89]]], [[[126.05, -14.33], [126.04, -14.34], [126.02, -14.33], [126.02, -14.35], [125.99, -14.34], [126.0, -14.33], [125.99, -14.31], [125.99, -14.3], [125.99, -14.29], [126.01, -14.28], [126.0, -14.3], [126.02, -14.31], [126.02, -14.3], [126.05, -14.33]]], [[[125.97, -14.35], [125.96, -14.35], [125.96, -14.37], [125.94, -14.39], [125.92, -14.38], [125.94, -14.37], [125.93, -14.36], [125.95, -14.35], [125.94, -14.34], [125.96, -14.34], [125.95, -14.33], [125.96, -14.32], [125.97, -14.35]]], [[[125.76, -14.45], [125.74, -14.48], [125.72, -14.48], [125.72, -14.45], [125.73, -14.45], [125.72, -14.44], [125.73, -14.41], [125.75, -14.42], [125.74, -14.43], [125.75, -14.45], [125.76, -14.45]]], [[[125.56, -14.49], [125.52, -14.49], [125.52, -14.47], [125.51, -14.45], [125.52, -14.45], [125.51, -14.44], [125.53, -14.42], [125.54, -14.44], [125.53, -14.45], [125.54, -14.46], [125.54, -14.47], [125.56, -14.49]]], [[[125.5, -14.5], [125.47, -14.51], [125.45, -14.5], [125.44, -14.48], [125.47, -14.5], [125.48, -14.48], [125.48, -14.49], [125.49, -14.49], [125.5, -14.5]]], [[[125.25, -14.98], [125.25, -14.99], [125.23, -15.0], [125.23, -14.99], [125.24, -14.99], [125.24, -14.98], [125.25, -14.98], [125.25, -14.97], [125.25, -14.98]]], [[[125.23, -15.07], [125.23, -15.08], [125.22, -15.1], [125.23, -15.1], [125.22, -15.1], [125.21, -15.1], [125.22, -15.11], [125.2, -15.12], [125.18, -15.12], [125.16, -15.1], [125.18, -15.1], [125.17, -15.08], [125.16, -15.08], [125.14, -15.04], [125.16, -15.05], [125.16, -15.03], [125.17, -15.02], [125.16, -15.03], [125.18, -15.05], [125.18, -15.07], [125.2, -15.06], [125.23, -15.07]]], [[[125.22, -14.5], [125.21, -14.5], [125.21, -14.52], [125.21, -14.53], [125.2, -14.53], [125.2, -14.55], [125.19, -14.56], [125.18, -14.55], [125.18, -14.56], [125.19, -14.57], [125.2, -14.56], [125.2, -14.58], [125.21, -14.58], [125.2, -14.59], [125.21, -14.6], [125.21, -14.59], [125.21, -14.61], [125.2, -14.61], [125.2, -14.6], [125.19, -14.61], [125.18, -14.63], [125.17, -14.62], [125.15, -14.64], [125.15, -14.66], [125.14, -14.65], [125.14, -14.63], [125.13, -14.64], [125.11, -14.63], [125.11, -14.64], [125.09, -14.63], [125.1, -14.62], [125.09, -14.61], [125.09, -14.57], [125.1, -14.57], [125.1, -14.55], [125.11, -14.56], [125.11, -14.55], [125.12, -14.56], [125.13, -14.55], [125.14, -14.56], [125.13, -14.58], [125.14, -14.56], [125.15, -14.57], [125.13, -14.55], [125.14, -14.54], [125.14, -14.55], [125.14, -14.53], [125.15, -14.53], [125.15, -14.52], [125.14, -14.52], [125.13, -14.53], [125.13, -14.51], [125.12, -14.51], [125.12, -14.49], [125.14, -14.47], [125.16, -14.47], [125.15, -14.45], [125.16, -14.46], [125.17, -14.44], [125.18, -14.46], [125.18, -14.48], [125.19, -14.47], [125.21, -14.49], [125.2, -14.5], [125.21, -14.49], [125.22, -14.5]]], [[[125.0, -14.52], [124.99, -14.53], [124.99, -14.52], [124.98, -14.53], [124.98, -14.52], [124.98, -14.51], [124.99, -14.5], [124.99, -14.48], [125.0, -14.52]]], [[[124.96, -15.03], [124.94, -15.05], [124.94, -15.04], [124.92, -15.03], [124.91, -15.02], [124.92, -15.01], [124.9, -15.0], [124.91, -14.99], [124.91, -15.0], [124.92, -14.98], [124.9, -14.98], [124.89, -15.0], [124.89, -14.99], [124.88, -15.0], [124.88, -14.99], [124.89, -14.98], [124.88, -14.98], [124.89, -14.96], [124.89, -14.97], [124.9, -14.96], [124.9, -14.97], [124.92, -14.97], [124.93, -14.95], [124.92, -14.94], [124.92, -14.92], [124.93, -14.93], [124.93, -14.95], [124.94, -14.95], [124.94, -14.96], [124.95, -14.97], [124.93, -15.01], [124.94, -15.0], [124.94, -15.02], [124.95, -15.0], [124.96, -15.01], [124.95, -15.02], [124.95, -15.03], [124.96, -15.03]]], [[[124.86, -15.26], [124.84, -15.28], [124.83, -15.27], [124.84, -15.28], [124.81, -15.29], [124.81, -15.31], [124.79, -15.29], [124.79, -15.26], [124.8, -15.26], [124.81, -15.23], [124.83, -15.25], [124.83, -15.24], [124.84, -15.24], [124.86, -15.26]]], [[[124.65, -15.4], [124.62, -15.43], [124.61, -15.42], [124.57, -15.44], [124.52, -15.45], [124.52, -15.44], [124.51, -15.43], [124.52, -15.43], [124.51, -15.43], [124.53, -15.41], [124.53, -15.43], [124.54, -15.42], [124.54, -15.43], [124.55, -15.43], [124.54, -15.41], [124.56, -15.4], [124.56, -15.39], [124.59, -15.38], [124.59, -15.37], [124.57, -15.38], [124.57, -15.37], [124.57, -15.38], [124.55, -15.39], [124.55, -15.38], [124.55, -15.36], [124.54, -15.38], [124.53, -15.36], [124.53, -15.38], [124.52, -15.38], [124.54, -15.38], [124.52, -15.38], [124.52, -15.39], [124.51, -15.4], [124.5, -15.38], [124.51, -15.37], [124.5, -15.37], [124.5, -15.38], [124.48, -15.39], [124.48, -15.4], [124.49, -15.4], [124.48, -15.41], [124.47, -15.4], [124.48, -15.38], [124.48, -15.36], [124.47, -15.37], [124.46, -15.36], [124.48, -15.35], [124.49, -15.36], [124.5, -15.35], [124.48, -15.34], [124.49, -15.32], [124.5, -15.33], [124.5, -15.34], [124.52, -15.33], [124.5, -15.32], [124.5, -15.31], [124.51, -15.31], [124.52, -15.31], [124.54, -15.3], [124.52, -15.31], [124.52, -15.29], [124.52, -15.3], [124.5, -15.3], [124.49, -15.29], [124.51, -15.28], [124.52, -15.27], [124.52, -15.28], [124.53, -15.27], [124.54, -15.28], [124.54, -15.26], [124.55, -15.26], [124.56, -15.25], [124.57, -15.25], [124.56, -15.26], [124.57, -15.27], [124.56, -15.28], [124.57, -15.28], [124.57, -15.3], [124.56, -15.31], [124.57, -15.32], [124.57, -15.31], [124.59, -15.31], [124.59, -15.34], [124.58, -15.34], [124.61, -15.34], [124.63, -15.37], [124.62, -15.38], [124.62, -15.39], [124.65, -15.4]]], [[[124.6, -15.91], [124.59, -15.95], [124.58, -15.95], [124.56, -15.96], [124.53, -15.97], [124.55, -15.94], [124.58, -15.92], [124.57, -15.91], [124.58, -15.92], [124.59, -15.91], [124.6, -15.91]]], [[[124.47, -15.91], [124.47, -15.94], [124.46, -15.94], [124.46, -15.96], [124.45, -15.98], [124.45, -15.94], [124.46, -15.92], [124.45, -15.92], [124.45, -15.91], [124.46, -15.91], [124.46, -15.9], [124.47, -15.91], [124.46, -15.92], [124.47, -15.91]]], [[[124.46, -15.3], [124.43, -15.32], [124.44, -15.31], [124.42, -15.32], [124.43, -15.31], [124.42, -15.31], [124.41, -15.29], [124.4, -15.31], [124.39, -15.33], [124.38, -15.32], [124.37, -15.33], [124.35, -15.32], [124.34, -15.31], [124.36, -15.29], [124.37, -15.31], [124.37, -15.29], [124.38, -15.29], [124.41, -15.29], [124.42, -15.26], [124.44, -15.25], [124.46, -15.27], [124.45, -15.28], [124.44, -15.27], [124.45, -15.29], [124.44, -15.3], [124.46, -15.3]]], [[[124.29, -15.3], [124.28, -15.31], [124.27, -15.3], [124.26, -15.31], [124.27, -15.3], [124.26, -15.3], [124.24, -15.32], [124.23, -15.32], [124.23, -15.3], [124.27, -15.28], [124.28, -15.28], [124.29, -15.3]]], [[[124.26, -16.38], [124.25, -16.4], [124.24, -16.4], [124.22, -16.38], [124.22, -16.35], [124.22, -16.36], [124.22, -16.35], [124.25, -16.39], [124.25, -16.38], [124.26, -16.38]]], [[[124.24, -15.97], [124.2, -15.96], [124.19, -15.92], [124.19, -15.93], [124.19, -15.92], [124.2, -15.92], [124.21, -15.95], [124.23, -15.95], [124.24, -15.97]]], [[[124.14, -16.25], [124.11, -16.25], [124.11, -16.26], [124.1, -16.25], [124.11, -16.25], [124.1, -16.24], [124.11, -16.24], [124.11, -16.23], [124.12, -16.24], [124.14, -16.25]]], [[[124.1, -16.09], [124.09, -16.11], [124.09, -16.1], [124.09, -16.12], [124.08, -16.11], [124.07, -16.12], [124.06, -16.11], [124.08, -16.1], [124.06, -16.11], [124.08, -16.09], [124.07, -16.08], [124.1, -16.09]]], [[[124.1, -16.16], [124.09, -16.16], [124.07, -16.15], [124.07, -16.14], [124.08, -16.15], [124.08, -16.13], [124.09, -16.15], [124.09, -16.14], [124.09, -16.15], [124.1, -16.16]]], [[[123.94, -16.28], [123.93, -16.28], [123.91, -16.28], [123.91, -16.27], [123.9, -16.27], [123.9, -16.26], [123.86, -16.24], [123.89, -16.25], [123.88, -16.23], [123.94, -16.28]]], [[[123.84, -16.25], [123.83, -16.25], [123.83, -16.26], [123.82, -16.25], [123.82, -16.27], [123.8, -16.25], [123.82, -16.25], [123.81, -16.24], [123.83, -16.24], [123.82, -16.23], [123.83, -16.24], [123.83, -16.22], [123.84, -16.25]]], [[[123.8, -16.15], [123.78, -16.15], [123.79, -16.16], [123.77, -16.15], [123.78, -16.14], [123.76, -16.15], [123.78, -16.16], [123.77, -16.16], [123.71, -16.11], [123.71, -16.12], [123.68, -16.11], [123.71, -16.11], [123.73, -16.12], [123.78, -16.13], [123.78, -16.11], [123.79, -16.11], [123.79, -16.13], [123.78, -16.13], [123.8, -16.15]]], [[[123.7, -15.94], [123.69, -15.95], [123.7, -15.96], [123.69, -15.96], [123.69, -15.97], [123.68, -15.96], [123.69, -15.94], [123.7, -15.94], [123.69, -15.93], [123.7, -15.94]]], [[[123.56, -16.08], [123.55, -16.08], [123.56, -16.1], [123.55, -16.1], [123.54, -16.09], [123.54, -16.1], [123.53, -16.09], [123.52, -16.07], [123.54, -16.06], [123.56, -16.08]]], [[[123.55, -16.05], [123.53, -16.05], [123.51, -16.02], [123.52, -16.03], [123.52, -16.02], [123.53, -16.02], [123.52, -16.03], [123.53, -16.04], [123.53, -16.03], [123.54, -16.04], [123.55, -16.05]]], [[[123.53, -16.26], [123.5, -16.25], [123.49, -16.26], [123.51, -16.27], [123.49, -16.28], [123.48, -16.24], [123.45, -16.23], [123.45, -16.22], [123.46, -16.21], [123.48, -16.21], [123.47, -16.22], [123.49, -16.22], [123.48, -16.23], [123.49, -16.24], [123.53, -16.26]]], [[[123.53, -16.61], [123.51, -16.64], [123.48, -16.63], [123.46, -16.62], [123.49, -16.62], [123.51, -16.63], [123.5, -16.62], [123.51, -16.61], [123.53, -16.61]]], [[[123.42, -16.13], [123.41, -16.14], [123.41, -16.13], [123.4, -16.13], [123.39, -16.13], [123.4, -16.12], [123.39, -16.12], [123.4, -16.12], [123.39, -16.11], [123.4, -16.11], [123.4, -16.12], [123.42, -16.13]]], [[[123.35, -16.16], [123.34, -16.16], [123.35, -16.17], [123.34, -16.17], [123.32, -16.15], [123.33, -16.15], [123.32, -16.15], [123.33, -16.15], [123.34, -16.15], [123.35, -16.16]]], [[[123.22, -34.09], [123.21, -34.12], [123.21, -34.11], [123.19, -34.12], [123.19, -34.11], [123.18, -34.11], [123.17, -34.12], [123.17, -34.11], [123.16, -34.12], [123.16, -34.11], [123.17, -34.09], [123.2, -34.09], [123.21, -34.08], [123.22, -34.09]]], [[[123.21, -16.39], [123.19, -16.43], [123.18, -16.42], [123.18, -16.43], [123.17, -16.43], [123.18, -16.41], [123.17, -16.39], [123.19, -16.39], [123.19, -16.4], [123.21, -16.39]]], [[[122.26, -34.12], [122.25, -34.13], [122.26, -34.14], [122.25, -34.15], [122.25, -34.16], [122.24, -34.16], [122.24, -34.13], [122.23, -34.13], [122.24, -34.12], [122.23, -34.11], [122.26, -34.12]]], [[[116.89, -20.48], [116.88, -20.51], [116.87, -20.52], [116.86, -20.51], [116.84, -20.52], [116.82, -20.52], [116.85, -20.45], [116.89, -20.42], [116.87, -20.46], [116.86, -20.46], [116.86, -20.47], [116.87, -20.47], [116.87, -20.48], [116.86, -20.49], [116.87, -20.5], [116.89, -20.48]]], [[[116.68, -20.58], [116.67, -20.6], [116.68, -20.6], [116.67, -20.63], [116.65, -20.62], [116.64, -20.63], [116.65, -20.6], [116.67, -20.6], [116.68, -20.58]]], [[[116.68, -20.55], [116.64, -20.61], [116.6, -20.61], [116.61, -20.6], [116.6, -20.6], [116.61, -20.59], [116.62, -20.57], [116.64, -20.56], [116.65, -20.57], [116.67, -20.55], [116.68, -20.55]]], [[[116.59, -20.58], [116.57, -20.59], [116.58, -20.59], [116.56, -20.59], [116.55, -20.6], [116.56, -20.6], [116.56, -20.61], [116.55, -20.62], [116.53, -20.62], [116.5, -20.62], [116.46, -20.61], [116.49, -20.59], [116.51, -20.58], [116.51, -20.59], [116.52, -20.6], [116.53, -20.6], [116.54, -20.57], [116.55, -20.57], [116.56, -20.59], [116.57, -20.58], [116.59, -20.58]]], [[[115.56, -32.0], [115.55, -32.01], [115.53, -32.01], [115.53, -32.03], [115.51, -32.01], [115.45, -32.03], [115.46, -32.02], [115.48, -32.01], [115.51, -31.99], [115.54, -31.99], [115.55, -32.0], [115.56, -32.0]]], [[[115.53, -20.48], [115.53, -20.47], [115.54, -20.47], [115.53, -20.48], [115.54, -20.47], [115.53, -20.49], [115.54, -20.49], [115.53, -20.49], [115.54, -20.49], [115.53, -20.5], [115.53, -20.49], [115.52, -20.51], [115.52, -20.44], [115.53, -20.44], [115.52, -20.44], [115.53, -20.41], [115.53, -20.43], [115.54, -20.42], [115.54, -20.43], [115.53, -20.45], [115.54, -20.44], [115.55, -20.45], [115.54, -20.47], [115.53, -20.47], [115.54, -20.45], [115.53, -20.45], [115.53, -20.46], [115.52, -20.45], [115.53, -20.47], [115.52, -20.48], [115.53, -20.48]]], [[[115.48, -20.73], [115.47, -20.74], [115.48, -20.77], [115.47, -20.77], [115.47, -20.78], [115.45, -20.81], [115.45, -20.8], [115.45, -20.83], [115.42, -20.84], [115.42, -20.86], [115.37, -20.89], [115.37, -20.87], [115.33, -20.87], [115.32, -20.88], [115.33, -20.88], [115.32, -20.89], [115.31, -20.86], [115.32, -20.81], [115.43, -20.67], [115.47, -20.68], [115.46, -20.69], [115.48, -20.73]]], [[[114.54, -22.05], [114.53, -22.06], [114.5, -22.01], [114.51, -21.99], [114.54, -22.01], [114.53, -22.02], [114.54, -22.03], [114.55, -22.04], [114.54, -22.05], [114.55, -22.05], [114.55, -22.06], [114.54, -22.06], [114.54, -22.05]]], [[[113.92, -25.88], [113.92, -25.9], [113.91, -25.9], [113.86, -25.87], [113.87, -25.87], [113.85, -25.85], [113.86, -25.81], [113.88, -25.8], [113.91, -25.82], [113.92, -25.88]]], [[[113.64, -24.89], [113.64, -24.9], [113.63, -24.89], [113.62, -24.87], [113.63, -24.88], [113.63, -24.87], [113.64, -24.87], [113.64, -24.89], [113.65, -24.89], [113.64, -24.89]]], [[[113.24, -26.1], [113.23, -26.11], [113.24, -26.12], [113.22, -26.13], [113.23, -26.14], [113.22, -26.16], [113.21, -26.13], [113.18, -26.12], [113.16, -26.06], [113.14, -26.02], [113.05, -25.93], [113.02, -25.86], [112.97, -25.78], [112.98, -25.77], [112.98, -25.75], [112.94, -25.66], [112.93, -25.64], [112.92, -25.59], [112.93, -25.53], [112.97, -25.48], [112.99, -25.5], [113.02, -25.5], [113.01, -25.54], [113.01, -25.56], [113.04, -25.62], [113.05, -25.7], [113.07, -25.72], [113.06, -25.73], [113.08, -25.77], [113.1, -25.79], [113.11, -25.84], [113.11, -25.87], [113.12, -25.88], [113.16, -25.89], [113.13, -25.92], [113.14, -25.98], [113.15, -25.98], [113.16, -25.97], [113.15, -25.94], [113.17, -25.94], [113.17, -25.98], [113.2, -26.0], [113.2, -26.03], [113.21, -26.04], [113.22, -26.04], [113.22, -26.06], [113.24, -26.1]]], [[[113.17, -24.78], [113.16, -24.82], [113.14, -24.87], [113.14, -24.92], [113.15, -24.94], [113.13, -24.95], [113.12, -24.99], [113.13, -24.92], [113.12, -24.89], [113.13, -24.84], [113.16, -24.75], [113.17, -24.78]]], [[[113.13, -25.06], [113.11, -25.11], [113.1, -25.17], [113.09, -25.19], [113.09, -25.24], [113.08, -25.27], [113.07, -25.23], [113.09, -25.19], [113.09, -25.12], [113.09, -25.07], [113.1, -25.03], [113.12, -25.02], [113.12, -24.99], [113.12, -25.01], [113.12, -25.03], [113.13, -25.06]]]]}}, {"type": "Feature", "properties": {"state": "Tasmania", "code": "TAS", "city": "Hobart", "grocery_index": 97.1, "weekly": 59.22}, "geometry": {"type": "MultiPolygon", "coordinates": [[[[148.48, -40.43], [148.47, -40.44], [148.44, -40.44], [148.43, -40.47], [148.41, -40.46], [148.4, -40.47], [148.4, -40.49], [148.38, -40.48], [148.35, -40.49], [148.34, -40.48], [148.34, -40.46], [148.31, -40.43], [148.29, -40.43], [148.27, -40.43], [148.27, -40.44], [148.23, -40.47], [148.2, -40.44], [148.16, -40.45], [148.14, -40.45], [148.15, -40.45], [148.14, -40.46], [148.14, -40.45], [148.13, -40.44], [148.09, -40.46], [148.05, -40.45], [148.04, -40.44], [148.05, -40.43], [148.02, -40.43], [148.03, -40.42], [148.02, -40.41], [147.99, -40.42], [147.99, -40.41], [147.98, -40.4], [147.99, -40.39], [148.0, -40.38], [148.05, -40.36], [148.06, -40.36], [148.08, -40.34], [148.09, -40.35], [148.14, -40.34], [148.15, -40.34], [148.17, -40.35], [148.18, -40.34], [148.19, -40.36], [148.21, -40.34], [148.21, -40.32], [148.23, -40.32], [148.23, -40.33], [148.24, -40.33], [148.27, -40.34], [148.28, -40.32], [148.3, -40.32], [148.32, -40.31], [148.33, -40.3], [148.33, -40.29], [148.36, -40.32], [148.37, -40.34], [148.4, -40.36], [148.41, -40.37], [148.41, -40.38], [148.42, -40.37], [148.45, -40.38], [148.45, -40.41], [148.46, -40.41], [148.46, -40.43], [148.48, -40.43]]], [[[144.75, -41.06], [144.7, -41.05], [144.68, -41.04], [144.68, -41.05], [144.66, -41.05], [144.64, -41.05], [144.61, -41.01], [144.63, -41.0], [144.63, -40.99], [144.63, -40.95], [144.61, -40.94], [144.66, -40.91], [144.65, -40.9], [144.68, -40.91], [144.7, -40.88], [144.71, -40.87], [144.7, -40.86], [144.71, -40.86], [144.71, -40.84], [144.7, -40.81], [144.71, -40.79], [144.7, -40.78], [144.71, -40.78], [144.71, -40.76], [144.7, -40.75], [144.69, -40.76], [144.68, -40.72], [144.7, -40.69], [144.69, -40.68], [144.69, -40.67], [144.73, -40.64], [144.75, -40.69], [144.74, -40.68], [144.74, -40.69], [144.77, -40.71], [144.77, -40.74], [144.78, -40.73], [144.78, -40.71], [144.79, -40.71], [144.8, -40.71], [144.81, -40.73], [144.84, -40.72], [144.84, -40.74], [144.85, -40.74], [144.91, -40.75], [144.92, -40.76], [144.93, -40.76], [144.98, -40.74], [145.0, -40.76], [145.0, -40.78], [145.01, -40.77], [145.02, -40.77], [145.01, -40.78], [145.02, -40.77], [145.02, -40.78], [145.02, -40.79], [145.04, -40.79], [145.04, -40.78], [145.05, -40.79], [145.07, -40.81], [145.07, -40.82], [145.08, -40.81], [145.09, -40.81], [145.09, -40.82], [145.1, -40.83], [145.1, -40.82], [145.11, -40.81], [145.11, -40.83], [145.12, -40.83], [145.12, -40.84], [145.13, -40.82], [145.16, -40.83], [145.17, -40.82], [145.13, -40.8], [145.11, -40.8], [145.11, -40.79], [145.19, -40.8], [145.26, -40.79], [145.22, -40.81], [145.24, -40.81], [145.26, -40.81], [145.27, -40.76], [145.27, -40.75], [145.25, -40.73], [145.25, -40.72], [145.26, -40.71], [145.28, -40.74], [145.3, -40.74], [145.29, -40.75], [145.31, -40.76], [145.29, -40.77], [145.27, -40.8], [145.27, -40.81], [145.28, -40.82], [145.28, -40.83], [145.29, -40.83], [145.28, -40.79], [145.31, -40.84], [145.32, -40.85], [145.32, -40.84], [145.34, -40.85], [145.39, -40.85], [145.4, -40.86], [145.4, -40.85], [145.45, -40.87], [145.45, -40.89], [145.44, -40.89], [145.45, -40.89], [145.45, -40.88], [145.45, -40.87], [145.48, -40.87], [145.5, -40.85], [145.51, -40.85], [145.52, -40.89], [145.54, -40.89], [145.55, -40.91], [145.56, -40.92], [145.58, -40.91], [145.6, -40.92], [145.62, -40.93], [145.65, -40.94], [145.73, -40.94], [145.73, -40.96], [145.72, -40.97], [145.74, -40.99], [145.7, -40.97], [145.77, -41.0], [145.8, -41.03], [145.84, -41.04], [145.83, -41.05], [145.84, -41.06], [145.83, -41.05], [145.84, -41.04], [145.88, -41.04], [145.92, -41.05], [145.91, -41.05], [145.91, -41.06], [145.92, -41.07], [145.92, -41.08], [145.92, -41.07], [145.96, -41.06], [145.98, -41.07], [145.97, -41.09], [145.99, -41.07], [146.05, -41.1], [146.06, -41.1], [146.08, -41.12], [146.12, -41.12], [146.13, -41.14], [146.17, -41.15], [146.17, -41.16], [146.15, -41.15], [146.15, -41.16], [146.17, -41.16], [146.17, -41.15], [146.19, -41.15], [146.25, -41.16], [146.24, -41.18], [146.25, -41.18], [146.25, -41.17], [146.25, -41.2], [146.26, -41.15], [146.29, -41.16], [146.33, -41.16], [146.32, -41.18], [146.34, -41.16], [146.36, -41.16], [146.37, -41.17], [146.37, -41.19], [146.35, -41.2], [146.36, -41.2], [146.35, -41.22], [146.36, -41.21], [146.37, -41.22], [146.36, -41.22], [146.37, -41.22], [146.37, -41.23], [146.38, -41.23], [146.39, -41.24], [146.39, -41.23], [146.39, -41.24], [146.4, -41.23], [146.39, -41.23], [146.4, -41.23], [146.36, -41.2], [146.37, -41.19], [146.37, -41.17], [146.4, -41.17], [146.47, -41.16], [146.52, -41.14], [146.53, -41.12], [146.55, -41.13], [146.54, -41.16], [146.56, -41.17], [146.55, -41.17], [146.54, -41.18], [146.55, -41.17], [146.57, -41.18], [146.57, -41.19], [146.56, -41.2], [146.58, -41.22], [146.56, -41.24], [146.57, -41.24], [146.57, -41.25], [146.58, -41.24], [146.57, -41.23], [146.58, -41.22], [146.59, -41.21], [146.59, -41.22], [146.6, -41.22], [146.59, -41.25], [146.61, -41.26], [146.6, -41.25], [146.6, -41.23], [146.61, -41.23], [146.6, -41.23], [146.6, -41.22], [146.61, -41.21], [146.59, -41.21], [146.6, -41.21], [146.58, -41.2], [146.58, -41.19], [146.58, -41.18], [146.58, -41.17], [146.61, -41.17], [146.6, -41.16], [146.61, -41.16], [146.6, -41.15], [146.57, -41.16], [146.56, -41.15], [146.59, -41.14], [146.63, -41.13], [146.65, -41.11], [146.64, -41.1], [146.65, -41.09], [146.68, -41.1], [146.71, -41.08], [146.71, -41.06], [146.74, -41.08], [146.77, -41.08], [146.8, -41.11], [146.79, -41.11], [146.81, -41.11], [146.81, -41.13], [146.82, -41.14], [146.8, -41.13], [146.78, -41.15], [146.76, -41.15], [146.77, -41.17], [146.79, -41.15], [146.81, -41.14], [146.82, -41.15], [146.83, -41.15], [146.82, -41.17], [146.84, -41.18], [146.83, -41.19], [146.84, -41.2], [146.84, -41.19], [146.86, -41.19], [146.83, -41.16], [146.86, -41.17], [146.88, -41.15], [146.92, -41.17], [146.93, -41.18], [146.91, -41.19], [146.92, -41.19], [146.92, -41.2], [146.91, -41.21], [146.9, -41.2], [146.93, -41.23], [146.95, -41.26], [146.97, -41.25], [146.97, -41.26], [146.98, -41.27], [146.98, -41.29], [146.96, -41.29], [146.97, -41.3], [146.97, -41.31], [146.99, -41.32], [147.0, -41.32], [147.03, -41.36], [147.04, -41.35], [147.06, -41.34], [147.08, -41.34], [147.07, -41.35], [147.07, -41.38], [147.08, -41.4], [147.11, -41.4], [147.12, -41.41], [147.11, -41.42], [147.13, -41.44], [147.12, -41.44], [147.14, -41.43], [147.15, -41.42], [147.16, -41.42], [147.15, -41.42], [147.14, -41.42], [147.14, -41.43], [147.13, -41.43], [147.12, -41.42], [147.13, -41.41], [147.08, -41.37], [147.08, -41.35], [147.09, -41.35], [147.08, -41.35], [147.08, -41.34], [147.07, -41.33], [147.05, -41.34], [147.04, -41.32], [146.98, -41.31], [146.98, -41.3], [147.01, -41.28], [147.02, -41.28], [146.98, -41.24], [146.98, -41.23], [146.97, -41.24], [146.95, -41.23], [146.94, -41.21], [146.92, -41.22], [146.91, -41.21], [146.93, -41.2], [146.92, -41.19], [146.94, -41.18], [146.97, -41.19], [146.9, -41.14], [146.88, -41.13], [146.85, -41.14], [146.83, -41.14], [146.83, -41.13], [146.82, -41.12], [146.83, -41.1], [146.82, -41.11], [146.8, -41.07], [146.79, -41.05], [146.81, -41.06], [146.83, -41.04], [146.87, -41.02], [146.89, -41.03], [146.96, -41.03], [146.95, -41.03], [147.0, -40.98], [147.02, -40.98], [147.03, -40.99], [147.06, -40.99], [147.07, -41.0], [147.12, -40.99], [147.16, -41.01], [147.13, -41.03], [147.15, -41.02], [147.16, -41.03], [147.16, -41.01], [147.18, -41.01], [147.19, -41.0], [147.2, -41.0], [147.22, -40.99], [147.25, -40.95], [147.28, -40.94], [147.28, -40.95], [147.3, -40.96], [147.35, -40.94], [147.36, -40.98], [147.37, -40.98], [147.38, -40.98], [147.4, -41.01], [147.43, -41.01], [147.4, -41.0], [147.44, -41.0], [147.49, -40.98], [147.53, -40.95], [147.57, -40.9], [147.58, -40.89], [147.59, -40.87], [147.58, -40.86], [147.6, -40.86], [147.59, -40.85], [147.63, -40.85], [147.67, -40.82], [147.71, -40.86], [147.76, -40.86], [147.75, -40.88], [147.76, -40.87], [147.78, -40.88], [147.82, -40.89], [147.88, -40.87], [147.87, -40.88], [147.9, -40.88], [147.91, -40.87], [147.89, -40.88], [147.89, -40.86], [147.93, -40.82], [147.95, -40.79], [147.94, -40.78], [147.95, -40.78], [147.96, -40.76], [147.96, -40.75], [147.94, -40.75], [147.94, -40.74], [147.96, -40.75], [147.97, -40.74], [148.01, -40.74], [148.02, -40.75], [148.03, -40.75], [148.04, -40.76], [148.03, -40.76], [148.04, -40.77], [148.05, -40.77], [148.04, -40.76], [148.06, -40.77], [148.08, -40.77], [148.14, -40.83], [148.18, -40.83], [148.15, -40.83], [148.12, -40.83], [148.12, -40.81], [148.12, -40.82], [148.11, -40.82], [148.11, -40.83], [148.13, -40.84], [148.13, -40.83], [148.16, -40.84], [148.17, -40.84], [148.18, -40.82], [148.2, -40.84], [148.22, -40.85], [148.22, -40.86], [148.23, -40.88], [148.26, -40.89], [148.26, -40.9], [148.27, -40.9], [148.27, -40.92], [148.3, -40.94], [148.3, -40.96], [148.3, -40.95], [148.32, -40.99], [148.35, -40.99], [148.33, -41.0], [148.3, -41.03], [148.3, -41.06], [148.29, -41.05], [148.29, -41.03], [148.25, -41.05], [148.28, -41.05], [148.3, -41.06], [148.27, -41.13], [148.27, -41.15], [148.28, -41.15], [148.28, -41.17], [148.25, -41.19], [148.27, -41.18], [148.28, -41.21], [148.29, -41.21], [148.28, -41.23], [148.29, -41.24], [148.3, -41.25], [148.31, -41.25], [148.32, -41.25], [148.33, -41.25], [148.34, -41.26], [148.33, -41.28], [148.31, -41.29], [148.31, -41.3], [148.29, -41.3], [148.3, -41.28], [148.28, -41.28], [148.27, -41.31], [148.28, -41.31], [148.27, -41.31], [148.28, -41.32], [148.27, -41.32], [148.26, -41.32], [148.27, -41.32], [148.26, -41.33], [148.26, -41.32], [148.25, -41.33], [148.24, -41.32], [148.27, -41.34], [148.31, -41.32], [148.33, -41.28], [148.34, -41.28], [148.36, -41.27], [148.36, -41.28], [148.33, -41.31], [148.3, -41.37], [148.29, -41.36], [148.29, -41.37], [148.28, -41.37], [148.28, -41.38], [148.29, -41.38], [148.3, -41.37], [148.27, -41.46], [148.27, -41.45], [148.26, -41.46], [148.27, -41.46], [148.27, -41.5], [148.26, -41.48], [148.26, -41.49], [148.25, -41.48], [148.25, -41.49], [148.26, -41.49], [148.27, -41.51], [148.28, -41.5], [148.29, -41.56], [148.3, -41.56], [148.32, -41.58], [148.32, -41.62], [148.29, -41.66], [148.29, -41.68], [148.3, -41.69], [148.28, -41.72], [148.3, -41.75], [148.28, -41.76], [148.26, -41.81], [148.27, -41.85], [148.29, -41.87], [148.31, -41.87], [148.3, -41.89], [148.32, -41.9], [148.32, -41.92], [148.3, -41.94], [148.31, -41.96], [148.3, -41.97], [148.29, -41.98], [148.28, -42.04], [148.3, -42.06], [148.31, -42.06], [148.33, -42.1], [148.33, -42.11], [148.34, -42.1], [148.35, -42.12], [148.33, -42.13], [148.34, -42.13], [148.32, -42.13], [148.32, -42.15], [148.3, -42.17], [148.31, -42.18], [148.32, -42.17], [148.35, -42.18], [148.36, -42.18], [148.34, -42.21], [148.35, -42.22], [148.33, -42.23], [148.32, -42.26], [148.31, -42.27], [148.31, -42.28], [148.29, -42.28], [148.29, -42.26], [148.26, -42.25], [148.25, -42.24], [148.25, -42.23], [148.27, -42.23], [148.29, -42.19], [148.28, -42.17], [148.26, -42.17], [148.27, -42.15], [148.3, -42.14], [148.3, -42.13], [148.28, -42.13], [148.27, -42.11], [148.25, -42.12], [148.24, -42.1], [148.24, -42.09], [148.21, -42.08], [148.21, -42.07], [148.22, -42.08], [148.22, -42.07], [148.2, -42.07], [148.19, -42.08], [148.16, -42.07], [148.16, -42.06], [148.17, -42.05], [148.17, -42.04], [148.21, -42.04], [148.24, -42.0], [148.24, -41.99], [148.21, -41.99], [148.22, -42.0], [148.2, -42.02], [148.17, -42.01], [148.17, -42.0], [148.16, -42.0], [148.14, -42.02], [148.15, -42.04], [148.13, -42.04], [148.14, -42.05], [148.15, -42.04], [148.15, -42.03], [148.15, -42.04], [148.16, -42.04], [148.16, -42.05], [148.17, -42.05], [148.15, -42.06], [148.13, -42.06], [148.11, -42.07], [148.13, -42.07], [148.09, -42.08], [148.1, -42.08], [148.15, -42.07], [148.17, -42.08], [148.21, -42.08], [148.24, -42.1], [148.12, -42.09], [148.05, -42.12], [148.07, -42.11], [148.09, -42.13], [148.07, -42.15], [148.08, -42.17], [148.01, -42.24], [148.01, -42.25], [148.03, -42.26], [148.01, -42.27], [148.02, -42.29], [148.0, -42.31], [147.98, -42.31], [147.97, -42.33], [147.95, -42.33], [147.96, -42.33], [147.94, -42.34], [147.95, -42.34], [147.94, -42.34], [147.94, -42.33], [147.94, -42.34], [147.93, -42.34], [147.94, -42.35], [147.95, -42.34], [147.96, -42.36], [147.96, -42.34], [147.99, -42.34], [147.98, -42.33], [147.99, -42.32], [148.0, -42.31], [148.02, -42.32], [148.02, -42.33], [148.03, -42.35], [148.01, -42.36], [148.01, -42.37], [147.99, -42.39], [147.98, -42.41], [148.0, -42.43], [147.98, -42.44], [148.01, -42.44], [148.01, -42.46], [148.0, -42.47], [147.99, -42.5], [147.99, -42.49], [148.0, -42.5], [148.01, -42.51], [148.0, -42.52], [147.99, -42.53], [147.98, -42.52], [147.97, -42.52], [147.95, -42.55], [147.93, -42.55], [147.93, -42.54], [147.93, -42.53], [147.91, -42.52], [147.92, -42.5], [147.91, -42.51], [147.9, -42.52], [147.91, -42.53], [147.91, -42.55], [147.89, -42.55], [147.88, -42.55], [147.88, -42.57], [147.9, -42.57], [147.92, -42.59], [147.95, -42.61], [147.93, -42.63], [147.96, -42.65], [147.93, -42.64], [147.94, -42.65], [147.96, -42.65], [147.95, -42.66], [147.96, -42.67], [147.96, -42.68], [147.94, -42.7], [147.94, -42.71], [147.95, -42.71], [147.94, -42.71], [147.95, -42.73], [147.9, -42.74], [147.88, -42.77], [147.87, -42.82], [147.88, -42.85], [147.87, -42.84], [147.86, -42.81], [147.86, -42.85], [147.84, -42.85], [147.84, -42.86], [147.84, -42.87], [147.83, -42.87], [147.83, -42.88], [147.79, -42.89], [147.79, -42.9], [147.77, -42.9], [147.77, -42.91], [147.74, -42.9], [147.73, -42.9], [147.72, -42.89], [147.67, -42.9], [147.67, -42.89], [147.66, -42.89], [147.65, -42.89], [147.64, -42.88], [147.66, -42.88], [147.68, -42.86], [147.7, -42.87], [147.68, -42.86], [147.65, -42.88], [147.61, -42.87], [147.61, -42.86], [147.62, -42.84], [147.6, -42.81], [147.6, -42.8], [147.59, -42.78], [147.6, -42.78], [147.59, -42.8], [147.57, -42.79], [147.56, -42.8], [147.55, -42.79], [147.54, -42.78], [147.54, -42.77], [147.53, -42.78], [147.54, -42.8], [147.54, -42.81], [147.53, -42.81], [147.52, -42.79], [147.51, -42.78], [147.49, -42.8], [147.45, -42.78], [147.47, -42.77], [147.45, -42.77], [147.46, -42.78], [147.45, -42.78], [147.43, -42.77], [147.44, -42.79], [147.46, -42.81], [147.49, -42.81], [147.49, -42.82], [147.48, -42.81], [147.47, -42.82], [147.48, -42.83], [147.49, -42.83], [147.51, -42.81], [147.52, -42.83], [147.58, -42.83], [147.61, -42.85], [147.56, -42.84], [147.53, -42.85], [147.5, -42.86], [147.51, -42.88], [147.49, -42.91], [147.53, -42.93], [147.54, -42.96], [147.55, -42.99], [147.52, -42.99], [147.53, -43.01], [147.52, -43.02], [147.44, -43.04], [147.42, -43.05], [147.41, -43.05], [147.4, -43.04], [147.42, -43.02], [147.4, -43.01], [147.4, -42.98], [147.39, -42.98], [147.41, -42.96], [147.4, -42.98], [147.42, -42.98], [147.42, -43.0], [147.43, -43.03], [147.45, -43.03], [147.47, -43.03], [147.47, -43.02], [147.47, -43.0], [147.48, -42.98], [147.47, -42.97], [147.45, -42.98], [147.45, -42.96], [147.46, -42.92], [147.48, -42.92], [147.49, -42.93], [147.49, -42.91], [147.48, -42.91], [147.44, -42.91], [147.42, -42.94], [147.41, -42.94], [147.41, -42.92], [147.42, -42.91], [147.4, -42.88], [147.37, -42.88], [147.37, -42.87], [147.35, -42.88], [147.35, -42.86], [147.36, -42.85], [147.35, -42.85], [147.34, -42.85], [147.35, -42.84], [147.33, -42.84], [147.34, -42.83], [147.32, -42.82], [147.28, -42.8], [147.29, -42.79], [147.28, -42.78], [147.26, -42.78], [147.26, -42.77], [147.27, -42.76], [147.26, -42.75], [147.27, -42.74], [147.26, -42.73], [147.26, -42.74], [147.25, -42.75], [147.26, -42.76], [147.2, -42.73], [147.18, -42.73], [147.18, -42.74], [147.19, -42.74], [147.15, -42.75], [147.14, -42.77], [147.11, -42.77], [147.14, -42.77], [147.15, -42.75], [147.2, -42.74], [147.23, -42.75], [147.25, -42.77], [147.25, -42.79], [147.28, -42.79], [147.26, -42.79], [147.27, -42.8], [147.25, -42.81], [147.26, -42.81], [147.28, -42.83], [147.3, -42.82], [147.31, -42.82], [147.3, -42.83], [147.31, -42.83], [147.32, -42.83], [147.31, -42.85], [147.33, -42.84], [147.32, -42.86], [147.34, -42.86], [147.34, -42.88], [147.33, -42.88], [147.34, -42.89], [147.33, -42.9], [147.36, -42.91], [147.36, -42.95], [147.34, -42.95], [147.34, -42.97], [147.33, -42.98], [147.32, -43.01], [147.34, -43.05], [147.31, -43.06], [147.28, -43.01], [147.27, -43.02], [147.28, -43.03], [147.26, -43.07], [147.28, -43.07], [147.3, -43.09], [147.29, -43.11], [147.26, -43.11], [147.27, -43.11], [147.27, -43.12], [147.25, -43.12], [147.26, -43.13], [147.25, -43.13], [147.26, -43.14], [147.24, -43.15], [147.25, -43.15], [147.24, -43.15], [147.25, -43.17], [147.24, -43.18], [147.26, -43.19], [147.26, -43.22], [147.24, -43.26], [147.24, -43.27], [147.22, -43.28], [147.19, -43.28], [147.17, -43.28], [147.14, -43.27], [147.14, -43.25], [147.15, -43.24], [147.14, -43.25], [147.12, -43.24], [147.1, -43.25], [147.09, -43.24], [147.1, -43.24], [147.09, -43.22], [147.12, -43.21], [147.1, -43.21], [147.11, -43.2], [147.09, -43.19], [147.11, -43.19], [147.09, -43.18], [147.1, -43.17], [147.08, -43.16], [147.09, -43.19], [147.07, -43.2], [147.08, -43.21], [147.06, -43.22], [147.06, -43.23], [147.03, -43.21], [147.01, -43.19], [146.98, -43.19], [146.98, -43.18], [146.99, -43.17], [147.0, -43.15], [147.02, -43.11], [147.02, -43.09], [147.04, -43.07], [147.04, -43.05], [147.03, -43.06], [146.99, -43.12], [146.99, -43.13], [146.97, -43.14], [146.98, -43.16], [146.96, -43.16], [146.95, -43.16], [146.96, -43.16], [146.97, -43.17], [146.96, -43.19], [146.97, -43.2], [147.0, -43.21], [146.99, -43.22], [147.0, -43.21], [147.04, -43.24], [147.06, -43.25], [147.07, -43.26], [147.1, -43.28], [147.1, -43.29], [147.08, -43.29], [147.07, -43.33], [147.05, -43.31], [147.01, -43.32], [147.0, -43.32], [147.0, -43.34], [146.98, -43.33], [146.98, -43.34], [146.99, -43.33], [147.01, -43.34], [147.02, -43.33], [147.03, -43.35], [147.06, -43.35], [147.05, -43.38], [147.02, -43.4], [147.03, -43.41], [147.01, -43.42], [147.03, -43.44], [147.02, -43.44], [147.0, -43.43], [146.99, -43.44], [146.97, -43.43], [146.95, -43.45], [146.95, -43.43], [146.92, -43.42], [146.92, -43.44], [146.92, -43.45], [146.94, -43.44], [146.95, -43.45], [146.94, -43.45], [146.95, -43.45], [146.96, -43.45], [146.98, -43.45], [147.0, -43.46], [147.0, -43.48], [146.98, -43.49], [146.98, -43.48], [146.97, -43.47], [146.94, -43.48], [146.93, -43.5], [146.94, -43.5], [146.94, -43.51], [146.98, -43.49], [146.95, -43.51], [146.95, -43.53], [146.92, -43.54], [146.92, -43.53], [146.92, -43.55], [146.9, -43.54], [146.91, -43.53], [146.9, -43.52], [146.91, -43.51], [146.9, -43.52], [146.89, -43.55], [146.88, -43.56], [146.89, -43.55], [146.9, -43.56], [146.89, -43.57], [146.89, -43.58], [146.92, -43.57], [146.92, -43.58], [146.92, -43.6], [146.87, -43.62], [146.87, -43.64], [146.84, -43.63], [146.83, -43.64], [146.84, -43.63], [146.83, -43.62], [146.79, -43.6], [146.78, -43.61], [146.76, -43.62], [146.75, -43.61], [146.72, -43.63], [146.71, -43.63], [146.69, -43.6], [146.67, -43.59], [146.66, -43.61], [146.65, -43.6], [146.66, -43.58], [146.64, -43.59], [146.64, -43.58], [146.62, -43.56], [146.61, -43.57], [146.61, -43.56], [146.6, -43.56], [146.61, -43.55], [146.58, -43.52], [146.58, -43.49], [146.56, -43.46], [146.55, -43.48], [146.55, -43.49], [146.56, -43.5], [146.55, -43.51], [146.6, -43.54], [146.54, -43.52], [146.53, -43.53], [146.51, -43.52], [146.49, -43.54], [146.47, -43.53], [146.47, -43.54], [146.45, -43.53], [146.41, -43.54], [146.39, -43.53], [146.37, -43.54], [146.37, -43.52], [146.37, -43.53], [146.37, -43.52], [146.34, -43.51], [146.33, -43.52], [146.32, -43.54], [146.29, -43.54], [146.28, -43.53], [146.27, -43.53], [146.27, -43.5], [146.22, -43.49], [146.21, -43.49], [146.22, -43.49], [146.21, -43.51], [146.21, -43.53], [146.19, -43.54], [146.18, -43.51], [146.16, -43.52], [146.16, -43.5], [146.15, -43.5], [146.14, -43.5], [146.15, -43.53], [146.14, -43.52], [146.13, -43.53], [146.11, -43.52], [146.11, -43.56], [146.09, -43.56], [146.09, -43.54], [146.08, -43.54], [146.07, -43.56], [146.05, -43.55], [146.03, -43.57], [146.04, -43.51], [146.03, -43.49], [146.03, -43.46], [146.01, -43.46], [146.02, -43.46], [146.0, -43.44], [146.0, -43.41], [145.97, -43.4], [145.98, -43.4], [145.96, -43.38], [145.95, -43.38], [145.93, -43.39], [145.92, -43.38], [145.93, -43.38], [145.93, -43.37], [145.95, -43.37], [145.95, -43.36], [145.97, -43.37], [145.98, -43.36], [145.97, -43.36], [145.98, -43.36], [145.99, -43.37], [145.98, -43.39], [145.99, -43.39], [146.0, -43.37], [145.99, -43.37], [145.99, -43.35], [145.98, -43.35], [145.99, -43.33], [146.01, -43.34], [146.0, -43.34], [146.07, -43.35], [146.08, -43.36], [146.07, -43.37], [146.08, -43.37], [146.09, -43.36], [146.06, -43.34], [146.09, -43.35], [146.09, -43.34], [146.1, -43.35], [146.13, -43.36], [146.14, -43.37], [146.13, -43.37], [146.14, -43.41], [146.13, -43.38], [146.15, -43.38], [146.16, -43.39], [146.16, -43.38], [146.18, -43.38], [146.16, -43.36], [146.21, -43.36], [146.21, -43.38], [146.22, -43.39], [146.23, -43.38], [146.21, -43.36], [146.23, -43.36], [146.22, -43.33], [146.23, -43.32], [146.22, -43.33], [146.22, -43.32], [146.21, -43.33], [146.19, -43.32], [146.18, -43.33], [146.18, -43.3], [146.17, -43.29], [146.15, -43.3], [146.16, -43.31], [146.14, -43.32], [146.14, -43.35], [146.11, -43.35], [146.09, -43.34], [146.09, -43.33], [146.08, -43.34], [146.07, -43.33], [146.07, -43.31], [146.06, -43.3], [146.07, -43.3], [146.06, -43.29], [146.06, -43.3], [146.05, -43.3], [146.06, -43.31], [146.05, -43.32], [146.06, -43.33], [146.04, -43.33], [146.03, -43.34], [146.0, -43.34], [146.0, -43.33], [146.01, -43.32], [145.98, -43.32], [145.98, -43.3], [145.97, -43.3], [145.96, -43.29], [145.95, -43.28], [145.97, -43.27], [145.97, -43.25], [145.98, -43.23], [145.97, -43.23], [145.95, -43.23], [145.93, -43.21], [145.92, -43.21], [145.91, -43.22], [145.92, -43.22], [145.93, -43.25], [145.91, -43.25], [145.9, -43.26], [145.87, -43.26], [145.88, -43.27], [145.86, -43.27], [145.88, -43.29], [145.9, -43.28], [145.9, -43.27], [145.92, -43.27], [145.92, -43.29], [145.93, -43.3], [145.9, -43.3], [145.9, -43.31], [145.88, -43.31], [145.87, -43.32], [145.85, -43.31], [145.84, -43.32], [145.84, -43.3], [145.85, -43.3], [145.85, -43.29], [145.84, -43.29], [145.82, -43.28], [145.82, -43.25], [145.81, -43.25], [145.8, -43.24], [145.81, -43.23], [145.8, -43.22], [145.81, -43.21], [145.79, -43.2], [145.8, -43.19], [145.79, -43.19], [145.77, -43.19], [145.76, -43.19], [145.76, -43.16], [145.73, -43.14], [145.72, -43.14], [145.72, -43.12], [145.74, -43.12], [145.72, -43.11], [145.71, -43.12], [145.69, -43.12], [145.68, -43.1], [145.67, -43.11], [145.66, -43.1], [145.68, -43.09], [145.67, -43.08], [145.67, -43.07], [145.69, -43.07], [145.68, -43.07], [145.68, -43.05], [145.66, -43.04], [145.65, -43.05], [145.64, -43.03], [145.64, -43.02], [145.61, -43.01], [145.6, -43.0], [145.61, -42.99], [145.6, -42.99], [145.59, -42.97], [145.56, -42.97], [145.49, -42.99], [145.5, -42.98], [145.49, -42.97], [145.5, -42.96], [145.49, -42.96], [145.5, -42.95], [145.49, -42.95], [145.49, -42.93], [145.48, -42.93], [145.49, -42.91], [145.48, -42.91], [145.45, -42.9], [145.44, -42.87], [145.44, -42.85], [145.42, -42.84], [145.43, -42.83], [145.42, -42.81], [145.43, -42.81], [145.41, -42.78], [145.38, -42.77], [145.38, -42.75], [145.39, -42.74], [145.4, -42.74], [145.39, -42.72], [145.38, -42.73], [145.37, -42.69], [145.37, -42.66], [145.34, -42.65], [145.33, -42.66], [145.33, -42.65], [145.34, -42.63], [145.31, -42.62], [145.29, -42.62], [145.29, -42.63], [145.26, -42.62], [145.26, -42.61], [145.28, -42.61], [145.3, -42.6], [145.3, -42.59], [145.3, -42.58], [145.3, -42.57], [145.28, -42.56], [145.28, -42.55], [145.27, -42.53], [145.25, -42.52], [145.26, -42.5], [145.24, -42.47], [145.25, -42.45], [145.23, -42.42], [145.24, -42.41], [145.24, -42.4], [145.24, -42.39], [145.22, -42.39], [145.23, -42.37], [145.22, -42.37], [145.22, -42.36], [145.2, -42.33], [145.19, -42.31], [145.21, -42.3], [145.21, -42.28], [145.21, -42.25], [145.19, -42.24], [145.19, -42.21], [145.17, -42.21], [145.17, -42.2], [145.2, -42.2], [145.2, -42.21], [145.21, -42.21], [145.21, -42.2], [145.22, -42.23], [145.22, -42.24], [145.24, -42.24], [145.24, -42.26], [145.26, -42.27], [145.25, -42.29], [145.29, -42.28], [145.29, -42.3], [145.3, -42.3], [145.32, -42.29], [145.31, -42.32], [145.33, -42.33], [145.34, -42.34], [145.35, -42.34], [145.39, -42.37], [145.42, -42.37], [145.45, -42.4], [145.45, -42.44], [145.46, -42.46], [145.46, -42.5], [145.47, -42.53], [145.48, -42.53], [145.47, -42.5], [145.48, -42.48], [145.47, -42.47], [145.46, -42.44], [145.47, -42.44], [145.45, -42.44], [145.46, -42.43], [145.49, -42.42], [145.53, -42.45], [145.55, -42.44], [145.61, -42.45], [145.62, -42.45], [145.61, -42.44], [145.62, -42.45], [145.61, -42.45], [145.56, -42.44], [145.53, -42.45], [145.52, -42.44], [145.51, -42.43], [145.53, -42.41], [145.54, -42.39], [145.55, -42.39], [145.54, -42.37], [145.56, -42.36], [145.54, -42.35], [145.53, -42.37], [145.51, -42.37], [145.5, -42.36], [145.52, -42.37], [145.53, -42.36], [145.52, -42.34], [145.5, -42.33], [145.49, -42.32], [145.5, -42.33], [145.49, -42.34], [145.5, -42.34], [145.48, -42.35], [145.49, -42.35], [145.48, -42.36], [145.49, -42.36], [145.48, -42.36], [145.48, -42.35], [145.47, -42.35], [145.46, -42.32], [145.43, -42.31], [145.42, -42.29], [145.4, -42.28], [145.38, -42.25], [145.36, -42.25], [145.36, -42.23], [145.37, -42.22], [145.36, -42.21], [145.37, -42.2], [145.35, -42.21], [145.36, -42.19], [145.37, -42.2], [145.36, -42.19], [145.36, -42.18], [145.35, -42.17], [145.33, -42.17], [145.33, -42.16], [145.33, -42.15], [145.32, -42.16], [145.31, -42.15], [145.3, -42.15], [145.32, -42.16], [145.32, -42.18], [145.29, -42.18], [145.27, -42.2], [145.29, -42.21], [145.28, -42.2], [145.29, -42.2], [145.29, -42.23], [145.27, -42.23], [145.25, -42.22], [145.22, -42.22], [145.25, -42.19], [145.26, -42.17], [145.26, -42.11], [145.25, -42.05], [145.25, -42.06], [145.19, -41.95], [145.2, -41.96], [145.2, -41.95], [145.2, -41.94], [145.19, -41.95], [145.17, -41.93], [145.12, -41.9], [145.11, -41.88], [145.07, -41.85], [145.07, -41.84], [145.06, -41.82], [145.03, -41.81], [145.01, -41.79], [145.0, -41.77], [145.01, -41.77], [144.99, -41.76], [145.0, -41.76], [144.98, -41.74], [144.99, -41.74], [144.98, -41.74], [144.95, -41.72], [144.94, -41.72], [144.93, -41.72], [144.91, -41.69], [144.93, -41.67], [144.92, -41.67], [145.01, -41.62], [145.05, -41.63], [145.03, -41.62], [145.05, -41.61], [145.05, -41.6], [145.05, -41.61], [145.03, -41.62], [145.0, -41.62], [144.97, -41.63], [144.92, -41.67], [144.91, -41.66], [144.91, -41.64], [144.9, -41.64], [144.91, -41.63], [144.89, -41.58], [144.83, -41.51], [144.84, -41.51], [144.82, -41.5], [144.81, -41.48], [144.79, -41.46], [144.79, -41.45], [144.75, -41.42], [144.79, -41.4], [144.78, -41.4], [144.78, -41.37], [144.76, -41.34], [144.77, -41.34], [144.74, -41.33], [144.73, -41.32], [144.74, -41.31], [144.72, -41.3], [144.72, -41.29], [144.71, -41.28], [144.72, -41.28], [144.71, -41.25], [144.68, -41.23], [144.69, -41.23], [144.69, -41.22], [144.69, -41.2], [144.67, -41.16], [144.68, -41.13], [144.67, -41.14], [144.66, -41.12], [144.68, -41.12], [144.68, -41.08], [144.66, -41.06], [144.68, -41.05], [144.68, -41.04], [144.7, -41.05], [144.75, -41.06]], [[145.06, -41.63], [145.07, -41.64], [145.06, -41.65], [145.08, -41.66], [145.1, -41.66], [145.09, -41.65], [145.08, -41.66], [145.07, -41.65], [145.07, -41.64], [145.06, -41.63]], [[145.43, -42.19], [145.45, -42.2], [145.46, -42.19], [145.47, -42.2], [145.47, -42.19], [145.49, -42.19], [145.5, -42.18], [145.49, -42.19], [145.47, -42.18], [145.47, -42.2], [145.46, -42.19], [145.45, -42.2], [145.43, -42.19]], [[146.15, -41.16], [146.13, -41.15], [146.13, -41.16], [146.12, -41.16], [146.13, -41.16], [146.14, -41.16], [146.14, -41.17], [146.15, -41.18], [146.14, -41.16], [146.15, -41.16]], [[147.05, -43.04], [147.06, -43.04], [147.04, -43.02], [147.03, -43.02], [147.03, -43.01], [147.0, -43.02], [147.03, -43.01], [147.04, -43.03], [147.05, -43.04]], [[145.92, -43.21], [145.93, -43.2], [145.92, -43.19], [145.94, -43.19], [145.93, -43.19], [145.92, -43.16], [145.94, -43.15], [145.92, -43.16], [145.93, -43.19], [145.91, -43.19], [145.92, -43.19], [145.91, -43.19], [145.92, -43.2], [145.92, -43.21]], [[145.61, -42.44], [145.63, -42.45], [145.65, -42.44], [145.67, -42.44], [145.68, -42.5], [145.67, -42.53], [145.67, -42.54], [145.67, -42.56], [145.7, -42.57], [145.72, -42.59], [145.73, -42.58], [145.74, -42.59], [145.73, -42.58], [145.72, -42.59], [145.7, -42.57], [145.67, -42.56], [145.67, -42.54], [145.67, -42.53], [145.68, -42.5], [145.67, -42.44], [145.65, -42.43], [145.63, -42.44], [145.61, -42.43], [145.61, -42.44]]], [[[148.35, -42.34], [148.3, -42.34], [148.28, -42.32], [148.25, -42.33], [148.24, -42.32], [148.24, -42.31], [148.25, -42.29], [148.28, -42.3], [148.3, -42.29], [148.32, -42.31], [148.32, -42.32], [148.33, -42.32], [148.33, -42.33], [148.35, -42.34]]], [[[148.33, -40.21], [148.28, -40.23], [148.27, -40.23], [148.27, -40.22], [148.26, -40.21], [148.21, -40.21], [148.19, -40.22], [148.19, -40.25], [148.12, -40.27], [148.1, -40.26], [148.09, -40.27], [148.06, -40.25], [148.05, -40.25], [148.04, -40.23], [148.03, -40.23], [148.02, -40.21], [148.04, -40.22], [148.04, -40.2], [148.02, -40.17], [148.02, -40.14], [148.01, -40.11], [147.97, -40.09], [147.96, -40.08], [147.96, -40.09], [147.95, -40.1], [147.95, -40.06], [147.93, -40.03], [147.92, -40.03], [147.9, -40.04], [147.87, -40.02], [147.86, -40.02], [147.87, -40.01], [147.88, -40.01], [147.89, -40.0], [147.9, -40.0], [147.91, -39.98], [147.9, -39.94], [147.88, -39.91], [147.85, -39.9], [147.8, -39.92], [147.79, -39.9], [147.76, -39.89], [147.75, -39.87], [147.77, -39.87], [147.78, -39.85], [147.79, -39.85], [147.8, -39.84], [147.84, -39.84], [147.85, -39.82], [147.84, -39.81], [147.87, -39.79], [147.87, -39.77], [147.85, -39.75], [147.86, -39.75], [147.88, -39.76], [147.92, -39.74], [147.94, -39.72], [147.96, -39.73], [147.96, -39.74], [147.97, -39.77], [147.97, -39.76], [147.99, -39.78], [147.96, -39.74], [147.97, -39.74], [147.96, -39.73], [148.12, -39.9], [148.11, -39.89], [148.12, -39.9], [148.19, -39.95], [148.17, -39.94], [148.18, -39.95], [148.2, -39.95], [148.26, -39.97], [148.29, -39.97], [148.28, -40.01], [148.29, -40.07], [148.27, -40.09], [148.24, -40.1], [148.22, -40.12], [148.23, -40.13], [148.28, -40.12], [148.28, -40.08], [148.29, -40.08], [148.31, -40.17], [148.33, -40.21]]], [[[148.25, -40.49], [148.23, -40.51], [148.23, -40.53], [148.24, -40.53], [148.19, -40.57], [148.2, -40.59], [148.18, -40.59], [148.15, -40.57], [148.13, -40.57], [148.11, -40.56], [148.12, -40.54], [148.1, -40.53], [148.13, -40.5], [148.19, -40.49], [148.21, -40.5], [148.24, -40.48], [148.25, -40.48], [148.25, -40.49]]], [[[148.17, -42.65], [148.15, -42.65], [148.14, -42.67], [148.13, -42.66], [148.12, -42.67], [148.11, -42.66], [148.08, -42.66], [148.07, -42.68], [148.09, -42.69], [148.1, -42.71], [148.09, -42.72], [148.08, -42.72], [148.07, -42.72], [148.07, -42.73], [148.05, -42.72], [148.01, -42.74], [148.01, -42.72], [148.03, -42.71], [148.04, -42.68], [148.06, -42.69], [148.07, -42.68], [148.06, -42.66], [148.05, -42.66], [148.03, -42.67], [148.01, -42.66], [148.04, -42.65], [148.03, -42.63], [148.02, -42.63], [148.05, -42.61], [148.05, -42.59], [148.07, -42.57], [148.09, -42.59], [148.12, -42.59], [148.14, -42.61], [148.14, -42.63], [148.17, -42.65]]], [[[148.01, -43.22], [148.0, -43.23], [147.95, -43.22], [147.95, -43.19], [147.93, -43.2], [147.92, -43.19], [147.9, -43.19], [147.9, -43.16], [147.89, -43.14], [147.89, -43.12], [147.87, -43.13], [147.86, -43.11], [147.85, -43.12], [147.86, -43.12], [147.85, -43.12], [147.87, -43.14], [147.86, -43.13], [147.86, -43.14], [147.85, -43.15], [147.86, -43.16], [147.87, -43.15], [147.87, -43.16], [147.85, -43.18], [147.88, -43.19], [147.87, -43.2], [147.87, -43.21], [147.86, -43.21], [147.84, -43.19], [147.8, -43.22], [147.8, -43.24], [147.79, -43.24], [147.78, -43.21], [147.75, -43.21], [147.75, -43.2], [147.71, -43.19], [147.72, -43.18], [147.7, -43.18], [147.69, -43.17], [147.7, -43.16], [147.7, -43.15], [147.69, -43.14], [147.7, -43.12], [147.73, -43.12], [147.73, -43.11], [147.72, -43.11], [147.73, -43.1], [147.75, -43.11], [147.74, -43.09], [147.68, -43.1], [147.67, -43.09], [147.65, -43.09], [147.64, -43.08], [147.63, -43.07], [147.62, -43.05], [147.63, -43.04], [147.62, -43.01], [147.64, -42.99], [147.67, -43.0], [147.68, -42.99], [147.69, -42.97], [147.67, -42.96], [147.68, -42.96], [147.66, -42.94], [147.68, -42.93], [147.7, -42.94], [147.71, -42.96], [147.73, -42.95], [147.73, -42.96], [147.74, -42.97], [147.71, -43.0], [147.73, -43.02], [147.72, -43.03], [147.74, -43.01], [147.75, -43.04], [147.76, -43.04], [147.77, -43.03], [147.77, -43.05], [147.81, -43.05], [147.81, -43.06], [147.83, -43.06], [147.84, -43.06], [147.84, -43.05], [147.84, -43.04], [147.85, -43.03], [147.86, -43.06], [147.87, -43.02], [147.92, -43.02], [147.85, -43.01], [147.84, -43.0], [147.84, -42.99], [147.86, -42.98], [147.84, -42.98], [147.83, -42.97], [147.82, -42.98], [147.81, -42.96], [147.83, -42.97], [147.85, -42.96], [147.85, -42.95], [147.87, -42.95], [147.86, -42.94], [147.84, -42.95], [147.83, -42.95], [147.83, -42.93], [147.81, -42.94], [147.81, -42.93], [147.82, -42.92], [147.82, -42.91], [147.8, -42.89], [147.84, -42.89], [147.87, -42.89], [147.88, -42.89], [147.9, -42.89], [147.91, -42.91], [147.9, -42.9], [147.9, -42.88], [147.86, -42.87], [147.89, -42.86], [147.88, -42.85], [147.89, -42.84], [147.92, -42.84], [147.92, -42.86], [147.94, -42.88], [147.97, -42.86], [147.97, -42.87], [147.96, -42.88], [147.98, -42.89], [148.0, -42.91], [147.98, -42.94], [148.0, -42.96], [147.98, -42.98], [147.96, -42.98], [147.95, -43.0], [147.93, -43.01], [147.93, -43.02], [147.94, -43.03], [147.95, -43.03], [147.95, -43.05], [147.95, -43.06], [147.96, -43.06], [147.97, -43.1], [147.98, -43.11], [147.98, -43.12], [147.95, -43.13], [147.96, -43.13], [147.95, -43.14], [147.96, -43.14], [147.97, -43.13], [148.01, -43.14], [147.98, -43.16], [147.96, -43.19], [148.01, -43.22]]], [[[147.91, -40.3], [147.9, -40.32], [147.88, -40.33], [147.86, -40.32], [147.85, -40.32], [147.86, -40.31], [147.84, -40.3], [147.84, -40.29], [147.87, -40.3], [147.88, -40.31], [147.9, -40.29], [147.91, -40.3]]], [[[147.79, -40.04], [147.76, -40.07], [147.76, -40.09], [147.73, -40.1], [147.73, -40.09], [147.75, -40.08], [147.75, -40.07], [147.76, -40.06], [147.76, -40.03], [147.78, -40.02], [147.79, -40.04]]], [[[147.2, -43.44], [147.2, -43.45], [147.18, -43.47], [147.19, -43.48], [147.18, -43.49], [147.16, -43.48], [147.15, -43.5], [147.14, -43.49], [147.14, -43.46], [147.09, -43.43], [147.1, -43.41], [147.12, -43.42], [147.16, -43.46], [147.18, -43.46], [147.17, -43.45], [147.18, -43.44], [147.17, -43.44], [147.19, -43.43], [147.18, -43.42], [147.17, -43.42], [147.17, -43.41], [147.19, -43.39], [147.18, -43.35], [147.19, -43.35], [147.19, -43.36], [147.2, -43.36], [147.2, -43.38], [147.21, -43.38], [147.22, -43.37], [147.22, -43.36], [147.23, -43.36], [147.22, -43.34], [147.24, -43.33], [147.25, -43.3], [147.27, -43.3], [147.27, -43.28], [147.29, -43.27], [147.29, -43.24], [147.3, -43.26], [147.3, -43.27], [147.31, -43.3], [147.32, -43.29], [147.36, -43.26], [147.35, -43.24], [147.36, -43.23], [147.34, -43.22], [147.36, -43.21], [147.38, -43.21], [147.39, -43.19], [147.38, -43.18], [147.36, -43.18], [147.35, -43.19], [147.33, -43.19], [147.34, -43.17], [147.3, -43.18], [147.3, -43.17], [147.28, -43.17], [147.3, -43.16], [147.28, -43.14], [147.31, -43.13], [147.33, -43.15], [147.34, -43.14], [147.35, -43.13], [147.36, -43.14], [147.36, -43.11], [147.35, -43.13], [147.34, -43.12], [147.33, -43.13], [147.32, -43.13], [147.33, -43.11], [147.31, -43.11], [147.32, -43.11], [147.33, -43.09], [147.32, -43.08], [147.34, -43.08], [147.35, -43.06], [147.37, -43.07], [147.36, -43.09], [147.39, -43.1], [147.39, -43.12], [147.4, -43.13], [147.39, -43.16], [147.41, -43.17], [147.41, -43.2], [147.43, -43.21], [147.43, -43.23], [147.43, -43.25], [147.42, -43.25], [147.42, -43.24], [147.38, -43.25], [147.35, -43.27], [147.32, -43.3], [147.32, -43.34], [147.34, -43.37], [147.33, -43.37], [147.35, -43.37], [147.37, -43.35], [147.38, -43.37], [147.38, -43.39], [147.36, -43.39], [147.34, -43.42], [147.35, -43.43], [147.34, -43.44], [147.33, -43.44], [147.32, -43.47], [147.32, -43.5], [147.29, -43.52], [147.29, -43.51], [147.27, -43.5], [147.26, -43.49], [147.25, -43.49], [147.24, -43.47], [147.26, -43.46], [147.25, -43.44], [147.2, -43.44]]], [[[147.36, -39.47], [147.35, -39.47], [147.36, -39.48], [147.35, -39.49], [147.35, -39.5], [147.33, -39.49], [147.32, -39.5], [147.31, -39.48], [147.3, -39.48], [147.31, -39.47], [147.32, -39.45], [147.33, -39.46], [147.34, -39.45], [147.34, -39.46], [147.36, -39.47]]], [[[147.3, -39.45], [147.3, -39.46], [147.29, -39.48], [147.26, -39.48], [147.27, -39.47], [147.29, -39.46], [147.27, -39.44], [147.29, -39.45], [147.29, -39.44], [147.3, -39.44], [147.3, -39.45]]], [[[144.93, -40.62], [144.92, -40.61], [144.93, -40.58], [144.95, -40.62], [144.94, -40.63], [144.93, -40.62], [144.94, -40.65], [144.97, -40.66], [144.95, -40.63], [144.99, -40.67], [145.03, -40.68], [145.05, -40.68], [145.04, -40.69], [145.07, -40.71], [145.04, -40.72], [145.05, -40.71], [145.04, -40.71], [145.0, -40.71], [144.98, -40.71], [144.94, -40.73], [144.92, -40.73], [144.89, -40.74], [144.87, -40.72], [144.88, -40.71], [144.87, -40.68], [144.9, -40.66], [144.92, -40.62], [144.93, -40.62]]], [[[144.97, -40.43], [144.95, -40.44], [144.95, -40.46], [144.9, -40.48], [144.86, -40.47], [144.85, -40.45], [144.83, -40.44], [144.84, -40.43], [144.85, -40.43], [144.88, -40.42], [144.89, -40.41], [144.87, -40.4], [144.88, -40.4], [144.88, -40.39], [144.89, -40.39], [144.91, -40.4], [144.95, -40.39], [144.96, -40.4], [144.96, -40.41], [144.97, -40.43]]], [[[144.79, -40.42], [144.79, -40.46], [144.78, -40.47], [144.79, -40.48], [144.79, -40.51], [144.77, -40.53], [144.78, -40.58], [144.76, -40.61], [144.74, -40.59], [144.73, -40.57], [144.73, -40.55], [144.72, -40.52], [144.71, -40.51], [144.72, -40.5], [144.71, -40.48], [144.72, -40.48], [144.73, -40.49], [144.76, -40.49], [144.77, -40.46], [144.77, -40.44], [144.78, -40.42], [144.78, -40.4], [144.79, -40.42]]], [[[144.14, -39.93], [144.13, -39.99], [144.11, -40.01], [144.12, -40.02], [144.1, -40.03], [144.11, -40.04], [144.09, -40.05], [144.07, -40.05], [144.06, -40.07], [144.06, -40.06], [144.05, -40.07], [144.03, -40.09], [143.99, -40.1], [143.97, -40.12], [143.96, -40.11], [143.95, -40.11], [143.92, -40.13], [143.93, -40.15], [143.93, -40.16], [143.92, -40.14], [143.9, -40.14], [143.91, -40.13], [143.9, -40.12], [143.88, -40.12], [143.87, -40.08], [143.86, -40.06], [143.88, -40.06], [143.89, -40.05], [143.88, -40.03], [143.89, -40.01], [143.89, -40.0], [143.89, -39.99], [143.88, -39.97], [143.84, -39.94], [143.85, -39.93], [143.83, -39.92], [143.84, -39.91], [143.84, -39.9], [143.85, -39.89], [143.84, -39.89], [143.85, -39.87], [143.86, -39.86], [143.85, -39.85], [143.87, -39.83], [143.86, -39.82], [143.86, -39.79], [143.85, -39.77], [143.85, -39.74], [143.84, -39.72], [143.89, -39.7], [143.92, -39.67], [143.93, -39.64], [143.92, -39.6], [143.94, -39.59], [143.95, -39.58], [143.98, -39.6], [144.01, -39.6], [144.01, -39.61], [144.05, -39.63], [144.11, -39.67], [144.1, -39.75], [144.11, -39.82], [144.09, -39.79], [144.11, -39.82], [144.12, -39.82], [144.11, -39.8], [144.13, -39.82], [144.11, -39.87], [144.11, -39.89], [144.11, -39.91], [144.14, -39.92], [144.14, -39.93]]]]}}, {"type": "Feature", "properties": {"state": "Northern Territory", "code": "NT", "city": "Darwin", "grocery_index": 95.3, "weekly": 58.11}, "geometry": {"type": "MultiPolygon", "coordinates": [[[[130.52, -12.73], [130.53, -12.73], [130.52, -12.73], [130.53, -12.74], [130.53, -12.73], [130.53, -12.72], [130.52, -12.72], [130.51, -12.71], [130.52, -12.7], [130.54, -12.72], [130.56, -12.7], [130.56, -12.72], [130.57, -12.71], [130.58, -12.72], [130.57, -12.74], [130.58, -12.74], [130.59, -12.74], [130.59, -12.73], [130.6, -12.72], [130.61, -12.72], [130.6, -12.73], [130.61, -12.73], [130.61, -12.72], [130.63, -12.73], [130.62, -12.77], [130.64, -12.74], [130.64, -12.73], [130.62, -12.71], [130.63, -12.72], [130.66, -12.71], [130.69, -12.73], [130.68, -12.75], [130.69, -12.75], [130.68, -12.74], [130.71, -12.72], [130.74, -12.71], [130.71, -12.71], [130.69, -12.72], [130.68, -12.71], [130.7, -12.69], [130.67, -12.71], [130.66, -12.7], [130.67, -12.69], [130.63, -12.69], [130.64, -12.68], [130.62, -12.67], [130.62, -12.68], [130.6, -12.67], [130.59, -12.68], [130.57, -12.65], [130.55, -12.63], [130.55, -12.62], [130.56, -12.63], [130.58, -12.62], [130.59, -12.66], [130.6, -12.65], [130.59, -12.65], [130.59, -12.63], [130.61, -12.6], [130.62, -12.62], [130.63, -12.61], [130.64, -12.63], [130.64, -12.64], [130.64, -12.62], [130.63, -12.61], [130.62, -12.61], [130.61, -12.6], [130.59, -12.59], [130.6, -12.58], [130.59, -12.58], [130.57, -12.6], [130.57, -12.58], [130.58, -12.51], [130.59, -12.5], [130.61, -12.5], [130.6, -12.49], [130.58, -12.46], [130.59, -12.45], [130.62, -12.45], [130.61, -12.43], [130.59, -12.43], [130.58, -12.41], [130.61, -12.39], [130.62, -12.38], [130.62, -12.39], [130.65, -12.39], [130.68, -12.42], [130.71, -12.41], [130.71, -12.42], [130.75, -12.43], [130.77, -12.44], [130.76, -12.48], [130.73, -12.53], [130.74, -12.52], [130.76, -12.48], [130.78, -12.47], [130.77, -12.49], [130.78, -12.51], [130.77, -12.53], [130.77, -12.55], [130.75, -12.58], [130.73, -12.58], [130.73, -12.6], [130.73, -12.58], [130.75, -12.58], [130.78, -12.56], [130.78, -12.57], [130.77, -12.6], [130.77, -12.62], [130.78, -12.6], [130.78, -12.62], [130.79, -12.62], [130.78, -12.62], [130.79, -12.6], [130.78, -12.59], [130.79, -12.58], [130.79, -12.55], [130.81, -12.54], [130.81, -12.56], [130.81, -12.58], [130.83, -12.58], [130.82, -12.56], [130.84, -12.56], [130.87, -12.6], [130.86, -12.62], [130.85, -12.61], [130.86, -12.62], [130.87, -12.61], [130.88, -12.63], [130.87, -12.66], [130.88, -12.63], [130.89, -12.65], [130.9, -12.66], [130.91, -12.66], [130.89, -12.64], [130.88, -12.61], [130.93, -12.61], [130.95, -12.64], [130.95, -12.62], [130.95, -12.63], [130.95, -12.64], [130.97, -12.63], [130.96, -12.63], [130.95, -12.61], [130.95, -12.6], [130.95, -12.61], [130.92, -12.58], [130.88, -12.57], [130.88, -12.55], [130.89, -12.56], [130.9, -12.56], [130.88, -12.55], [130.87, -12.53], [130.86, -12.53], [130.86, -12.51], [130.87, -12.51], [130.88, -12.52], [130.9, -12.51], [130.9, -12.53], [130.91, -12.52], [130.91, -12.54], [130.92, -12.53], [130.91, -12.52], [130.92, -12.51], [130.93, -12.52], [130.93, -12.54], [130.93, -12.53], [130.95, -12.54], [130.94, -12.55], [130.95, -12.54], [130.95, -12.56], [130.96, -12.53], [130.94, -12.52], [130.95, -12.5], [130.94, -12.5], [130.93, -12.49], [130.95, -12.47], [130.9, -12.49], [130.89, -12.47], [130.92, -12.46], [130.89, -12.47], [130.89, -12.44], [130.88, -12.45], [130.89, -12.46], [130.88, -12.46], [130.86, -12.45], [130.87, -12.44], [130.85, -12.44], [130.85, -12.47], [130.84, -12.47], [130.83, -12.46], [130.82, -12.46], [130.82, -12.45], [130.83, -12.45], [130.84, -12.43], [130.83, -12.41], [130.82, -12.41], [130.84, -12.41], [130.85, -12.39], [130.84, -12.38], [130.86, -12.38], [130.9, -12.33], [130.92, -12.34], [130.95, -12.34], [130.95, -12.36], [130.95, -12.35], [130.98, -12.34], [131.0, -12.35], [131.01, -12.37], [131.01, -12.36], [131.03, -12.36], [131.06, -12.35], [131.03, -12.35], [131.03, -12.33], [131.06, -12.33], [131.03, -12.32], [131.03, -12.31], [131.02, -12.33], [131.01, -12.32], [131.03, -12.23], [131.02, -12.22], [131.0, -12.21], [130.99, -12.19], [131.0, -12.17], [131.03, -12.15], [131.05, -12.14], [131.05, -12.16], [131.07, -12.17], [131.09, -12.15], [131.11, -12.16], [131.11, -12.18], [131.13, -12.18], [131.14, -12.18], [131.16, -12.17], [131.17, -12.17], [131.18, -12.19], [131.22, -12.23], [131.21, -12.24], [131.21, -12.27], [131.23, -12.27], [131.22, -12.28], [131.23, -12.29], [131.22, -12.28], [131.23, -12.27], [131.23, -12.28], [131.23, -12.27], [131.21, -12.26], [131.21, -12.24], [131.25, -12.22], [131.23, -12.21], [131.25, -12.16], [131.25, -12.14], [131.27, -12.1], [131.27, -12.08], [131.3, -12.04], [131.3, -12.05], [131.3, -12.07], [131.32, -12.09], [131.31, -12.11], [131.32, -12.12], [131.31, -12.13], [131.32, -12.15], [131.31, -12.17], [131.32, -12.19], [131.38, -12.26], [131.43, -12.28], [131.47, -12.28], [131.55, -12.28], [131.68, -12.28], [131.78, -12.27], [131.88, -12.21], [131.9, -12.22], [131.92, -12.26], [131.94, -12.27], [132.07, -12.3], [132.07, -12.29], [132.15, -12.25], [132.17, -12.21], [132.22, -12.19], [132.24, -12.17], [132.26, -12.17], [132.26, -12.2], [132.28, -12.22], [132.35, -12.2], [132.39, -12.24], [132.42, -12.22], [132.42, -12.2], [132.44, -12.15], [132.51, -12.12], [132.55, -12.1], [132.56, -12.09], [132.58, -12.11], [132.63, -12.09], [132.62, -12.02], [132.64, -11.94], [132.64, -11.9], [132.66, -11.89], [132.65, -11.88], [132.65, -11.86], [132.64, -11.82], [132.62, -11.81], [132.59, -11.81], [132.58, -11.79], [132.6, -11.77], [132.62, -11.76], [132.65, -11.72], [132.65, -11.69], [132.64, -11.68], [132.63, -11.72], [132.59, -11.73], [132.54, -11.72], [132.52, -11.69], [132.5, -11.68], [132.51, -11.64], [132.56, -11.64], [132.57, -11.65], [132.56, -11.67], [132.58, -11.66], [132.62, -11.65], [132.61, -11.64], [132.59, -11.64], [132.55, -11.61], [132.54, -11.58], [132.55, -11.57], [132.55, -11.55], [132.52, -11.54], [132.53, -11.52], [132.52, -11.52], [132.5, -11.51], [132.49, -11.48], [132.48, -11.48], [132.46, -11.46], [132.4, -11.45], [132.35, -11.44], [132.3, -11.47], [132.24, -11.46], [132.21, -11.47], [132.19, -11.49], [132.17, -11.49], [132.14, -11.52], [132.12, -11.52], [132.12, -11.51], [132.11, -11.52], [132.12, -11.53], [132.11, -11.54], [132.1, -11.53], [132.07, -11.53], [132.06, -11.5], [132.03, -11.48], [132.03, -11.46], [132.05, -11.46], [132.06, -11.43], [132.04, -11.42], [132.0, -11.43], [131.99, -11.42], [131.99, -11.4], [131.96, -11.41], [131.94, -11.4], [131.94, -11.39], [131.96, -11.38], [131.98, -11.38], [131.99, -11.37], [131.97, -11.37], [131.96, -11.36], [131.97, -11.36], [131.98, -11.35], [131.97, -11.34], [131.95, -11.34], [131.95, -11.35], [131.94, -11.35], [131.93, -11.36], [131.93, -11.37], [131.92, -11.36], [131.94, -11.32], [131.93, -11.32], [131.91, -11.32], [131.86, -11.29], [131.84, -11.31], [131.82, -11.32], [131.77, -11.33], [131.76, -11.32], [131.76, -11.3], [131.77, -11.3], [131.78, -11.31], [131.78, -11.29], [131.8, -11.3], [131.81, -11.28], [131.79, -11.27], [131.82, -11.27], [131.84, -11.29], [131.86, -11.28], [131.85, -11.25], [131.84, -11.25], [131.81, -11.21], [131.82, -11.21], [131.84, -11.23], [131.86, -11.21], [131.86, -11.22], [131.87, -11.22], [131.88, -11.23], [131.89, -11.21], [131.88, -11.19], [131.88, -11.18], [131.91, -11.21], [131.9, -11.22], [131.93, -11.24], [131.93, -11.26], [131.95, -11.25], [131.94, -11.24], [131.96, -11.25], [131.96, -11.23], [131.97, -11.24], [131.99, -11.22], [131.96, -11.18], [131.97, -11.17], [131.98, -11.18], [131.99, -11.18], [131.99, -11.17], [131.99, -11.15], [131.97, -11.13], [131.99, -11.12], [132.01, -11.13], [132.03, -11.18], [132.04, -11.19], [132.05, -11.19], [132.05, -11.2], [132.06, -11.2], [132.05, -11.19], [132.07, -11.18], [132.08, -11.18], [132.07, -11.19], [132.08, -11.19], [132.08, -11.21], [132.08, -11.23], [132.1, -11.23], [132.11, -11.21], [132.11, -11.23], [132.1, -11.26], [132.1, -11.27], [132.11, -11.27], [132.12, -11.27], [132.1, -11.3], [132.11, -11.32], [132.1, -11.33], [132.11, -11.33], [132.12, -11.35], [132.13, -11.31], [132.14, -11.3], [132.14, -11.32], [132.16, -11.32], [132.15, -11.36], [132.15, -11.37], [132.14, -11.38], [132.16, -11.38], [132.15, -11.39], [132.17, -11.41], [132.16, -11.41], [132.17, -11.42], [132.18, -11.42], [132.18, -11.4], [132.2, -11.42], [132.21, -11.41], [132.21, -11.4], [132.2, -11.4], [132.2, -11.38], [132.19, -11.38], [132.18, -11.37], [132.19, -11.35], [132.22, -11.37], [132.23, -11.36], [132.24, -11.34], [132.23, -11.32], [132.2, -11.3], [132.17, -11.32], [132.2, -11.28], [132.19, -11.25], [132.18, -11.24], [132.19, -11.24], [132.2, -11.23], [132.2, -11.24], [132.2, -11.23], [132.19, -11.21], [132.16, -11.18], [132.16, -11.16], [132.14, -11.15], [132.14, -11.13], [132.14, -11.12], [132.19, -11.13], [132.2, -11.16], [132.21, -11.18], [132.23, -11.18], [132.23, -11.2], [132.24, -11.2], [132.24, -11.22], [132.25, -11.22], [132.27, -11.26], [132.28, -11.28], [132.28, -11.23], [132.26, -11.21], [132.27, -11.2], [132.27, -11.18], [132.29, -11.16], [132.31, -11.17], [132.32, -11.17], [132.32, -11.16], [132.34, -11.14], [132.33, -11.12], [132.34, -11.12], [132.34, -11.13], [132.36, -11.15], [132.36, -11.19], [132.38, -11.21], [132.37, -11.3], [132.38, -11.29], [132.39, -11.3], [132.4, -11.3], [132.41, -11.26], [132.41, -11.27], [132.42, -11.26], [132.41, -11.24], [132.42, -11.23], [132.43, -11.21], [132.45, -11.22], [132.48, -11.26], [132.51, -11.27], [132.51, -11.28], [132.5, -11.28], [132.49, -11.3], [132.51, -11.29], [132.51, -11.31], [132.52, -11.32], [132.5, -11.32], [132.5, -11.33], [132.51, -11.33], [132.52, -11.35], [132.51, -11.35], [132.53, -11.34], [132.55, -11.34], [132.56, -11.37], [132.59, -11.39], [132.62, -11.41], [132.64, -11.44], [132.64, -11.48], [132.67, -11.52], [132.69, -11.51], [132.71, -11.52], [132.73, -11.52], [132.75, -11.5], [132.78, -11.47], [132.78, -11.45], [132.81, -11.44], [132.83, -11.42], [132.82, -11.4], [132.84, -11.4], [132.85, -11.39], [132.86, -11.42], [132.87, -11.42], [132.89, -11.43], [132.9, -11.43], [132.91, -11.38], [132.88, -11.35], [132.87, -11.34], [132.87, -11.33], [132.9, -11.34], [132.92, -11.33], [132.93, -11.36], [132.95, -11.37], [132.97, -11.42], [133.01, -11.43], [133.05, -11.5], [133.08, -11.52], [133.07, -11.55], [133.09, -11.59], [133.11, -11.63], [133.15, -11.7], [133.19, -11.73], [133.28, -11.74], [133.25, -11.73], [133.28, -11.72], [133.3, -11.7], [133.34, -11.69], [133.35, -11.72], [133.34, -11.73], [133.32, -11.72], [133.31, -11.74], [133.31, -11.76], [133.32, -11.77], [133.35, -11.76], [133.36, -11.78], [133.37, -11.78], [133.38, -11.77], [133.37, -11.76], [133.39, -11.75], [133.4, -11.73], [133.42, -11.74], [133.41, -11.75], [133.41, -11.76], [133.4, -11.76], [133.4, -11.77], [133.41, -11.78], [133.45, -11.78], [133.45, -11.79], [133.46, -11.8], [133.48, -11.78], [133.5, -11.78], [133.53, -11.76], [133.54, -11.77], [133.53, -11.79], [133.53, -11.81], [133.55, -11.83], [133.57, -11.81], [133.6, -11.81], [133.61, -11.82], [133.6, -11.83], [133.61, -11.84], [133.66, -11.82], [133.66, -11.81], [133.68, -11.79], [133.69, -11.79], [133.66, -11.78], [133.67, -11.77], [133.69, -11.78], [133.74, -11.78], [133.77, -11.76], [133.79, -11.73], [133.81, -11.73], [133.79, -11.72], [133.81, -11.73], [133.84, -11.72], [133.85, -11.74], [133.87, -11.75], [133.9, -11.75], [133.92, -11.74], [133.93, -11.76], [133.94, -11.77], [133.92, -11.77], [133.9, -11.81], [133.89, -11.81], [133.87, -11.81], [133.85, -11.81], [133.82, -11.84], [133.83, -11.86], [133.84, -11.88], [133.86, -11.88], [133.88, -11.9], [133.87, -11.9], [133.88, -11.91], [133.9, -11.91], [133.91, -11.91], [133.91, -11.93], [133.92, -11.92], [133.93, -11.92], [133.98, -11.89], [134.0, -11.86], [134.03, -11.85], [134.06, -11.87], [134.06, -11.89], [134.08, -11.9], [134.07, -11.92], [134.07, -11.93], [134.07, -11.94], [134.08, -11.93], [134.1, -11.92], [134.1, -11.91], [134.13, -11.9], [134.13, -11.92], [134.18, -11.96], [134.17, -11.97], [134.15, -11.96], [134.15, -11.99], [134.17, -12.0], [134.18, -11.99], [134.18, -12.01], [134.19, -12.03], [134.16, -12.1], [134.17, -12.11], [134.19, -12.11], [134.19, -12.07], [134.23, -12.04], [134.25, -12.03], [134.25, -11.98], [134.29, -11.98], [134.31, -12.01], [134.35, -12.04], [134.42, -12.06], [134.47, -12.07], [134.46, -12.07], [134.48, -12.08], [134.49, -12.07], [134.49, -12.08], [134.61, -12.05], [134.66, -12.02], [134.69, -11.96], [134.7, -11.97], [134.74, -11.96], [134.75, -11.95], [134.77, -11.96], [134.76, -12.0], [134.78, -12.0], [134.8, -12.05], [134.83, -12.06], [134.84, -12.07], [134.83, -12.06], [134.84, -12.06], [134.84, -12.11], [134.86, -12.13], [134.89, -12.13], [134.9, -12.15], [134.94, -12.14], [134.97, -12.16], [135.0, -12.21], [135.06, -12.26], [135.12, -12.24], [135.14, -12.24], [135.16, -12.25], [135.16, -12.26], [135.21, -12.3], [135.22, -12.29], [135.21, -12.27], [135.18, -12.25], [135.18, -12.24], [135.16, -12.23], [135.19, -12.23], [135.21, -12.23], [135.27, -12.22], [135.28, -12.25], [135.31, -12.26], [135.34, -12.25], [135.35, -12.23], [135.31, -12.24], [135.28, -12.22], [135.28, -12.2], [135.26, -12.21], [135.22, -12.19], [135.27, -12.18], [135.28, -12.16], [135.3, -12.16], [135.32, -12.15], [135.3, -12.14], [135.31, -12.12], [135.35, -12.11], [135.37, -12.08], [135.39, -12.09], [135.4, -12.08], [135.42, -12.08], [135.41, -12.1], [135.42, -12.11], [135.45, -12.11], [135.51, -12.09], [135.52, -12.06], [135.54, -12.06], [135.54, -12.09], [135.57, -12.1], [135.6, -12.08], [135.62, -12.08], [135.61, -12.08], [135.64, -12.05], [135.65, -12.06], [135.64, -12.05], [135.65, -12.04], [135.68, -12.03], [135.73, -12.01], [135.75, -12.01], [135.81, -11.98], [135.89, -11.97], [135.91, -11.95], [135.91, -11.96], [135.88, -11.99], [135.87, -11.98], [135.83, -11.98], [135.83, -12.0], [135.77, -12.04], [135.76, -12.08], [135.73, -12.09], [135.7, -12.13], [135.66, -12.15], [135.65, -12.17], [135.65, -12.2], [135.68, -12.24], [135.71, -12.26], [135.72, -12.28], [135.71, -12.31], [135.73, -12.29], [135.75, -12.26], [135.76, -12.25], [135.78, -12.26], [135.78, -12.22], [135.8, -12.21], [135.8, -12.2], [135.82, -12.2], [135.83, -12.18], [135.83, -12.19], [135.84, -12.18], [135.85, -12.18], [135.86, -12.17], [135.87, -12.16], [135.88, -12.15], [135.89, -12.15], [135.88, -12.18], [135.89, -12.18], [135.91, -12.15], [135.92, -12.15], [135.93, -12.16], [135.94, -12.14], [135.95, -12.15], [135.95, -12.14], [135.95, -12.15], [135.96, -12.15], [135.96, -12.14], [135.97, -12.14], [136.0, -12.12], [136.0, -12.11], [136.0, -12.1], [136.0, -12.09], [136.0, -12.08], [136.03, -12.08], [136.03, -12.07], [136.05, -12.06], [136.01, -12.12], [135.98, -12.15], [135.97, -12.19], [135.96, -12.18], [135.96, -12.2], [135.94, -12.2], [135.93, -12.22], [135.93, -12.24], [135.96, -12.25], [135.96, -12.27], [135.95, -12.28], [136.0, -12.27], [136.01, -12.24], [136.02, -12.25], [136.01, -12.23], [136.03, -12.24], [136.05, -12.23], [136.06, -12.24], [136.05, -12.27], [136.03, -12.27], [136.03, -12.29], [136.01, -12.29], [136.01, -12.3], [136.02, -12.3], [136.02, -12.32], [136.01, -12.33], [136.0, -12.36], [135.98, -12.37], [135.97, -12.39], [135.98, -12.4], [136.0, -12.4], [136.02, -12.4], [135.99, -12.44], [136.0, -12.45], [135.99, -12.46], [136.02, -12.46], [136.01, -12.48], [136.02, -12.49], [136.03, -12.47], [136.05, -12.48], [136.05, -12.46], [136.06, -12.43], [136.08, -12.43], [136.07, -12.45], [136.09, -12.46], [136.1, -12.45], [136.11, -12.44], [136.12, -12.45], [136.15, -12.44], [136.16, -12.44], [136.16, -12.47], [136.16, -12.46], [136.17, -12.46], [136.23, -12.47], [136.25, -12.45], [136.26, -12.46], [136.25, -12.44], [136.26, -12.44], [136.31, -12.38], [136.3, -12.38], [136.3, -12.37], [136.33, -12.33], [136.33, -12.31], [136.34, -12.3], [136.35, -12.28], [136.37, -12.28], [136.34, -12.27], [136.36, -12.26], [136.36, -12.23], [136.35, -12.21], [136.34, -12.21], [136.35, -12.2], [136.33, -12.2], [136.34, -12.2], [136.32, -12.21], [136.29, -12.21], [136.23, -12.21], [136.22, -12.19], [136.23, -12.18], [136.21, -12.18], [136.19, -12.2], [136.17, -12.19], [136.17, -12.18], [136.18, -12.17], [136.17, -12.16], [136.18, -12.16], [136.2, -12.16], [136.22, -12.15], [136.21, -12.13], [136.23, -12.13], [136.23, -12.12], [136.25, -12.11], [136.27, -12.07], [136.33, -12.05], [136.33, -12.06], [136.34, -12.06], [136.35, -12.04], [136.34, -12.03], [136.36, -12.03], [136.36, -12.02], [136.37, -12.03], [136.37, -12.01], [136.38, -12.02], [136.39, -12.01], [136.38, -12.0], [136.41, -11.96], [136.43, -11.96], [136.43, -11.97], [136.45, -11.95], [136.44, -11.94], [136.49, -11.95], [136.51, -11.94], [136.52, -11.94], [136.53, -11.91], [136.55, -11.92], [136.56, -11.92], [136.57, -11.9], [136.56, -11.89], [136.56, -11.88], [136.57, -11.89], [136.58, -11.9], [136.58, -11.92], [136.53, -11.95], [136.47, -11.96], [136.47, -12.0], [136.46, -11.98], [136.45, -11.99], [136.45, -12.0], [136.46, -12.0], [136.46, -12.01], [136.47, -12.0], [136.48, -12.02], [136.49, -12.02], [136.49, -12.03], [136.49, -12.04], [136.49, -12.03], [136.5, -12.03], [136.5, -12.01], [136.51, -12.0], [136.5, -12.0], [136.51, -11.99], [136.53, -11.99], [136.56, -12.08], [136.58, -12.09], [136.59, -12.08], [136.59, -12.1], [136.58, -12.11], [136.59, -12.13], [136.58, -12.15], [136.6, -12.2], [136.65, -12.24], [136.65, -12.27], [136.67, -12.29], [136.67, -12.28], [136.69, -12.28], [136.71, -12.29], [136.72, -12.27], [136.73, -12.28], [136.74, -12.27], [136.77, -12.24], [136.75, -12.23], [136.75, -12.21], [136.72, -12.23], [136.73, -12.21], [136.7, -12.19], [136.68, -12.21], [136.68, -12.19], [136.71, -12.19], [136.73, -12.18], [136.73, -12.17], [136.78, -12.16], [136.79, -12.19], [136.82, -12.21], [136.85, -12.21], [136.87, -12.22], [136.88, -12.24], [136.91, -12.25], [136.9, -12.28], [136.91, -12.28], [136.93, -12.28], [136.94, -12.32], [136.93, -12.33], [136.92, -12.34], [136.94, -12.36], [136.96, -12.35], [136.97, -12.34], [136.98, -12.35], [136.96, -12.36], [136.96, -12.37], [136.95, -12.37], [136.9, -12.39], [136.89, -12.41], [136.86, -12.43], [136.81, -12.51], [136.78, -12.53], [136.77, -12.56], [136.76, -12.53], [136.78, -12.5], [136.8, -12.49], [136.79, -12.45], [136.78, -12.45], [136.76, -12.47], [136.74, -12.48], [136.72, -12.46], [136.72, -12.47], [136.73, -12.48], [136.72, -12.49], [136.74, -12.52], [136.73, -12.53], [136.73, -12.54], [136.75, -12.53], [136.73, -12.56], [136.73, -12.55], [136.72, -12.55], [136.71, -12.57], [136.69, -12.57], [136.69, -12.59], [136.68, -12.58], [136.67, -12.59], [136.68, -12.6], [136.68, -12.59], [136.68, -12.6], [136.68, -12.59], [136.7, -12.59], [136.7, -12.57], [136.72, -12.57], [136.72, -12.56], [136.73, -12.57], [136.75, -12.55], [136.76, -12.58], [136.74, -12.58], [136.69, -12.63], [136.68, -12.67], [136.68, -12.69], [136.7, -12.7], [136.69, -12.71], [136.68, -12.7], [136.65, -12.71], [136.62, -12.69], [136.63, -12.7], [136.61, -12.71], [136.6, -12.74], [136.62, -12.76], [136.62, -12.77], [136.61, -12.81], [136.62, -12.84], [136.59, -12.82], [136.58, -12.8], [136.58, -12.78], [136.61, -12.79], [136.58, -12.77], [136.57, -12.76], [136.55, -12.74], [136.53, -12.75], [136.53, -12.76], [136.53, -12.8], [136.54, -12.81], [136.52, -12.81], [136.48, -12.77], [136.47, -12.78], [136.46, -12.77], [136.47, -12.79], [136.49, -12.8], [136.48, -12.84], [136.51, -12.85], [136.52, -12.88], [136.54, -12.88], [136.55, -12.87], [136.54, -12.9], [136.55, -12.92], [136.56, -12.92], [136.56, -12.91], [136.6, -12.93], [136.63, -12.95], [136.64, -12.95], [136.64, -12.99], [136.67, -13.0], [136.65, -13.02], [136.63, -13.02], [136.64, -13.0], [136.63, -12.99], [136.63, -12.97], [136.62, -12.97], [136.6, -12.98], [136.6, -12.99], [136.58, -13.0], [136.58, -13.02], [136.56, -13.02], [136.57, -13.0], [136.55, -12.99], [136.56, -12.98], [136.56, -12.96], [136.54, -12.97], [136.54, -12.98], [136.53, -12.98], [136.53, -12.99], [136.52, -12.98], [136.49, -12.99], [136.47, -12.98], [136.46, -12.98], [136.45, -12.99], [136.48, -13.0], [136.48, -13.01], [136.48, -13.0], [136.51, -13.0], [136.51, -13.02], [136.54, -13.02], [136.53, -13.05], [136.57, -13.06], [136.54, -13.11], [136.53, -13.15], [136.51, -13.14], [136.5, -13.14], [136.48, -13.17], [136.48, -13.18], [136.47, -13.2], [136.48, -13.23], [136.47, -13.25], [136.45, -13.25], [136.45, -13.22], [136.44, -13.22], [136.44, -13.23], [136.4, -13.24], [136.36, -13.31], [136.34, -13.33], [136.33, -13.32], [136.33, -13.31], [136.32, -13.3], [136.34, -13.28], [136.33, -13.25], [136.35, -13.25], [136.37, -13.25], [136.39, -13.23], [136.38, -13.2], [136.37, -13.2], [136.37, -13.17], [136.36, -13.15], [136.37, -13.14], [136.35, -13.12], [136.37, -13.11], [136.36, -13.09], [136.37, -13.07], [136.36, -13.06], [136.34, -13.04], [136.33, -13.03], [136.33, -13.05], [136.31, -13.07], [136.31, -13.09], [136.29, -13.11], [136.31, -13.11], [136.32, -13.12], [136.31, -13.14], [136.32, -13.16], [136.28, -13.17], [136.28, -13.15], [136.29, -13.15], [136.27, -13.16], [136.26, -13.15], [136.26, -13.13], [136.25, -13.12], [136.24, -13.15], [136.22, -13.14], [136.22, -13.15], [136.21, -13.15], [136.23, -13.16], [136.24, -13.17], [136.25, -13.17], [136.24, -13.19], [136.25, -13.21], [136.24, -13.2], [136.22, -13.2], [136.21, -13.23], [136.2, -13.25], [136.19, -13.24], [136.17, -13.23], [136.16, -13.24], [136.16, -13.25], [136.18, -13.27], [136.18, -13.28], [136.16, -13.27], [136.15, -13.22], [136.13, -13.21], [136.15, -13.18], [136.15, -13.15], [136.15, -13.12], [136.1, -13.16], [136.11, -13.17], [136.08, -13.21], [136.08, -13.23], [136.06, -13.23], [136.05, -13.23], [136.05, -13.25], [136.06, -13.26], [136.05, -13.31], [136.04, -13.3], [136.04, -13.29], [136.03, -13.24], [136.01, -13.21], [136.0, -13.21], [135.98, -13.22], [135.96, -13.29], [135.95, -13.25], [135.92, -13.27], [135.91, -13.29], [135.91, -13.3], [135.89, -13.32], [135.88, -13.36], [135.91, -13.38], [135.92, -13.38], [135.93, -13.4], [135.92, -13.4], [135.93, -13.42], [135.97, -13.41], [135.97, -13.4], [135.96, -13.45], [135.95, -13.45], [135.95, -13.44], [135.93, -13.44], [135.94, -13.46], [135.93, -13.47], [135.92, -13.46], [135.89, -13.43], [135.87, -13.43], [135.86, -13.44], [135.86, -13.48], [135.86, -13.52], [135.87, -13.53], [135.87, -13.56], [135.84, -13.57], [135.84, -13.59], [135.84, -13.61], [135.87, -13.62], [135.87, -13.66], [135.88, -13.67], [135.91, -13.66], [135.92, -13.68], [135.89, -13.69], [135.88, -13.7], [135.88, -13.71], [135.91, -13.75], [135.96, -13.74], [135.98, -13.73], [135.99, -13.71], [136.01, -13.71], [136.01, -13.69], [136.03, -13.68], [136.03, -13.65], [136.04, -13.66], [136.05, -13.64], [136.08, -13.66], [136.08, -13.67], [136.07, -13.67], [136.05, -13.68], [136.06, -13.69], [136.03, -13.72], [136.04, -13.75], [136.01, -13.76], [136.01, -13.79], [136.02, -13.83], [135.99, -13.86], [135.99, -13.9], [135.97, -13.91], [135.96, -13.95], [135.94, -13.95], [135.91, -13.99], [135.91, -14.04], [135.91, -14.07], [135.89, -14.09], [135.89, -14.11], [135.88, -14.17], [135.9, -14.19], [135.89, -14.18], [135.88, -14.18], [135.82, -14.23], [135.79, -14.23], [135.77, -14.26], [135.74, -14.28], [135.7, -14.27], [135.73, -14.3], [135.67, -14.4], [135.67, -14.42], [135.66, -14.42], [135.63, -14.42], [135.63, -14.43], [135.62, -14.42], [135.59, -14.48], [135.59, -14.51], [135.57, -14.51], [135.57, -14.54], [135.56, -14.54], [135.54, -14.56], [135.52, -14.63], [135.53, -14.64], [135.54, -14.64], [135.54, -14.65], [135.52, -14.65], [135.5, -14.68], [135.48, -14.67], [135.47, -14.68], [135.44, -14.69], [135.42, -14.74], [135.41, -14.74], [135.39, -14.72], [135.38, -14.73], [135.39, -14.77], [135.39, -14.81], [135.41, -14.85], [135.41, -14.87], [135.42, -14.87], [135.43, -14.89], [135.43, -14.91], [135.46, -14.95], [135.48, -14.98], [135.58, -15.05], [135.61, -15.05], [135.64, -15.04], [135.66, -15.05], [135.67, -15.07], [135.7, -15.09], [135.72, -15.12], [135.75, -15.12], [135.86, -15.18], [135.93, -15.25], [135.98, -15.29], [136.05, -15.32], [136.07, -15.34], [136.13, -15.36], [136.16, -15.39], [136.21, -15.39], [136.21, -15.4], [136.24, -15.42], [136.24, -15.45], [136.26, -15.5], [136.27, -15.54], [136.29, -15.57], [136.32, -15.59], [136.32, -15.63], [136.33, -15.6], [136.34, -15.61], [136.41, -15.63], [136.47, -15.67], [136.53, -15.73], [136.55, -15.73], [136.54, -15.74], [136.56, -15.74], [136.56, -15.75], [136.57, -15.74], [136.56, -15.73], [136.58, -15.73], [136.62, -15.71], [136.64, -15.67], [136.66, -15.68], [136.67, -15.66], [136.68, -15.67], [136.68, -15.68], [136.7, -15.68], [136.7, -15.7], [136.72, -15.7], [136.68, -15.78], [136.64, -15.77], [136.65, -15.78], [136.66, -15.78], [136.64, -15.79], [136.67, -15.79], [136.68, -15.81], [136.67, -15.81], [136.71, -15.86], [136.71, -15.88], [136.69, -15.9], [136.71, -15.93], [136.73, -15.93], [136.77, -15.89], [136.77, -15.91], [136.76, -15.92], [136.79, -15.9], [136.8, -15.91], [136.8, -15.9], [136.82, -15.9], [136.84, -15.91], [136.86, -15.91], [136.85, -15.92], [136.87, -15.91], [136.87, -15.92], [136.89, -15.92], [136.89, -15.93], [136.89, -15.92], [136.91, -15.93], [136.9, -15.94], [136.94, -15.93], [136.95, -15.94], [136.92, -15.92], [136.91, -15.9], [136.94, -15.88], [136.97, -15.87], [136.97, -15.86], [136.98, -15.85], [136.99, -15.88], [137.0, -15.88], [137.01, -15.88], [137.0, -15.87], [137.05, -15.92], [137.08, -15.94], [137.16, -15.97], [137.2, -16.0], [137.25, -16.01], [137.31, -16.09], [137.29, -16.08], [137.35, -16.11], [137.37, -16.13], [137.38, -16.14], [137.38, -16.13], [137.36, -16.12], [137.39, -16.13], [137.41, -16.14], [137.43, -16.14], [137.5, -16.17], [137.56, -16.17], [137.53, -16.16], [137.57, -16.17], [137.68, -16.22], [137.73, -16.23], [137.74, -16.26], [137.77, -16.29], [137.79, -16.33], [137.86, -16.42], [138.0, -16.54], [138.0, -26.0], [129.0, -26.0], [129.0, -14.88], [129.03, -14.89], [129.04, -14.91], [129.06, -14.91], [129.05, -14.9], [129.07, -14.89], [129.1, -14.92], [129.11, -14.93], [129.11, -14.99], [129.12, -14.95], [129.13, -14.95], [129.16, -14.97], [129.15, -14.98], [129.16, -14.97], [129.19, -14.99], [129.17, -15.05], [129.18, -15.08], [129.18, -15.09], [129.2, -15.1], [129.2, -15.12], [129.17, -15.15], [129.17, -15.17], [129.16, -15.18], [129.16, -15.2], [129.17, -15.2], [129.18, -15.18], [129.19, -15.19], [129.19, -15.17], [129.2, -15.15], [129.2, -15.16], [129.23, -15.18], [129.22, -15.15], [129.24, -15.13], [129.24, -15.11], [129.25, -15.09], [129.24, -15.07], [129.25, -15.06], [129.26, -15.03], [129.26, -15.04], [129.26, -15.06], [129.26, -15.04], [129.28, -15.03], [129.29, -15.04], [129.3, -15.04], [129.29, -15.04], [129.28, -15.03], [129.27, -15.03], [129.23, -15.01], [129.24, -14.99], [129.23, -14.92], [129.24, -14.91], [129.22, -14.86], [129.23, -14.84], [129.24, -14.84], [129.24, -14.85], [129.26, -14.85], [129.26, -14.87], [129.32, -14.86], [129.33, -14.87], [129.35, -14.87], [129.37, -14.9], [129.39, -14.91], [129.41, -14.92], [129.44, -14.92], [129.48, -14.94], [129.52, -15.01], [129.52, -15.03], [129.56, -15.05], [129.6, -15.11], [129.6, -15.13], [129.56, -15.16], [129.56, -15.17], [129.56, -15.18], [129.58, -15.16], [129.61, -15.15], [129.63, -15.14], [129.66, -15.14], [129.67, -15.15], [129.68, -15.14], [129.69, -15.13], [129.65, -15.1], [129.64, -15.07], [129.64, -15.04], [129.66, -15.03], [129.65, -15.02], [129.64, -15.03], [129.62, -15.0], [129.62, -14.95], [129.61, -14.95], [129.6, -14.96], [129.6, -14.97], [129.59, -14.97], [129.55, -14.88], [129.54, -14.87], [129.53, -14.84], [129.5, -14.8], [129.5, -14.79], [129.53, -14.81], [129.57, -14.85], [129.59, -14.89], [129.62, -14.88], [129.59, -14.84], [129.57, -14.81], [129.58, -14.8], [129.63, -14.84], [129.65, -14.83], [129.68, -14.85], [129.74, -14.85], [129.77, -14.84], [129.77, -14.85], [129.8, -14.86], [129.85, -14.84], [129.85, -14.83], [129.88, -14.82], [129.89, -14.81], [129.88, -14.81], [129.86, -14.81], [129.86, -14.8], [129.88, -14.8], [129.9, -14.77], [129.87, -14.78], [129.84, -14.81], [129.81, -14.82], [129.8, -14.82], [129.77, -14.83], [129.76, -14.82], [129.75, -14.81], [129.78, -14.8], [129.79, -14.77], [129.8, -14.77], [129.81, -14.76], [129.8, -14.77], [129.79, -14.76], [129.78, -14.77], [129.77, -14.78], [129.76, -14.78], [129.73, -14.79], [129.67, -14.76], [129.66, -14.75], [129.66, -14.73], [129.64, -14.72], [129.62, -14.68], [129.6, -14.67], [129.59, -14.66], [129.58, -14.64], [129.58, -14.62], [129.69, -14.61], [129.72, -14.58], [129.76, -14.57], [129.77, -14.55], [129.77, -14.54], [129.67, -14.58], [129.57, -14.56], [129.56, -14.55], [129.53, -14.55], [129.49, -14.5], [129.52, -14.47], [129.51, -14.47], [129.49, -14.46], [129.51, -14.47], [129.48, -14.5], [129.47, -14.46], [129.48, -14.45], [129.47, -14.46], [129.46, -14.44], [129.46, -14.45], [129.45, -14.45], [129.47, -14.46], [129.47, -14.49], [129.45, -14.51], [129.45, -14.5], [129.45, -14.48], [129.42, -14.47], [129.42, -14.45], [129.4, -14.42], [129.4, -14.43], [129.38, -14.42], [129.36, -14.42], [129.36, -14.38], [129.37, -14.35], [129.37, -14.34], [129.39, -14.32], [129.41, -14.29], [129.42, -14.29], [129.42, -14.28], [129.41, -14.28], [129.41, -14.24], [129.43, -14.23], [129.45, -14.19], [129.46, -14.19], [129.5, -14.13], [129.51, -14.13], [129.5, -14.12], [129.51, -14.1], [129.5, -14.08], [129.49, -14.08], [129.48, -14.05], [129.49, -14.05], [129.52, -14.08], [129.53, -14.05], [129.54, -14.06], [129.54, -14.08], [129.54, -14.09], [129.53, -14.13], [129.54, -14.14], [129.56, -14.14], [129.55, -14.11], [129.57, -14.08], [129.59, -14.09], [129.61, -14.07], [129.61, -14.05], [129.59, -14.03], [129.6, -14.01], [129.61, -14.04], [129.64, -14.05], [129.72, -14.01], [129.75, -13.98], [129.75, -13.95], [129.75, -13.92], [129.74, -13.9], [129.72, -13.9], [129.72, -13.88], [129.72, -13.85], [129.74, -13.83], [129.78, -13.79], [129.79, -13.79], [129.79, -13.77], [129.79, -13.67], [129.83, -13.56], [129.83, -13.52], [129.82, -13.5], [129.83, -13.51], [129.87, -13.5], [129.89, -13.5], [129.87, -13.49], [129.87, -13.48], [129.9, -13.44], [129.9, -13.5], [129.91, -13.51], [129.96, -13.54], [130.01, -13.53], [130.06, -13.5], [130.11, -13.46], [130.13, -13.47], [130.14, -13.46], [130.18, -13.41], [130.2, -13.37], [130.21, -13.37], [130.24, -13.34], [130.28, -13.33], [130.28, -13.31], [130.24, -13.28], [130.23, -13.25], [130.16, -13.18], [130.13, -13.18], [130.12, -13.16], [130.12, -13.13], [130.13, -13.11], [130.12, -13.08], [130.14, -13.0], [130.13, -12.97], [130.14, -12.93], [130.16, -12.93], [130.18, -12.91], [130.19, -12.91], [130.19, -12.93], [130.21, -12.95], [130.25, -12.95], [130.34, -12.89], [130.33, -12.88], [130.36, -12.81], [130.35, -12.8], [130.36, -12.73], [130.35, -12.72], [130.35, -12.67], [130.37, -12.68], [130.38, -12.68], [130.4, -12.7], [130.41, -12.69], [130.4, -12.68], [130.39, -12.66], [130.41, -12.66], [130.42, -12.66], [130.42, -12.65], [130.44, -12.63], [130.44, -12.65], [130.46, -12.64], [130.49, -12.67], [130.51, -12.67], [130.52, -12.69], [130.5, -12.72], [130.51, -12.72], [130.52, -12.73]]], [[[137.11, -15.77], [137.1, -15.81], [137.07, -15.83], [137.07, -15.85], [137.04, -15.84], [137.04, -15.82], [137.03, -15.8], [137.02, -15.81], [136.99, -15.79], [136.99, -15.76], [136.98, -15.76], [136.98, -15.75], [136.97, -15.75], [136.98, -15.74], [136.97, -15.74], [136.98, -15.72], [136.98, -15.71], [136.96, -15.73], [136.96, -15.71], [136.95, -15.72], [136.95, -15.74], [136.95, -15.73], [136.94, -15.74], [136.94, -15.73], [136.93, -15.73], [136.94, -15.72], [136.93, -15.7], [136.94, -15.69], [136.92, -15.68], [136.94, -15.69], [136.95, -15.68], [136.94, -15.67], [136.95, -15.66], [136.94, -15.66], [136.95, -15.66], [136.96, -15.64], [136.97, -15.64], [136.97, -15.66], [136.98, -15.67], [136.99, -15.66], [136.98, -15.66], [136.98, -15.63], [137.0, -15.62], [136.99, -15.58], [137.02, -15.59], [137.03, -15.64], [137.05, -15.64], [137.06, -15.63], [137.07, -15.63], [137.06, -15.64], [137.06, -15.65], [137.08, -15.66], [137.09, -15.71], [137.08, -15.74], [137.08, -15.75], [137.07, -15.75], [137.08, -15.75], [137.08, -15.76], [137.11, -15.77]]], [[[136.96, -14.17], [136.95, -14.19], [136.94, -14.19], [136.93, -14.2], [136.94, -14.21], [136.95, -14.22], [136.95, -14.23], [136.96, -14.24], [136.94, -14.26], [136.95, -14.28], [136.96, -14.28], [136.94, -14.28], [136.94, -14.29], [136.95, -14.29], [136.95, -14.3], [136.91, -14.28], [136.9, -14.3], [136.9, -14.31], [136.9, -14.3], [136.89, -14.31], [136.88, -14.3], [136.86, -14.28], [136.85, -14.28], [136.84, -14.3], [136.83, -14.28], [136.82, -14.28], [136.81, -14.29], [136.82, -14.29], [136.81, -14.29], [136.8, -14.29], [136.81, -14.28], [136.81, -14.27], [136.76, -14.26], [136.69, -14.28], [136.68, -14.29], [136.68, -14.3], [136.67, -14.29], [136.65, -14.3], [136.65, -14.29], [136.63, -14.28], [136.63, -14.27], [136.54, -14.25], [136.52, -14.23], [136.49, -14.24], [136.46, -14.22], [136.45, -14.2], [136.44, -14.2], [136.4, -14.2], [136.36, -14.22], [136.32, -14.25], [136.32, -14.21], [136.41, -14.17], [136.42, -14.15], [136.42, -14.14], [136.44, -14.12], [136.43, -14.09], [136.43, -14.08], [136.42, -14.06], [136.42, -14.0], [136.41, -13.98], [136.44, -13.89], [136.43, -13.87], [136.41, -13.85], [136.41, -13.83], [136.42, -13.82], [136.43, -13.82], [136.45, -13.82], [136.44, -13.83], [136.46, -13.82], [136.46, -13.83], [136.5, -13.84], [136.52, -13.82], [136.52, -13.79], [136.53, -13.79], [136.54, -13.79], [136.54, -13.81], [136.55, -13.82], [136.56, -13.82], [136.57, -13.83], [136.57, -13.8], [136.58, -13.81], [136.6, -13.81], [136.59, -13.79], [136.62, -13.79], [136.64, -13.78], [136.63, -13.78], [136.63, -13.77], [136.61, -13.76], [136.62, -13.74], [136.61, -13.73], [136.59, -13.72], [136.59, -13.7], [136.57, -13.69], [136.58, -13.69], [136.61, -13.68], [136.62, -13.69], [136.64, -13.69], [136.62, -13.71], [136.63, -13.72], [136.65, -13.7], [136.66, -13.7], [136.66, -13.69], [136.68, -13.7], [136.68, -13.68], [136.69, -13.65], [136.7, -13.66], [136.71, -13.66], [136.72, -13.67], [136.73, -13.65], [136.73, -13.69], [136.72, -13.72], [136.71, -13.72], [136.69, -13.73], [136.68, -13.74], [136.69, -13.75], [136.69, -13.74], [136.69, -13.76], [136.7, -13.77], [136.74, -13.77], [136.71, -13.79], [136.72, -13.81], [136.73, -13.82], [136.72, -13.84], [136.73, -13.84], [136.75, -13.83], [136.81, -13.86], [136.84, -13.84], [136.85, -13.82], [136.84, -13.8], [136.81, -13.81], [136.8, -13.83], [136.81, -13.8], [136.84, -13.78], [136.84, -13.75], [136.86, -13.76], [136.89, -13.75], [136.91, -13.76], [136.92, -13.81], [136.91, -13.81], [136.88, -13.84], [136.86, -13.89], [136.86, -13.91], [136.81, -13.9], [136.79, -13.91], [136.78, -13.93], [136.76, -14.0], [136.78, -14.02], [136.81, -14.02], [136.81, -14.04], [136.78, -14.04], [136.78, -14.06], [136.78, -14.05], [136.76, -14.05], [136.75, -14.07], [136.75, -14.09], [136.74, -14.08], [136.74, -14.07], [136.72, -14.07], [136.72, -14.08], [136.71, -14.09], [136.72, -14.1], [136.71, -14.1], [136.7, -14.11], [136.71, -14.14], [136.72, -14.14], [136.71, -14.17], [136.73, -14.19], [136.79, -14.19], [136.79, -14.18], [136.77, -14.17], [136.78, -14.16], [136.78, -14.14], [136.79, -14.15], [136.8, -14.15], [136.81, -14.16], [136.84, -14.18], [136.85, -14.21], [136.87, -14.21], [136.89, -14.2], [136.91, -14.17], [136.91, -14.14], [136.93, -14.14], [136.92, -14.15], [136.93, -14.16], [136.95, -14.16], [136.96, -14.17]]], [[[136.9, -15.59], [136.9, -15.6], [136.89, -15.59], [136.88, -15.61], [136.86, -15.61], [136.88, -15.62], [136.88, -15.61], [136.88, -15.64], [136.85, -15.65], [136.84, -15.63], [136.85, -15.62], [136.83, -15.62], [136.84, -15.61], [136.83, -15.6], [136.86, -15.58], [136.85, -15.57], [136.84, -15.56], [136.84, -15.54], [136.86, -15.53], [136.87, -15.51], [136.87, -15.52], [136.88, -15.51], [136.87, -15.53], [136.89, -15.58], [136.9, -15.59]]], [[[136.84, -15.58], [136.83, -15.59], [136.8, -15.58], [136.8, -15.57], [136.78, -15.58], [136.77, -15.58], [136.79, -15.56], [136.83, -15.56], [136.84, -15.56], [136.83, -15.57], [136.84, -15.57], [136.84, -15.58]]], [[[136.84, -15.69], [136.81, -15.7], [136.8, -15.7], [136.8, -15.69], [136.79, -15.68], [136.78, -15.7], [136.8, -15.7], [136.8, -15.72], [136.78, -15.75], [136.76, -15.74], [136.75, -15.75], [136.74, -15.76], [136.73, -15.76], [136.73, -15.73], [136.74, -15.71], [136.75, -15.72], [136.75, -15.71], [136.73, -15.7], [136.74, -15.7], [136.73, -15.68], [136.74, -15.67], [136.74, -15.65], [136.77, -15.64], [136.78, -15.65], [136.79, -15.64], [136.83, -15.66], [136.83, -15.68], [136.84, -15.69]]], [[[136.77, -11.03], [136.73, -11.11], [136.74, -11.13], [136.72, -11.15], [136.71, -11.18], [136.72, -11.19], [136.71, -11.19], [136.71, -11.21], [136.69, -11.22], [136.68, -11.21], [136.67, -11.22], [136.68, -11.25], [136.67, -11.25], [136.66, -11.26], [136.65, -11.26], [136.64, -11.28], [136.63, -11.28], [136.63, -11.29], [136.62, -11.3], [136.63, -11.33], [136.62, -11.33], [136.6, -11.35], [136.59, -11.38], [136.56, -11.4], [136.56, -11.42], [136.54, -11.43], [136.54, -11.44], [136.52, -11.44], [136.53, -11.44], [136.52, -11.43], [136.5, -11.44], [136.5, -11.46], [136.48, -11.46], [136.47, -11.45], [136.49, -11.44], [136.5, -11.42], [136.5, -11.39], [136.52, -11.4], [136.52, -11.38], [136.53, -11.38], [136.53, -11.37], [136.55, -11.36], [136.55, -11.35], [136.56, -11.35], [136.57, -11.34], [136.58, -11.32], [136.58, -11.28], [136.62, -11.24], [136.62, -11.21], [136.63, -11.2], [136.63, -11.21], [136.64, -11.21], [136.66, -11.18], [136.67, -11.2], [136.69, -11.19], [136.71, -11.17], [136.7, -11.15], [136.71, -11.13], [136.69, -11.12], [136.72, -11.12], [136.72, -11.11], [136.7, -11.09], [136.73, -11.1], [136.74, -11.08], [136.73, -11.06], [136.71, -11.05], [136.73, -11.04], [136.74, -11.05], [136.75, -11.05], [136.74, -11.03], [136.75, -11.03], [136.76, -11.02], [136.77, -11.03]]], [[[136.63, -11.74], [136.59, -11.76], [136.58, -11.77], [136.59, -11.78], [136.58, -11.79], [136.51, -11.8], [136.52, -11.79], [136.53, -11.78], [136.53, -11.76], [136.55, -11.77], [136.55, -11.78], [136.56, -11.78], [136.56, -11.77], [136.57, -11.78], [136.57, -11.76], [136.59, -11.76], [136.58, -11.76], [136.59, -11.74], [136.61, -11.75], [136.61, -11.74], [136.63, -11.74]]], [[[136.62, -15.56], [136.6, -15.56], [136.6, -15.58], [136.6, -15.62], [136.61, -15.62], [136.59, -15.63], [136.59, -15.65], [136.57, -15.65], [136.55, -15.64], [136.54, -15.65], [136.52, -15.65], [136.49, -15.64], [136.51, -15.62], [136.5, -15.59], [136.52, -15.58], [136.52, -15.56], [136.51, -15.54], [136.53, -15.54], [136.53, -15.53], [136.57, -15.53], [136.58, -15.51], [136.61, -15.52], [136.62, -15.56]]], [[[136.54, -13.77], [136.52, -13.79], [136.5, -13.78], [136.49, -13.76], [136.47, -13.75], [136.47, -13.72], [136.5, -13.71], [136.5, -13.72], [136.51, -13.72], [136.52, -13.71], [136.51, -13.7], [136.53, -13.7], [136.54, -13.74], [136.53, -13.75], [136.54, -13.77]]], [[[136.5, -11.8], [136.49, -11.82], [136.5, -11.82], [136.48, -11.85], [136.49, -11.88], [136.48, -11.9], [136.46, -11.9], [136.47, -11.9], [136.46, -11.89], [136.47, -11.88], [136.46, -11.87], [136.47, -11.86], [136.47, -11.84], [136.46, -11.84], [136.48, -11.82], [136.48, -11.8], [136.5, -11.8]]], [[[136.47, -11.47], [136.46, -11.5], [136.47, -11.51], [136.45, -11.53], [136.43, -11.54], [136.43, -11.55], [136.41, -11.54], [136.4, -11.55], [136.37, -11.57], [136.37, -11.53], [136.38, -11.55], [136.39, -11.53], [136.4, -11.52], [136.4, -11.53], [136.42, -11.51], [136.43, -11.49], [136.45, -11.49], [136.46, -11.47], [136.47, -11.47]]], [[[136.43, -11.88], [136.43, -11.89], [136.41, -11.89], [136.4, -11.9], [136.39, -11.91], [136.37, -11.9], [136.4, -11.89], [136.4, -11.88], [136.41, -11.88], [136.41, -11.86], [136.42, -11.87], [136.43, -11.87], [136.43, -11.88]]], [[[136.38, -11.58], [136.37, -11.6], [136.36, -11.59], [136.34, -11.61], [136.33, -11.62], [136.32, -11.62], [136.3, -11.64], [136.29, -11.62], [136.26, -11.62], [136.26, -11.63], [136.27, -11.63], [136.27, -11.64], [136.26, -11.66], [136.23, -11.67], [136.23, -11.66], [136.22, -11.65], [136.21, -11.66], [136.21, -11.67], [136.2, -11.67], [136.17, -11.69], [136.16, -11.69], [136.16, -11.68], [136.18, -11.68], [136.17, -11.66], [136.17, -11.64], [136.21, -11.66], [136.21, -11.64], [136.23, -11.65], [136.23, -11.63], [136.22, -11.62], [136.24, -11.62], [136.24, -11.6], [136.27, -11.57], [136.27, -11.59], [136.28, -11.58], [136.28, -11.6], [136.32, -11.6], [136.31, -11.59], [136.3, -11.59], [136.3, -11.58], [136.31, -11.57], [136.32, -11.59], [136.34, -11.59], [136.34, -11.58], [136.35, -11.58], [136.35, -11.56], [136.36, -11.56], [136.36, -11.55], [136.37, -11.57], [136.37, -11.58], [136.38, -11.58]]], [[[136.15, -12.05], [136.14, -12.04], [136.13, -12.04], [136.13, -12.03], [136.15, -12.03], [136.15, -12.04], [136.16, -12.04], [136.17, -12.03], [136.17, -12.01], [136.19, -12.03], [136.19, -12.0], [136.2, -12.01], [136.2, -12.0], [136.21, -12.01], [136.2, -12.02], [136.22, -12.04], [136.26, -12.01], [136.27, -12.0], [136.28, -11.98], [136.31, -11.97], [136.3, -11.99], [136.31, -11.99], [136.32, -11.99], [136.31, -12.01], [136.28, -12.03], [136.2, -12.06], [136.19, -12.08], [136.18, -12.08], [136.16, -12.07], [136.13, -12.07], [136.12, -12.06], [136.12, -12.05], [136.14, -12.06], [136.15, -12.05]]], [[[136.3, -13.73], [136.27, -13.74], [136.25, -13.75], [136.25, -13.76], [136.28, -13.76], [136.28, -13.78], [136.28, -13.79], [136.27, -13.79], [136.26, -13.78], [136.25, -13.83], [136.24, -13.84], [136.25, -13.85], [136.2, -13.85], [136.21, -13.82], [136.19, -13.79], [136.19, -13.77], [136.15, -13.78], [136.14, -13.79], [136.16, -13.8], [136.16, -13.82], [136.17, -13.82], [136.17, -13.83], [136.13, -13.84], [136.11, -13.82], [136.12, -13.79], [136.11, -13.76], [136.11, -13.73], [136.12, -13.72], [136.13, -13.74], [136.14, -13.74], [136.15, -13.75], [136.17, -13.75], [136.18, -13.74], [136.17, -13.73], [136.18, -13.72], [136.17, -13.71], [136.19, -13.7], [136.19, -13.68], [136.18, -13.68], [136.2, -13.67], [136.22, -13.66], [136.25, -13.67], [136.25, -13.69], [136.27, -13.69], [136.27, -13.71], [136.29, -13.71], [136.3, -13.73]]], [[[136.21, -13.45], [136.19, -13.47], [136.18, -13.46], [136.17, -13.47], [136.17, -13.49], [136.15, -13.47], [136.14, -13.47], [136.14, -13.49], [136.15, -13.5], [136.16, -13.49], [136.17, -13.51], [136.17, -13.52], [136.16, -13.52], [136.15, -13.53], [136.15, -13.56], [136.14, -13.56], [136.13, -13.54], [136.15, -13.51], [136.14, -13.5], [136.13, -13.5], [136.13, -13.49], [136.12, -13.48], [136.14, -13.45], [136.13, -13.43], [136.14, -13.42], [136.13, -13.37], [136.09, -13.36], [136.12, -13.36], [136.14, -13.39], [136.15, -13.38], [136.16, -13.42], [136.18, -13.43], [136.18, -13.44], [136.21, -13.45]]], [[[136.06, -11.65], [135.99, -11.72], [135.99, -11.7], [135.98, -11.71], [135.95, -11.7], [135.96, -11.67], [136.0, -11.65], [136.01, -11.65], [136.02, -11.64], [136.03, -11.65], [136.05, -11.64], [136.06, -11.65]]], [[[135.98, -11.74], [135.96, -11.76], [135.94, -11.76], [135.94, -11.75], [135.94, -11.74], [135.95, -11.74], [135.95, -11.73], [135.98, -11.73], [135.98, -11.74]]], [[[135.74, -11.94], [135.76, -11.91], [135.78, -11.91], [135.83, -11.86], [135.83, -11.87], [135.84, -11.84], [135.85, -11.85], [135.87, -11.83], [135.88, -11.8], [135.9, -11.81], [135.9, -11.79], [135.89, -11.8], [135.89, -11.79], [135.87, -11.78], [135.86, -11.77], [135.88, -11.76], [135.89, -11.76], [135.91, -11.76], [135.91, -11.77], [135.93, -11.78], [135.94, -11.8], [135.91, -11.82], [135.9, -11.85], [135.86, -11.88], [135.8, -11.96], [135.78, -11.98], [135.74, -11.98], [135.73, -12.0], [135.64, -12.02], [135.61, -12.03], [135.59, -12.06], [135.56, -12.07], [135.56, -12.06], [135.55, -12.05], [135.56, -12.03], [135.56, -12.01], [135.59, -11.98], [135.59, -11.97], [135.58, -11.96], [135.59, -11.95], [135.61, -11.96], [135.62, -11.96], [135.62, -11.97], [135.63, -11.98], [135.66, -11.96], [135.67, -11.95], [135.67, -11.94], [135.74, -11.94]]], [[[135.77, -14.88], [135.76, -14.9], [135.73, -14.89], [135.71, -14.91], [135.69, -14.9], [135.72, -14.88], [135.72, -14.86], [135.71, -14.85], [135.73, -14.83], [135.75, -14.84], [135.76, -14.85], [135.77, -14.88]]], [[[134.99, -12.04], [134.96, -12.05], [134.96, -12.06], [134.94, -12.06], [134.93, -12.04], [134.91, -12.03], [134.91, -12.02], [134.95, -12.01], [134.99, -12.04]]], [[[134.93, -12.09], [134.9, -12.14], [134.87, -12.13], [134.87, -12.12], [134.86, -12.11], [134.87, -12.07], [134.85, -12.04], [134.88, -12.06], [134.91, -12.07], [134.93, -12.09]]], [[[133.49, -11.51], [133.49, -11.52], [133.43, -11.51], [133.42, -11.53], [133.38, -11.54], [133.4, -11.51], [133.39, -11.49], [133.42, -11.49], [133.47, -11.46], [133.49, -11.51]]], [[[133.48, -11.62], [133.45, -11.62], [133.43, -11.63], [133.42, -11.65], [133.42, -11.63], [133.39, -11.63], [133.4, -11.66], [133.4, -11.67], [133.37, -11.68], [133.36, -11.66], [133.36, -11.64], [133.35, -11.62], [133.39, -11.6], [133.41, -11.58], [133.44, -11.59], [133.44, -11.6], [133.44, -11.59], [133.47, -11.59], [133.48, -11.62]]], [[[132.92, -11.17], [132.91, -11.16], [132.9, -11.15], [132.9, -11.16], [132.88, -11.17], [132.87, -11.16], [132.86, -11.15], [132.86, -11.14], [132.88, -11.15], [132.92, -11.14], [132.92, -11.17]]], [[[132.59, -10.99], [132.58, -11.01], [132.6, -11.12], [132.61, -11.13], [132.6, -11.14], [132.59, -11.14], [132.58, -11.16], [132.59, -11.18], [132.6, -11.18], [132.6, -11.17], [132.62, -11.17], [132.63, -11.19], [132.62, -11.19], [132.6, -11.2], [132.6, -11.22], [132.62, -11.23], [132.62, -11.28], [132.6, -11.3], [132.59, -11.36], [132.58, -11.34], [132.57, -11.33], [132.56, -11.31], [132.54, -11.25], [132.47, -11.16], [132.48, -11.15], [132.49, -11.16], [132.51, -11.14], [132.5, -11.12], [132.51, -11.09], [132.51, -11.08], [132.49, -11.08], [132.46, -11.03], [132.5, -11.06], [132.52, -11.05], [132.53, -11.04], [132.55, -11.05], [132.53, -11.04], [132.55, -11.04], [132.56, -11.03], [132.56, -10.99], [132.56, -10.98], [132.6, -10.97], [132.59, -10.99]]], [[[132.42, -12.12], [132.41, -12.14], [132.39, -12.14], [132.35, -12.11], [132.34, -12.09], [132.38, -12.07], [132.4, -12.08], [132.41, -12.09], [132.42, -12.12]]], [[[130.4, -11.36], [130.4, -11.37], [130.39, -11.37], [130.38, -11.35], [130.4, -11.32], [130.41, -11.32], [130.41, -11.3], [130.4, -11.3], [130.39, -11.28], [130.39, -11.27], [130.37, -11.26], [130.36, -11.25], [130.37, -11.17], [130.4, -11.17], [130.42, -11.19], [130.41, -11.17], [130.49, -11.26], [130.51, -11.28], [130.5, -11.27], [130.5, -11.28], [130.54, -11.28], [130.55, -11.27], [130.59, -11.29], [130.6, -11.32], [130.59, -11.32], [130.59, -11.34], [130.58, -11.33], [130.59, -11.34], [130.57, -11.34], [130.55, -11.36], [130.56, -11.38], [130.57, -11.4], [130.58, -11.4], [130.6, -11.39], [130.62, -11.39], [130.64, -11.37], [130.64, -11.36], [130.66, -11.34], [130.66, -11.4], [130.68, -11.43], [130.68, -11.44], [130.7, -11.44], [130.69, -11.46], [130.71, -11.49], [130.7, -11.49], [130.71, -11.51], [130.71, -11.49], [130.72, -11.51], [130.71, -11.49], [130.72, -11.47], [130.76, -11.48], [130.76, -11.5], [130.79, -11.51], [130.81, -11.53], [130.81, -11.54], [130.82, -11.54], [130.79, -11.49], [130.77, -11.48], [130.77, -11.47], [130.76, -11.46], [130.75, -11.45], [130.74, -11.44], [130.73, -11.43], [130.72, -11.42], [130.7, -11.42], [130.71, -11.42], [130.7, -11.43], [130.7, -11.39], [130.73, -11.39], [130.74, -11.38], [130.76, -11.38], [130.77, -11.36], [130.81, -11.36], [130.85, -11.35], [130.9, -11.31], [130.92, -11.31], [130.96, -11.33], [130.95, -11.33], [130.99, -11.34], [130.99, -11.35], [131.03, -11.37], [131.05, -11.34], [131.04, -11.32], [131.07, -11.3], [131.08, -11.3], [131.08, -11.31], [131.09, -11.3], [131.09, -11.33], [131.09, -11.32], [131.1, -11.32], [131.1, -11.31], [131.11, -11.31], [131.09, -11.3], [131.11, -11.28], [131.11, -11.26], [131.15, -11.25], [131.17, -11.27], [131.16, -11.28], [131.17, -11.29], [131.17, -11.31], [131.19, -11.33], [131.2, -11.31], [131.21, -11.31], [131.21, -11.34], [131.23, -11.31], [131.22, -11.31], [131.22, -11.3], [131.19, -11.3], [131.2, -11.28], [131.2, -11.27], [131.2, -11.24], [131.25, -11.22], [131.25, -11.19], [131.26, -11.19], [131.27, -11.2], [131.26, -11.21], [131.28, -11.19], [131.28, -11.2], [131.29, -11.19], [131.32, -11.23], [131.3, -11.26], [131.3, -11.27], [131.31, -11.27], [131.32, -11.27], [131.32, -11.28], [131.33, -11.28], [131.33, -11.26], [131.35, -11.25], [131.37, -11.26], [131.37, -11.28], [131.38, -11.3], [131.4, -11.29], [131.4, -11.27], [131.4, -11.26], [131.44, -11.27], [131.44, -11.29], [131.43, -11.3], [131.46, -11.33], [131.46, -11.35], [131.47, -11.37], [131.47, -11.39], [131.48, -11.4], [131.47, -11.4], [131.47, -11.41], [131.46, -11.41], [131.46, -11.42], [131.48, -11.4], [131.49, -11.39], [131.5, -11.38], [131.51, -11.4], [131.52, -11.39], [131.54, -11.41], [131.53, -11.42], [131.54, -11.45], [131.53, -11.48], [131.51, -11.47], [131.49, -11.47], [131.48, -11.49], [131.46, -11.5], [131.45, -11.55], [131.46, -11.57], [131.46, -11.58], [131.47, -11.59], [131.47, -11.61], [131.43, -11.61], [131.4, -11.59], [131.37, -11.58], [131.38, -11.59], [131.37, -11.61], [131.36, -11.6], [131.36, -11.61], [131.37, -11.6], [131.37, -11.61], [131.35, -11.65], [131.34, -11.66], [131.33, -11.68], [131.28, -11.74], [131.25, -11.73], [131.18, -11.79], [131.08, -11.84], [131.05, -11.88], [131.02, -11.89], [130.99, -11.91], [131.0, -11.91], [130.98, -11.93], [130.95, -11.94], [130.92, -11.9], [130.86, -11.85], [130.8, -11.85], [130.72, -11.8], [130.69, -11.8], [130.68, -11.78], [130.68, -11.76], [130.64, -11.75], [130.62, -11.72], [130.6, -11.72], [130.59, -11.7], [130.57, -11.7], [130.56, -11.67], [130.53, -11.68], [130.49, -11.65], [130.48, -11.62], [130.48, -11.59], [130.49, -11.59], [130.49, -11.56], [130.49, -11.55], [130.46, -11.54], [130.45, -11.52], [130.43, -11.5], [130.43, -11.47], [130.42, -11.45], [130.43, -11.43], [130.41, -11.41], [130.41, -11.37], [130.4, -11.36]]], [[[130.21, -11.71], [130.21, -11.72], [130.22, -11.73], [130.24, -11.75], [130.24, -11.72], [130.22, -11.72], [130.23, -11.72], [130.23, -11.7], [130.21, -11.69], [130.22, -11.67], [130.23, -11.69], [130.23, -11.68], [130.26, -11.71], [130.28, -11.7], [130.3, -11.73], [130.31, -11.73], [130.29, -11.69], [130.26, -11.7], [130.25, -11.68], [130.26, -11.68], [130.27, -11.66], [130.25, -11.67], [130.24, -11.66], [130.22, -11.63], [130.21, -11.64], [130.19, -11.64], [130.2, -11.59], [130.2, -11.57], [130.19, -11.57], [130.17, -11.56], [130.19, -11.54], [130.2, -11.52], [130.22, -11.51], [130.23, -11.53], [130.24, -11.53], [130.24, -11.54], [130.26, -11.54], [130.26, -11.57], [130.27, -11.57], [130.26, -11.56], [130.27, -11.55], [130.28, -11.54], [130.26, -11.54], [130.26, -11.53], [130.24, -11.52], [130.24, -11.5], [130.23, -11.5], [130.23, -11.48], [130.23, -11.5], [130.21, -11.51], [130.2, -11.51], [130.19, -11.48], [130.16, -11.49], [130.15, -11.48], [130.17, -11.46], [130.18, -11.43], [130.23, -11.41], [130.25, -11.37], [130.24, -11.39], [130.25, -11.4], [130.25, -11.38], [130.25, -11.35], [130.28, -11.34], [130.29, -11.36], [130.29, -11.34], [130.3, -11.34], [130.34, -11.32], [130.32, -11.33], [130.34, -11.33], [130.36, -11.38], [130.38, -11.41], [130.39, -11.42], [130.4, -11.43], [130.4, -11.45], [130.39, -11.47], [130.38, -11.48], [130.38, -11.49], [130.38, -11.51], [130.4, -11.54], [130.43, -11.55], [130.45, -11.57], [130.46, -11.58], [130.46, -11.62], [130.45, -11.63], [130.46, -11.63], [130.47, -11.67], [130.52, -11.69], [130.56, -11.69], [130.56, -11.71], [130.58, -11.71], [130.59, -11.73], [130.62, -11.73], [130.64, -11.76], [130.61, -11.82], [130.6, -11.83], [130.58, -11.83], [130.57, -11.81], [130.56, -11.82], [130.57, -11.82], [130.55, -11.82], [130.5, -11.83], [130.39, -11.8], [130.37, -11.78], [130.31, -11.77], [130.13, -11.83], [130.06, -11.82], [130.05, -11.82], [130.02, -11.8], [130.02, -11.78], [130.03, -11.76], [130.08, -11.77], [130.06, -11.75], [130.08, -11.67], [130.09, -11.67], [130.12, -11.71], [130.16, -11.71], [130.2, -11.65], [130.21, -11.66], [130.2, -11.69], [130.22, -11.7], [130.21, -11.71]]], [[[130.54, -12.7], [130.54, -12.71], [130.53, -12.7], [130.52, -12.66], [130.5, -12.65], [130.49, -12.62], [130.49, -12.6], [130.48, -12.58], [130.51, -12.57], [130.52, -12.56], [130.52, -12.59], [130.51, -12.59], [130.5, -12.61], [130.51, -12.62], [130.52, -12.65], [130.54, -12.68], [130.54, -12.7]]], [[[130.08, -13.17], [130.07, -13.18], [130.05, -13.18], [130.04, -13.18], [130.02, -13.18], [130.02, -13.11], [130.03, -13.15], [130.06, -13.15], [130.08, -13.17]]]]}}, {"type": "Feature", "properties": {"state": "Australian Capital Territory", "code": "ACT", "city": "Canberra", "grocery_index": 103.8, "weekly": 63.29}, "geometry": {"type": "Polygon", "coordinates": [[[149.4, -35.32], [149.35, -35.35], [149.34, -35.34], [149.25, -35.33], [149.21, -35.35], [149.15, -35.41], [149.14, -35.43], [149.16, -35.44], [149.14, -35.45], [149.15, -35.51], [149.13, -35.55], [149.14, -35.59], [149.08, -35.58], [149.08, -35.59], [149.09, -35.64], [149.1, -35.65], [149.1, -35.68], [149.11, -35.7], [149.09, -35.77], [149.1, -35.8], [149.09, -35.82], [149.1, -35.85], [149.06, -35.87], [149.05, -35.92], [149.01, -35.9], [148.96, -35.9], [148.91, -35.85], [148.91, -35.83], [148.89, -35.81], [148.9, -35.79], [148.89, -35.77], [148.9, -35.76], [148.89, -35.75], [148.89, -35.72], [148.88, -35.71], [148.87, -35.72], [148.86, -35.76], [148.86, -35.75], [148.84, -35.74], [148.82, -35.72], [148.79, -35.7], [148.8, -35.67], [148.77, -35.65], [148.78, -35.63], [148.77, -35.6], [148.79, -35.59], [148.77, -35.57], [148.78, -35.56], [148.77, -35.54], [148.77, -35.53], [148.76, -35.5], [148.77, -35.49], [148.77, -35.47], [148.79, -35.43], [148.79, -35.41], [148.8, -35.41], [148.8, -35.39], [148.81, -35.38], [148.79, -35.34], [148.81, -35.31], [149.12, -35.12], [149.14, -35.13], [149.14, -35.14], [149.15, -35.14], [149.16, -35.14], [149.17, -35.16], [149.19, -35.17], [149.18, -35.18], [149.2, -35.19], [149.19, -35.2], [149.21, -35.21], [149.2, -35.23], [149.21, -35.22], [149.24, -35.22], [149.25, -35.23], [149.23, -35.24], [149.27, -35.26], [149.27, -35.27], [149.32, -35.28], [149.32, -35.29], [149.34, -35.29], [149.36, -35.31], [149.39, -35.3], [149.4, -35.32]], [[149.15, -35.3], [149.14, -35.29], [149.12, -35.29], [149.11, -35.28], [149.1, -35.29], [149.09, -35.29], [149.08, -35.3], [149.07, -35.3], [149.08, -35.3], [149.1, -35.29], [149.1, -35.3], [149.13, -35.29], [149.14, -35.31], [149.15, -35.3]]]}}]}